Workbook
Name _?: [1]손익합산!$L$5:$L$92
Name ___________________BOR2: [2]Borrower!$B$10:$F$325
Name ___________________Rat1: [3]Variables!$B$18
Name ___________________Rat2: [3]Variables!$B$19
Name ___________________Rat3: [3]Variables!$B$20
Name ___________________Rat4: [3]Variables!$B$21
Name __________________BOR2: [2]Borrower!$B$10:$F$325
Name __________________Rat1: [3]Variables!$B$18
Name __________________Rat2: [3]Variables!$B$19
Name __________________Rat3: [3]Variables!$B$20
Name __________________Rat4: [3]Variables!$B$21
Name _________________BOR2: [2]Borrower!$B$10:$F$325
Name _________________Rat1: [3]Variables!$B$18
Name _________________Rat2: [3]Variables!$B$19
Name _________________Rat3: [3]Variables!$B$20
Name _________________Rat4: [3]Variables!$B$21
Name ________________BOR2: [2]Borrower!$B$10:$F$325
Name ________________Rat1: [3]Variables!$B$18
Name ________________Rat2: [3]Variables!$B$19
Name ________________Rat3: [3]Variables!$B$20
Name ________________Rat4: [3]Variables!$B$21
Name _______________BOR2: [2]Borrower!$B$10:$F$325
Name _______________Rat1: [3]Variables!$B$18
Name _______________Rat2: [3]Variables!$B$19
Name _______________Rat3: [3]Variables!$B$20
Name _______________Rat4: [3]Variables!$B$21
Name ______________BOR2: [2]Borrower!$B$10:$F$325
Name ______________Rat1: [3]Variables!$B$18
Name ______________Rat2: [3]Variables!$B$19
Name ______________Rat3: [3]Variables!$B$20
Name ______________Rat4: [3]Variables!$B$21
Name _____________BOR2: [2]Borrower!$B$10:$F$325
Name _____________Rat1: [3]Variables!$B$18
Name _____________Rat2: [3]Variables!$B$19
Name _____________Rat3: [3]Variables!$B$20
Name _____________Rat4: [3]Variables!$B$21
Name ____________BOR2: [2]Borrower!$B$10:$F$325
Name ____________Rat1: [3]Variables!$B$18
Name ____________Rat2: [3]Variables!$B$19
Name ____________Rat3: [3]Variables!$B$20
Name ____________Rat4: [3]Variables!$B$21
Name ___________BOR2: [2]Borrower!$B$10:$F$325
Name ___________Rat1: [3]Variables!$B$18
Name ___________Rat2: [3]Variables!$B$19
Name ___________Rat3: [3]Variables!$B$20
Name ___________Rat4: [3]Variables!$B$21
Name __________BOR2: [2]Borrower!$B$10:$F$325
Name __________Rat1: [3]Variables!$B$18
Name __________Rat2: [3]Variables!$B$19
Name __________Rat3: [3]Variables!$B$20
Name __________Rat4: [3]Variables!$B$21
Name _________BOR2: [2]Borrower!$B$10:$F$325
Name _________Rat1: [3]Variables!$B$18
Name _________Rat2: [3]Variables!$B$19
Name _________Rat3: [3]Variables!$B$20
Name _________Rat4: [3]Variables!$B$21
Name ________BOR2: [2]Borrower!$B$10:$F$325
Name ________Rat1: [3]Variables!$B$18
Name ________Rat2: [3]Variables!$B$19
Name ________Rat3: [3]Variables!$B$20

Sheet 현금흐름취합
A1: 차주No | B1: 차주명 | C1: 안 | D1: 시나리오 | E1: Pool | F1: Description | G1: Rate | H1: OPB | I1: 할인율 | J1: 연체이자율 | K1: Loan cap 여부 | L1: 조기변제가능성 | M1: XNPV | N1: SUM | O1: 45747 | P1: 45777 | Q1: 45808 | R1: 45838 | S1: 45869 | T1: 45900 | U1: 45930 | V1: 45961 | W1: 45991 | X1: 46022 | Y1: 46053 | Z1: 46081 | AA1: 46112 | AB1: 46142 | AC1: 46173 | AD1: 46203 | AE1: 46234 | AF1: 46265 | AG1: 46295 | AH1: 46326 | AI1: 46356 | AJ1: 46387 | AK1: 46418 | AL1: 46446 | AM1: 46477 | AN1: 46507 | AO1: 46538 | AP1: 46568 | AQ1: 46599 | AR1: 46630 | AS1: 46660 | AT1: 46691 | AU1: 46721 | AV1: 46752 | AW1: 46783 | AX1: 46812 | AY1: 46843 | AZ1: 46873 | BA1: 46904 | BB1: 46934 | BC1: 46965 | BD1: 46996 | BE1: 47026 | BF1: 47057 | BG1: 47087 | BH1: 47118 | BI1: 47149 | BJ1: 47177 | BK1: 47208 | BL1: 47238 | BM1: 47269 | BN1: 47299 | BO1: 47330 | BP1: 47361 | BQ1: 47391 | BR1: 47422 | BS1: 47452 | BT1: 47483 | BU1: 47514 | BV1: 47542 | BW1: 47573 | BX1: 47603 | BY1: 47634 | BZ1: 47664 | CA1: 47695 | CB1: 47726 | CC1: 47756 | CD1: 47787 | CE1: 47817 | CF1: 47848 | CG1: 47879 | CH1: 47907 | CI1: 47938 | CJ1: 47968 | CK1: 47999 | CL1: 48029 | CM1: 48060 | CN1: 48091 | CO1: 48121 | CP1: 48152 | CQ1: 48182 | CR1: 48213 | CS1: 48244 | CT1: 48273 | CU1: 48304 | CV1: 48334 | CW1: 48365 | CX1: 48395 | CY1: 48426 | CZ1: 48457 | DA1: 48487 | DB1: 48518 | DC1: 48548 | DD1: 48579 | DE1: 48610 | DF1: 48638 | DG1: 48669 | DH1: 48699 | DI1: 48730 | DJ1: 48760 | DK1: 48791 | DL1: 48822 | DM1: 48852 | DN1: 48883 | DO1: 48913 | DP1: 48944 | DQ1: 48975 | DR1: 49003 | DS1: 49034 | DT1: 49064 | DU1: 49095 | DV1: 49125 | DW1: 49156 | DX1: 49187 | DY1: 49217 | DZ1: 49248 | EA1: 49278 | EB1: 49309 | EC1: 49340 | ED1: 49368 | EE1: 49399
A2: R-030 | B2: 나모테크 | C2: R-030-1안 | D2: 1안 | E2: A | F2: 경매진행중인바, 경매 Flow에 의한 낙찰 가정함 | G2: 0.85035711 | H2: 3204362755 | I2: 0.12 | J2: 0.087996377 | K2: N/A | L2: N | M2: 2.7248526e+09 | N2: 2.9189945e+09 | O2: 1.2369612e+09 | P2: 0 | Q2: 0 | R2: 0 | S2: 0 | T2: 0 | U2: 0 | V2: 0 | W2: 0 | X2: 0 | Y2: 0 | Z2: 0 | AA2: 0 | AB2: 1.6820333e+09 | AC2: 0 | AD2: 0 | AE2: 0 | AF2: 0 | AG2: 0 | AH2: 0 | AI2: 0 | AJ2: 0 | AK2: 0 | AL2: 0 | AM2: 0 | AN2: 0 | AO2: 0 | AP2: 0 | AQ2: 0 | AR2: 0 | AS2: 0 | AT2: 0 | AU2: 0 | AV2: 0 | AW2: 0 | AX2: 0 | AY2: 0 | AZ2: 0 | BA2: 0 | BB2: 0 | BC2: 0 | BD2: 0 | BE2: 0 | BF2: 0 | BG2: 0 | BH2: 0 | BI2: 0 | BJ2: 0 | BK2: 0 | BL2: 0 | BM2: 0 | BN2: 0 | BO2: 0 | BP2: 0 | BQ2: 0 | BR2: 0 | BS2: 0 | BT2: 0 | BU2: 0 | BV2: 0 | BW2: 0 | BX2: 0 | BY2: 0 | BZ2: 0 | CA2: 0 | CB2: 0 | CC2: 0 | CD2: 0 | CE2: 0 | CF2: 0 | CG2: 0 | CH2: 0 | CI2: 0 | CJ2: 0 | CK2: 0 | CL2: 0 | CM2: 0 | CN2: 0 | CO2: 0 | CP2: 0 | CQ2: 0 | CR2: 0 | CS2: 0 | CT2: 0 | CU2: 0 | CV2: 0 | CW2: 0 | CX2: 0 | CY2: 0 | CZ2: 0 | DA2: 0 | DB2: 0 | DC2: 0 | DD2: 0 | DE2: 0 | DF2: 0 | DG2: 0 | DH2: 0 | DI2: 0 | DJ2: 0 | DK2: 0 | DL2: 0 | DM2: 0 | DN2: 0 | DO2: 0 | DP2: 0 | DQ2: 0 | DR2: 0 | DS2: 0 | DT2: 0 | DU2: 0 | DV2: 0 | DW2: 0 | DX2: 0 | DY2: 0 | DZ2: 0 | EA2: 0 | EB2: 0 | EC2: 0 | ED2: 0 | EE2: 0
A3: R-030 | B3: 나모테크 | C3: R-030-2안 | D3: 2안 | E3: A | F3: 경매진행중인바, 경매 Flow에 의한 낙찰 가정함 | G3: 0.86417637 | H3: 3204362755 | I3: 0.12 | J3: 0.087996377 | K3: N/A | L3: N | M3: 2.7691346e+09 | N3: 2.9690544e+09 | O3: 1.2369612e+09 | P3: 0 | Q3: 0 | R3: 0 | S3: 0 | T3: 0 | U3: 0 | V3: 0 | W3: 0 | X3: 0 | Y3: 0 | Z3: 0 | AA3: 0 | AB3: 1.7320932e+09 | AC3: 0 | AD3: 0 | AE3: 0 | AF3: 0 | AG3: 0 | AH3: 0 | AI3: 0 | AJ3: 0 | AK3: 0 | AL3: 0 | AM3: 0 | AN3: 0 | AO3: 0 | AP3: 0 | AQ3: 0 | AR3: 0 | AS3: 0 | AT3: 0 | AU3: 0 | AV3: 0 | AW3: 0 | AX3: 0 | AY3: 0 | AZ3: 0 | BA3: 0 | BB3: 0 | BC3: 0 | BD3: 0 | BE3: 0 | BF3: 0 | BG3: 0 | BH3: 0 | BI3: 0 | BJ3: 0 | BK3: 0 | BL3: 0 | BM3: 0 | BN3: 0 | BO3: 0 | BP3: 0 | BQ3: 0 | BR3: 0 | BS3: 0 | BT3: 0 | BU3: 0 | BV3: 0 | BW3: 0 | BX3: 0 | BY3: 0 | BZ3: 0 | CA3: 0 | CB3: 0 | CC3: 0 | CD3: 0 | CE3: 0 | CF3: 0 | CG3: 0 | CH3: 0 | CI3: 0 | CJ3: 0 | CK3: 0 | CL3: 0 | CM3: 0 | CN3: 0 | CO3: 0 | CP3: 0 | CQ3: 0 | CR3: 0 | CS3: 0 | CT3: 0 | CU3: 0 | CV3: 0 | CW3: 0 | CX3: 0 | CY3: 0 | CZ3: 0 | DA3: 0 | DB3: 0 | DC3: 0 | DD3: 0 | DE3: 0 | DF3: 0 | DG3: 0 | DH3: 0 | DI3: 0 | DJ3: 0 | DK3: 0 | DL3: 0 | DM3: 0 | DN3: 0 | DO3: 0 | DP3: 0 | DQ3: 0 | DR3: 0 | DS3: 0 | DT3: 0 | DU3: 0 | DV3: 0 | DW3: 0 | DX3: 0 | DY3: 0 | DZ3: 0 | EA3: 0 | EB3: 0 | EC3: 0 | ED3: 0 | EE3: 0
A4: R-031 | B4: 봄디자인 | C4: R-031-1안 | D4: 1안 | E4: A | F4: 현재 경매진행중인바, 경매를 통한 회수를 가정함. | G4: 0.73629374 | H4: 3225812792 | I4: 0.12 | J4: 0.088238938 | K4: N/A | L4: N | M4: 2.3751458e+09 | N4: 2.562077e+09 | O4: 0 | P4: 0 | Q4: 0 | R4: 0 | S4: 0 | T4: 0 | U4: 0 | V4: 0 | W4: 2.562077e+09 | X4: 0 | Y4: 0 | Z4: 0 | AA4: 0 | AB4: 0 | AC4: 0 | AD4: 0 | AE4: 0 | AF4: 0 | AG4: 0 | AH4: 0 | AI4: 0 | AJ4: 0 | AK4: 0 | AL4: 0 | AM4: 0 | AN4: 0 | AO4: 0 | AP4: 0 | AQ4: 0 | AR4: 0 | AS4: 0 | AT4: 0 | AU4: 0 | AV4: 0 | AW4: 0 | AX4: 0 | AY4: 0 | AZ4: 0 | BA4: 0 | BB4: 0 | BC4: 0 | BD4: 0 | BE4: 0 | BF4: 0 | BG4: 0 | BH4: 0 | BI4: 0 | BJ4: 0 | BK4: 0 | BL4: 0 | BM4: 0 | BN4: 0 | BO4: 0 | BP4: 0 | BQ4: 0 | BR4: 0 | BS4: 0 | BT4: 0 | BU4: 0 | BV4: 0 | BW4: 0 | BX4: 0 | BY4: 0 | BZ4: 0 | CA4: 0 | CB4: 0 | CC4: 0 | CD4: 0 | CE4: 0 | CF4: 0 | CG4: 0 | CH4: 0 | CI4: 0 | CJ4: 0 | CK4: 0 | CL4: 0 | CM4: 0 | CN4: 0 | CO4: 0 | CP4: 0 | CQ4: 0 | CR4: 0 | CS4: 0 | CT4: 0 | CU4: 0 | CV4: 0 | CW4: 0 | CX4: 0 | CY4: 0 | CZ4: 0 | DA4: 0 | DB4: 0 | DC4: 0 | DD4: 0 | DE4: 0 | DF4: 0 | DG4: 0 | DH4: 0 | DI4: 0 | DJ4: 0 | DK4: 0 | DL4: 0 | DM4: 0 | DN4: 0 | DO4: 0 | DP4: 0 | DQ4: 0 | DR4: 0 | DS4: 0 | DT4: 0 | DU4: 0 | DV4: 0 | DW4: 0 | DX4: 0 | DY4: 0 | DZ4: 0 | EA4: 0 | EB4: 0 | EC4: 0 | ED4: 0 | EE4: 0
A5: R-031 | B5: 봄디자인 | C5: R-031-2안 | D5: 2안 | E5: A | F5: 현재 경매진행중인바, 경매를 통한 회수를 가정함. | G5: 0.76359038 | H5: 3225812792 | I5: 0.12 | J5: 0.088238938 | K5: N/A | L5: N | M5: 2.4631996e+09 | N5: 2.657061e+09 | O5: 0 | P5: 0 | Q5: 0 | R5: 0 | S5: 0 | T5: 0 | U5: 0 | V5: 0 | W5: 2.657061e+09 | X5: 0 | Y5: 0 | Z5: 0 | AA5: 0 | AB5: 0 | AC5: 0 | AD5: 0 | AE5: 0 | AF5: 0 | AG5: 0 | AH5: 0 | AI5: 0 | AJ5: 0 | AK5: 0 | AL5: 0 | AM5: 0 | AN5: 0 | AO5: 0 | AP5: 0 | AQ5: 0 | AR5: 0 | AS5: 0 | AT5: 0 | AU5: 0 | AV5: 0 | AW5: 0 | AX5: 0 | AY5: 0 | AZ5: 0 | BA5: 0 | BB5: 0 | BC5: 0 | BD5: 0 | BE5: 0 | BF5: 0 | BG5: 0 | BH5: 0 | BI5: 0 | BJ5: 0 | BK5: 0 | BL5: 0 | BM5: 0 | BN5: 0 | BO5: 0 | BP5: 0 | BQ5: 0 | BR5: 0 | BS5: 0 | BT5: 0 | BU5: 0 | BV5: 0 | BW5: 0 | BX5: 0 | BY5: 0 | BZ5: 0 | CA5: 0 | CB5: 0 | CC5: 0 | CD5: 0 | CE5: 0 | CF5: 0 | CG5: 0 | CH5: 0 | CI5: 0 | CJ5: 0 | CK5: 0 | CL5: 0 | CM5: 0 | CN5: 0 | CO5: 0 | CP5: 0 | CQ5: 0 | CR5: 0 | CS5: 0 | CT5: 0 | CU5: 0 | CV5: 0 | CW5: 0 | CX5: 0 | CY5: 0 | CZ5: 0 | DA5: 0 | DB5: 0 | DC5: 0 | DD5: 0 | DE5: 0 | DF5: 0 | DG5: 0 | DH5: 0 | DI5: 0 | DJ5: 0 | DK5: 0 | DL5: 0 | DM5: 0 | DN5: 0 | DO5: 0 | DP5: 0 | DQ5: 0 | DR5: 0 | DS5: 0 | DT5: 0 | DU5: 0 | DV5: 0 | DW5: 0 | DX5: 0 | DY5: 0 | DZ5: 0 | EA5: 0 | EB5: 0 | EC5: 0 | ED5: 0 | EE5: 0
A6: R-049 | B6: 한신에스텍 | C6: R-049-1안 | D6: 1안 | E6: A | F6: 현재 경매진행중인바, 경매를 통한 회수를 가정함. | G6: 0.61636196 | H6: 2200636350 | I6: 0.12 | J6: 0.091556548 | K6: N/A | L6: N | M6: 1.3563885e+09 | N6: 1.4919189e+09 | O6: -3407700 | P6: 0 | Q6: 0 | R6: 0 | S6: 0 | T6: 0 | U6: 0 | V6: 0 | W6: 0 | X6: 0 | Y6: 1.4953266e+09 | Z6: 0 | AA6: 0 | AB6: 0 | AC6: 0 | AD6: 0 | AE6: 0 | AF6: 0 | AG6: 0 | AH6: 0 | AI6: 0 | AJ6: 0 | AK6: 0 | AL6: 0 | AM6: 0 | AN6: 0 | AO6: 0 | AP6: 0 | AQ6: 0 | AR6: 0 | AS6: 0 | AT6: 0 | AU6: 0 | AV6: 0 | AW6: 0 | AX6: 0 | AY6: 0 | AZ6: 0 | BA6: 0 | BB6: 0 | BC6: 0 | BD6: 0 | BE6: 0 | BF6: 0 | BG6: 0 | BH6: 0 | BI6: 0 | BJ6: 0 | BK6: 0 | BL6: 0 | BM6: 0 | BN6: 0 | BO6: 0 | BP6: 0 | BQ6: 0 | BR6: 0 | BS6: 0 | BT6: 0 | BU6: 0 | BV6: 0 | BW6: 0 | BX6: 0 | BY6: 0 | BZ6: 0 | CA6: 0 | CB6: 0 | CC6: 0 | CD6: 0 | CE6: 0 | CF6: 0 | CG6: 0 | CH6: 0 | CI6: 0 | CJ6: 0 | CK6: 0 | CL6: 0 | CM6: 0 | CN6: 0 | CO6: 0 | CP6: 0 | CQ6: 0 | CR6: 0 | CS6: 0 | CT6: 0 | CU6: 0 | CV6: 0 | CW6: 0 | CX6: 0 | CY6: 0 | CZ6: 0 | DA6: 0 | DB6: 0 | DC6: 0 | DD6: 0 | DE6: 0 | DF6: 0 | DG6: 0 | DH6: 0 | DI6: 0 | DJ6: 0 | DK6: 0 | DL6: 0 | DM6: 0 | DN6: 0 | DO6: 0 | DP6: 0 | DQ6: 0 | DR6: 0 | DS6: 0 | DT6: 0 | DU6: 0 | DV6: 0 | DW6: 0 | DX6: 0 | DY6: 0 | DZ6: 0 | EA6: 0 | EB6: 0 | EC6: 0 | ED6: 0 | EE6: 0
A7: R-049 | B7: 한신에스텍 | C7: R-049-2안 | D7: 2안 | E7: A | F7: 현재 경매진행중인바, 경매를 통한 회수를 가정함. | G7: 0.63840648 | H7: 2200636350 | I7: 0.12 | J7: 0.091556548 | K7: N/A | L7: N | M7: 1.4049005e+09 | N7: 1.5452661e+09 | O7: -3407700 | P7: 0 | Q7: 0 | R7: 0 | S7: 0 | T7: 0 | U7: 0 | V7: 0 | W7: 0 | X7: 0 | Y7: 1.5486738e+09 | Z7: 0 | AA7: 0 | AB7: 0 | AC7: 0 | AD7: 0 | AE7: 0 | AF7: 0 | AG7: 0 | AH7: 0 | AI7: 0 | AJ7: 0 | AK7: 0 | AL7: 0 | AM7: 0 | AN7: 0 | AO7: 0 | AP7: 0 | AQ7: 0 | AR7: 0 | AS7: 0 | AT7: 0 | AU7: 0 | AV7: 0 | AW7: 0 | AX7: 0 | AY7: 0 | AZ7: 0 | BA7: 0 | BB7: 0 | BC7: 0 | BD7: 0 | BE7: 0 | BF7: 0 | BG7: 0 | BH7: 0 | BI7: 0 | BJ7: 0 | BK7: 0 | BL7: 0 | BM7: 0 | BN7: 0 | BO7: 0 | BP7: 0 | BQ7: 0 | BR7: 0 | BS7: 0 | BT7: 0 | BU7: 0 | BV7: 0 | BW7: 0 | BX7: 0 | BY7: 0 | BZ7: 0 | CA7: 0 | CB7: 0 | CC7: 0 | CD7: 0 | CE7: 0 | CF7: 0 | CG7: 0 | CH7: 0 | CI7: 0 | CJ7: 0 | CK7: 0 | CL7: 0 | CM7: 0 | CN7: 0 | CO7: 0 | CP7: 0 | CQ7: 0 | CR7: 0 | CS7: 0 | CT7: 0 | CU7: 0 | CV7: 0 | CW7: 0 | CX7: 0 | CY7: 0 | CZ7: 0 | DA7: 0 | DB7: 0 | DC7: 0 | DD7: 0 | DE7: 0 | DF7: 0 | DG7: 0 | DH7: 0 | DI7: 0 | DJ7: 0 | DK7: 0 | DL7: 0 | DM7: 0 | DN7: 0 | DO7: 0 | DP7: 0 | DQ7: 0 | DR7: 0 | DS7: 0 | DT7: 0 | DU7: 0 | DV7: 0 | DW7: 0 | DX7: 0 | DY7: 0 | DZ7: 0 | EA7: 0 | EB7: 0 | EC7: 0 | ED7: 0 | EE7: 0
A8: R-050 | B8: 대한도장 | C8: R-050-1안 | D8: 1안 | E8: A | F8: 현재 경매진행중인바, 경매를 통한 회수를 가정함. | G8: 0.84591743 | H8: 2167609790 | I8: 0.12 | J8: 0.080975 | K8: N/A | L8: N | M8: 1.8336189e+09 | N8: 2.012255e+09 | O8: 5.7041261e+08 | P8: 0 | Q8: 0 | R8: 0 | S8: 0 | T8: 0 | U8: 0 | V8: 0 | W8: 0 | X8: 0 | Y8: 0 | Z8: 0 | AA8: 0 | AB8: 0 | AC8: 1.4418424e+09 | AD8: 0 | AE8: 0 | AF8: 0 | AG8: 0 | AH8: 0 | AI8: 0 | AJ8: 0 | AK8: 0 | AL8: 0 | AM8: 0 | AN8: 0 | AO8: 0 | AP8: 0 | AQ8: 0 | AR8: 0 | AS8: 0 | AT8: 0 | AU8: 0 | AV8: 0 | AW8: 0 | AX8: 0 | AY8: 0 | AZ8: 0 | BA8: 0 | BB8: 0 | BC8: 0 | BD8: 0 | BE8: 0 | BF8: 0 | BG8: 0 | BH8: 0 | BI8: 0 | BJ8: 0 | BK8: 0 | BL8: 0 | BM8: 0 | BN8: 0 | BO8: 0 | BP8: 0 | BQ8: 0 | BR8: 0 | BS8: 0 | BT8: 0 | BU8: 0 | BV8: 0 | BW8: 0 | BX8: 0 | BY8: 0 | BZ8: 0 | CA8: 0 | CB8: 0 | CC8: 0 | CD8: 0 | CE8: 0 | CF8: 0 | CG8: 0 | CH8: 0 | CI8: 0 | CJ8: 0 | CK8: 0 | CL8: 0 | CM8: 0 | CN8: 0 | CO8: 0 | CP8: 0 | CQ8: 0 | CR8: 0 | CS8: 0 | CT8: 0 | CU8: 0 | CV8: 0 | CW8: 0 | CX8: 0 | CY8: 0 | CZ8: 0 | DA8: 0 | DB8: 0 | DC8: 0 | DD8: 0 | DE8: 0 | DF8: 0 | DG8: 0 | DH8: 0 | DI8: 0 | DJ8: 0 | DK8: 0 | DL8: 0 | DM8: 0 | DN8: 0 | DO8: 0 | DP8: 0 | DQ8: 0 | DR8: 0 | DS8: 0 | DT8: 0 | DU8: 0 | DV8: 0 | DW8: 0 | DX8: 0 | DY8: 0 | DZ8: 0 | EA8: 0 | EB8: 0 | EC8: 0 | ED8: 0 | EE8: 0
A9: R-050 | B9: 대한도장 | C9: R-050-2안 | D9: 2안 | E9: A | F9: 현재 경매진행중인바, 경매를 통한 회수를 가정함. | G9: 0.86610445 | H9: 2167609790 | I9: 0.12 | J9: 0.080975 | K9: N/A | L9: N | M9: 1.8773765e+09 | N9: 2.0622005e+09 | O9: 5.7041261e+08 | P9: 0 | Q9: 0 | R9: 0 | S9: 0 | T9: 0 | U9: 0 | V9: 0 | W9: 0 | X9: 0 | Y9: 0 | Z9: 0 | AA9: 0 | AB9: 0 | AC9: 1.4917879e+09 | AD9: 0 | AE9: 0 | AF9: 0 | AG9: 0 | AH9: 0 | AI9: 0 | AJ9: 0 | AK9: 0 | AL9: 0 | AM9: 0 | AN9: 0 | AO9: 0 | AP9: 0 | AQ9: 0 | AR9: 0 | AS9: 0 | AT9: 0 | AU9: 0 | AV9: 0 | AW9: 0 | AX9: 0 | AY9: 0 | AZ9: 0 | BA9: 0 | BB9: 0 | BC9: 0 | BD9: 0 | BE9: 0 | BF9: 0 | BG9: 0 | BH9: 0 | BI9: 0 | BJ9: 0 | BK9: 0 | BL9: 0 | BM9: 0 | BN9: 0 | BO9: 0 | BP9: 0 | BQ9: 0 | BR9: 0 | BS9: 0 | BT9: 0 | BU9: 0 | BV9: 0 | BW9: 0 | BX9: 0 | BY9: 0 | BZ9: 0 | CA9: 0 | CB9: 0 | CC9: 0 | CD9: 0 | CE9: 0 | CF9: 0 | CG9: 0 | CH9: 0 | CI9: 0 | CJ9: 0 | CK9: 0 | CL9: 0 | CM9: 0 | CN9: 0 | CO9: 0 | CP9: 0 | CQ9: 0 | CR9: 0 | CS9: 0 | CT9: 0 | CU9: 0 | CV9: 0 | CW9: 0 | CX9: 0 | CY9: 0 | CZ9: 0 | DA9: 0 | DB9: 0 | DC9: 0 | DD9: 0 | DE9: 0 | DF9: 0 | DG9: 0 | DH9: 0 | DI9: 0 | DJ9: 0 | DK9: 0 | DL9: 0 | DM9: 0 | DN9: 0 | DO9: 0 | DP9: 0 | DQ9: 0 | DR9: 0 | DS9: 0 | DT9: 0 | DU9: 0 | DV9: 0 | DW9: 0 | DX9: 0 | DY9: 0 | DZ9: 0 | EA9: 0 | EB9: 0 | EC9: 0 | ED9: 0 | EE9: 0

Sheet 검증
A1: 차주No | B1: 차주명 | C1: 안 | D1: 시나리오 | E1: 1,2안 역전 | F1: Pool | G1: Pool 검증 | H1: Description | I1: Rate | J1: Rate검증 | K1: OPB | L1: OPB검증 | M1: 할인율 | N1: 할인율검증 | O1: 연체이자율 | P1: Loan cap 여부 | Q1: 조기변제가능성 | R1: XNPV | S1: XNPV검증 | T1: SUM | U1: SUM검증 | V1: 인터림금액 | W1: 차이금액 | X1: 사유 | Y1: c-date보증서금액 | Z1: 인터림보증서(원금) | AA1: 차이 | AB1: 사유 | AC1: 45747 | AD1: 45777 | AE1: 45808 | AF1: 45838 | AG1: 45869 | AH1: 45900 | AI1: 45930 | AJ1: 45961 | AK1: 45991 | AL1: 46022 | AM1: 46053 | AN1: 46081 | AO1: 46112 | AP1: 46142 | AQ1: 46173 | AR1: 46203 | AS1: 46234 | AT1: 46265 | AU1: 46295 | AV1: 46326 | AW1: 46356 | AX1: 46387 | AY1: 46418 | AZ1: 46446 | BA1: 46477 | BB1: 46507 | BC1: 46538 | BD1: 46568 | BE1: 46599 | BF1: 46630 | BG1: 46660 | BH1: 46691 | BI1: 46721 | BJ1: 46752 | BK1: 46783 | BL1: 46812 | BM1: 46843 | BN1: 46873 | BO1: 46904 | BP1: 46934 | BQ1: 46965 | BR1: 46996 | BS1: 47026 | BT1: 47057 | BU1: 47087 | BV1: 47118 | BW1: 47149 | BX1: 47177 | BY1: 47208 | BZ1: 47238 | CA1: 47269 | CB1: 47299 | CC1: 47330 | CD1: 47361 | CE1: 47391 | CF1: 47422 | CG1: 47452 | CH1: 47483 | CI1: 47514 | CJ1: 47542 | CK1: 47573 | CL1: 47603 | CM1: 47634 | CN1: 47664 | CO1: 47695 | CP1: 47726 | CQ1: 47756 | CR1: 47787 | CS1: 47817 | CT1: 47848 | CU1: 47879 | CV1: 47907 | CW1: 47938 | CX1: 47968 | CY1: 47999 | CZ1: 48029 | DA1: 48060 | DB1: 48091 | DC1: 48121 | DD1: 48152 | DE1: 48182 | DF1: 48213 | DG1: 48244 | DH1: 48273 | DI1: 48304 | DJ1: 48334 | DK1: 48365 | DL1: 48395 | DM1: 48426 | DN1: 48457 | DO1: 48487 | DP1: 48518 | DQ1: 48548 | DR1: 48579 | DS1: 48610 | DT1: 48638 | DU1: 48669 | DV1: 48699 | DW1: 48730 | DX1: 48760 | DY1: 48791 | DZ1: 48822 | EA1: 48852 | EB1: 48883 | EC1: 48913 | ED1: 48944 | EE1: 48975 | EF1: 49003 | EG1: 49034 | EH1: 49064 | EI1: 49095 | EJ1: 49125 | EK1: 49156 | EL1: 49187 | EM1: 49217 | EN1: 49248 | EO1: 49278 | EP1: 49309 | EQ1: 49340 | ER1: 49368 | ES1: 49399
A2: =현금흐름취합!A2 -> R-030 | B2: =현금흐름취합!B2 -> 나모테크 | C2: =현금흐름취합!C2 -> R-030-1안 | D2: =현금흐름취합!D2 -> 1안 | F2: =현금흐름취합!E2 -> A | G2: =IF(F2="A","ok","pool 고치세요") -> ok | H2: =현금흐름취합!F2 -> 경매진행중인바, 경매 Flow에 의한 낙찰 가정함 | I2: =현금흐름취합!G2 -> 0.85035711 | J2: =R2/K2=I2 -> TRUE | K2: =현금흐름취합!H2 -> 3204362755 | L2: =VLOOKUP(A2,'Sheet A'!$E$11:$K$60,7,0)=K2 -> TRUE | M2: =현금흐름취합!I2 -> 0.12 | N2: =IF(M2=12%,"OK","검토요") -> OK | O2: =현금흐름취합!J2 -> 0.087996377 | P2: =현금흐름취합!K2 -> N/A | Q2: =현금흐름취합!L2 -> N | R2: =현금흐름취합!M2 -> 2.7248526e+09 | S2: =XNPV(M2,AC2:ES2,$AC$1:$ES$1)=R2 -> TRUE | T2: =현금흐름취합!N2 -> 2.9189945e+09 | U2: =SUM(AC2:ES2)=T2 -> TRUE | V2: =SUMIF(일반여신!$E$10:$E$35,검증!A2,일반여신!$O$10:$O$35)*0.985-SUMIF(가지급금!$E$10:$E$180,A2,가지급금!$K$10:$K$180)+SUMIF(가지급금!$E$10:$E$180,검증!A2,가지급금!$O$10:$O$180)*0.985 -> -784300 | W2: =V2-AC2 -> -1.2377455e+09 | X2: 대위변체 추정 | Y2: =SUMIF('Sheet D'!$E$11:$E$60,A2,'Sheet D'!$P$11:$P$60) -> 1219320000 | Z2: =SUMIFS(일반여신!$M$10:$M$35,일반여신!$E$10:$E$35,A2,일반여신!$P$10:$P$35,"신용보증서 대위변제") -> 0 | AA2: =Z2-Y2 -> -1219320000 | AB2: 대위변체 추정 | AC2: =현금흐름취합!O2 -> 1.2369612e+09 | AD2: =현금흐름취합!P2 -> 0 | AE2: =현금흐름취합!Q2 -> 0 | AF2: =현금흐름취합!R2 -> 0 | AG2: =현금흐름취합!S2 -> 0 | AH2: =현금흐름취합!T2 -> 0 | AI2: =현금흐름취합!U2 -> 0 | AJ2: =현금흐름취합!V2 -> 0 | ... ES2: =현금흐름취합!EE2 -> 0
A3: =현금흐름취합!A3 -> R-030 | B3: =현금흐름취합!B3 -> 나모테크 | C3: =현금흐름취합!C3 -> R-030-2안 | D3: =현금흐름취합!D3 -> 2안 | E3: =IF(R2>R3,"역전현상","이상없음") -> 이상없음 | F3: =현금흐름취합!E3 -> A | G3: =IF(F3="A","ok","pool 고치세요") -> ok | H3: =현금흐름취합!F3 -> 경매진행중인바, 경매 Flow에 의한 낙찰 가정함 | I3: =현금흐름취합!G3 -> 0.86417637 | J3: =R3/K3=I3 -> TRUE | K3: =현금흐름취합!H3 -> 3204362755 | L3: =VLOOKUP(A3,'Sheet A'!$E$11:$K$60,7,0)=K3 -> TRUE | M3: =현금흐름취합!I3 -> 0.12 | N3: =IF(M3=12%,"OK","검토요") -> OK | O3: =현금흐름취합!J3 -> 0.087996377 | P3: =현금흐름취합!K3 -> N/A | Q3: =현금흐름취합!L3 -> N | R3: =현금흐름취합!M3 -> 2.7691346e+09 | S3: =XNPV(M3,AC3:ES3,$AC$1:$ES$1)=R3 -> TRUE | T3: =현금흐름취합!N3 -> 2.9690544e+09 | U3: =SUM(AC3:ES3)=T3 -> TRUE | V3: =SUMIF(일반여신!$E$10:$E$35,검증!A3,일반여신!$O$10:$O$35)*0.985-SUMIF(가지급금!$E$10:$E$180,A3,가지급금!$K$10:$K$180)+SUMIF(가지급금!$E$10:$E$180,검증!A3,가지급금!$O$10:$O$180)*0.985 -> -784300 | W3: =V3-AC3 -> -1.2377455e+09 | X3: 대위변체 추정 | Y3: =SUMIF('Sheet D'!$E$11:$E$60,A3,'Sheet D'!$P$11:$P$60) -> 1219320000 | Z3: =SUMIFS(일반여신!$M$10:$M$35,일반여신!$E$10:$E$35,A3,일반여신!$P$10:$P$35,"신용보증서 대위변제") -> 0 | AA3: =Z3-Y3 -> -1219320000 | AB3: 대위변체 추정 | AC3: =현금흐름취합!O3 -> 1.2369612e+09 | AD3: =현금흐름취합!P3 -> 0 | AE3: =현금흐름취합!Q3 -> 0 | AF3: =현금흐름취합!R3 -> 0 | AG3: =현금흐름취합!S3 -> 0 | AH3: =현금흐름취합!T3 -> 0 | AI3: =현금흐름취합!U3 -> 0 | AJ3: =현금흐름취합!V3 -> 0 | ... ES3: =현금흐름취합!EE3 -> 0
A4: =현금흐름취합!A4 -> R-031 | B4: =현금흐름취합!B4 -> 봄디자인 | C4: =현금흐름취합!C4 -> R-031-1안 | D4: =현금흐름취합!D4 -> 1안 | F4: =현금흐름취합!E4 -> A | G4: =IF(F4="A","ok","pool 고치세요") -> ok | H4: =현금흐름취합!F4 -> 현재 경매진행중인바, 경매를 통한 회수를 가정함. | I4: =현금흐름취합!G4 -> 0.73629374 | J4: =R4/K4=I4 -> TRUE | K4: =현금흐름취합!H4 -> 3225812792 | L4: =VLOOKUP(A4,'Sheet A'!$E$11:$K$60,7,0)=K4 -> TRUE | M4: =현금흐름취합!I4 -> 0.12 | N4: =IF(M4=12%,"OK","검토요") -> OK | O4: =현금흐름취합!J4 -> 0.088238938 | P4: =현금흐름취합!K4 -> N/A | Q4: =현금흐름취합!L4 -> N | R4: =현금흐름취합!M4 -> 2.3751458e+09 | S4: =XNPV(M4,AC4:ES4,$AC$1:$ES$1)=R4 -> TRUE | T4: =현금흐름취합!N4 -> 2.562077e+09 | U4: =SUM(AC4:ES4)=T4 -> TRUE | V4: =SUMIF(일반여신!$E$10:$E$35,검증!A4,일반여신!$O$10:$O$35)*0.985-SUMIF(가지급금!$E$10:$E$180,A4,가지급금!$K$10:$K$180)+SUMIF(가지급금!$E$10:$E$180,검증!A4,가지급금!$O$10:$O$180)*0.985 -> 0 | W4: =V4-AC4 -> 0 | Y4: =SUMIF('Sheet D'!$E$11:$E$60,A4,'Sheet D'!$P$11:$P$60) -> 0 | Z4: =SUMIFS(일반여신!$M$10:$M$35,일반여신!$E$10:$E$35,A4,일반여신!$P$10:$P$35,"신용보증서 대위변제") -> 0 | AA4: =Z4-Y4 -> 0 | AC4: =현금흐름취합!O4 -> 0 | AD4: =현금흐름취합!P4 -> 0 | AE4: =현금흐름취합!Q4 -> 0 | AF4: =현금흐름취합!R4 -> 0 | AG4: =현금흐름취합!S4 -> 0 | AH4: =현금흐름취합!T4 -> 0 | AI4: =현금흐름취합!U4 -> 0 | AJ4: =현금흐름취합!V4 -> 0 | ... ES4: =현금흐름취합!EE4 -> 0
A5: =현금흐름취합!A5 -> R-031 | B5: =현금흐름취합!B5 -> 봄디자인 | C5: =현금흐름취합!C5 -> R-031-2안 | D5: =현금흐름취합!D5 -> 2안 | E5: =IF(R4>R5,"역전현상","이상없음") -> 이상없음 | F5: =현금흐름취합!E5 -> A | G5: =IF(F5="A","ok","pool 고치세요") -> ok | H5: =현금흐름취합!F5 -> 현재 경매진행중인바, 경매를 통한 회수를 가정함. | I5: =현금흐름취합!G5 -> 0.76359038 | J5: =R5/K5=I5 -> TRUE | K5: =현금흐름취합!H5 -> 3225812792 | L5: =VLOOKUP(A5,'Sheet A'!$E$11:$K$60,7,0)=K5 -> TRUE | M5: =현금흐름취합!I5 -> 0.12 | N5: =IF(M5=12%,"OK","검토요") -> OK | O5: =현금흐름취합!J5 -> 0.088238938 | P5: =현금흐름취합!K5 -> N/A | Q5: =현금흐름취합!L5 -> N | R5: =현금흐름취합!M5 -> 2.4631996e+09 | S5: =XNPV(M5,AC5:ES5,$AC$1:$ES$1)=R5 -> TRUE | T5: =현금흐름취합!N5 -> 2.657061e+09 | U5: =SUM(AC5:ES5)=T5 -> TRUE | V5: =SUMIF(일반여신!$E$10:$E$35,검증!A5,일반여신!$O$10:$O$35)*0.985-SUMIF(가지급금!$E$10:$E$180,A5,가지급금!$K$10:$K$180)+SUMIF(가지급금!$E$10:$E$180,검증!A5,가지급금!$O$10:$O$180)*0.985 -> 0 | W5: =V5-AC5 -> 0 | Y5: =SUMIF('Sheet D'!$E$11:$E$60,A5,'Sheet D'!$P$11:$P$60) -> 0 | Z5: =SUMIFS(일반여신!$M$10:$M$35,일반여신!$E$10:$E$35,A5,일반여신!$P$10:$P$35,"신용보증서 대위변제") -> 0 | AA5: =Z5-Y5 -> 0 | AC5: =현금흐름취합!O5 -> 0 | AD5: =현금흐름취합!P5 -> 0 | AE5: =현금흐름취합!Q5 -> 0 | AF5: =현금흐름취합!R5 -> 0 | AG5: =현금흐름취합!S5 -> 0 | AH5: =현금흐름취합!T5 -> 0 | AI5: =현금흐름취합!U5 -> 0 | AJ5: =현금흐름취합!V5 -> 0 | ... ES5: =현금흐름취합!EE5 -> 0
A6: =현금흐름취합!A6 -> R-049 | B6: =현금흐름취합!B6 -> 한신에스텍 | C6: =현금흐름취합!C6 -> R-049-1안 | D6: =현금흐름취합!D6 -> 1안 | F6: =현금흐름취합!E6 -> A | G6: =IF(F6="A","ok","pool 고치세요") -> ok | H6: =현금흐름취합!F6 -> 현재 경매진행중인바, 경매를 통한 회수를 가정함. | I6: =현금흐름취합!G6 -> 0.61636196 | J6: =R6/K6=I6 -> TRUE | K6: =현금흐름취합!H6 -> 2200636350 | L6: =VLOOKUP(A6,'Sheet A'!$E$11:$K$60,7,0)=K6 -> TRUE | M6: =현금흐름취합!I6 -> 0.12 | N6: =IF(M6=12%,"OK","검토요") -> OK | O6: =현금흐름취합!J6 -> 0.091556548 | P6: =현금흐름취합!K6 -> N/A | Q6: =현금흐름취합!L6 -> N | R6: =현금흐름취합!M6 -> 1.3563885e+09 | S6: =XNPV(M6,AC6:ES6,$AC$1:$ES$1)=R6 -> TRUE | T6: =현금흐름취합!N6 -> 1.4919189e+09 | U6: =SUM(AC6:ES6)=T6 -> TRUE | V6: =SUMIF(일반여신!$E$10:$E$35,검증!A6,일반여신!$O$10:$O$35)*0.985-SUMIF(가지급금!$E$10:$E$180,A6,가지급금!$K$10:$K$180)+SUMIF(가지급금!$E$10:$E$180,검증!A6,가지급금!$O$10:$O$180)*0.985 -> -3407700 | W6: =V6-AC6 -> 0 | Y6: =SUMIF('Sheet D'!$E$11:$E$60,A6,'Sheet D'!$P$11:$P$60) -> 0 | Z6: =SUMIFS(일반여신!$M$10:$M$35,일반여신!$E$10:$E$35,A6,일반여신!$P$10:$P$35,"신용보증서 대위변제") -> 0 | AA6: =Z6-Y6 -> 0 | AC6: =현금흐름취합!O6 -> -3407700 | AD6: =현금흐름취합!P6 -> 0 | AE6: =현금흐름취합!Q6 -> 0 | AF6: =현금흐름취합!R6 -> 0 | AG6: =현금흐름취합!S6 -> 0 | AH6: =현금흐름취합!T6 -> 0 | AI6: =현금흐름취합!U6 -> 0 | AJ6: =현금흐름취합!V6 -> 0 | ... ES6: =현금흐름취합!EE6 -> 0
A7: =현금흐름취합!A7 -> R-049 | B7: =현금흐름취합!B7 -> 한신에스텍 | C7: =현금흐름취합!C7 -> R-049-2안 | D7: =현금흐름취합!D7 -> 2안 | E7: =IF(R6>R7,"역전현상","이상없음") -> 이상없음 | F7: =현금흐름취합!E7 -> A | G7: =IF(F7="A","ok","pool 고치세요") -> ok | H7: =현금흐름취합!F7 -> 현재 경매진행중인바, 경매를 통한 회수를 가정함. | I7: =현금흐름취합!G7 -> 0.63840648 | J7: =R7/K7=I7 -> TRUE | K7: =현금흐름취합!H7 -> 2200636350 | L7: =VLOOKUP(A7,'Sheet A'!$E$11:$K$60,7,0)=K7 -> TRUE | M7: =현금흐름취합!I7 -> 0.12 | N7: =IF(M7=12%,"OK","검토요") -> OK | O7: =현금흐름취합!J7 -> 0.091556548 | P7: =현금흐름취합!K7 -> N/A | Q7: =현금흐름취합!L7 -> N | R7: =현금흐름취합!M7 -> 1.4049005e+09 | S7: =XNPV(M7,AC7:ES7,$AC$1:$ES$1)=R7 -> TRUE | T7: =현금흐름취합!N7 -> 1.5452661e+09 | U7: =SUM(AC7:ES7)=T7 -> TRUE | V7: =SUMIF(일반여신!$E$10:$E$35,검증!A7,일반여신!$O$10:$O$35)*0.985-SUMIF(가지급금!$E$10:$E$180,A7,가지급금!$K$10:$K$180)+SUMIF(가지급금!$E$10:$E$180,검증!A7,가지급금!$O$10:$O$180)*0.985 -> -3407700 | W7: =V7-AC7 -> 0 | Y7: =SUMIF('Sheet D'!$E$11:$E$60,A7,'Sheet D'!$P$11:$P$60) -> 0 | Z7: =SUMIFS(일반여신!$M$10:$M$35,일반여신!$E$10:$E$35,A7,일반여신!$P$10:$P$35,"신용보증서 대위변제") -> 0 | AA7: =Z7-Y7 -> 0 | AC7: =현금흐름취합!O7 -> -3407700 | AD7: =현금흐름취합!P7 -> 0 | AE7: =현금흐름취합!Q7 -> 0 | AF7: =현금흐름취합!R7 -> 0 | AG7: =현금흐름취합!S7 -> 0 | AH7: =현금흐름취합!T7 -> 0 | AI7: =현금흐름취합!U7 -> 0 | AJ7: =현금흐름취합!V7 -> 0 | ... ES7: =현금흐름취합!EE7 -> 0
A8: =현금흐름취합!A8 -> R-050 | B8: =현금흐름취합!B8 -> 대한도장 | C8: =현금흐름취합!C8 -> R-050-1안 | D8: =현금흐름취합!D8 -> 1안 | F8: =현금흐름취합!E8 -> A | G8: =IF(F8="A","ok","pool 고치세요") -> ok | H8: =현금흐름취합!F8 -> 현재 경매진행중인바, 경매를 통한 회수를 가정함. | I8: =현금흐름취합!G8 -> 0.84591743 | J8: =R8/K8=I8 -> TRUE | K8: =현금흐름취합!H8 -> 2167609790 | L8: =VLOOKUP(A8,'Sheet A'!$E$11:$K$60,7,0)=K8 -> TRUE | M8: =현금흐름취합!I8 -> 0.12 | N8: =IF(M8=12%,"OK","검토요") -> OK | O8: =현금흐름취합!J8 -> 0.080975 | P8: =현금흐름취합!K8 -> N/A | Q8: =현금흐름취합!L8 -> N | R8: =현금흐름취합!M8 -> 1.8336189e+09 | S8: =XNPV(M8,AC8:ES8,$AC$1:$ES$1)=R8 -> TRUE | T8: =현금흐름취합!N8 -> 2.012255e+09 | U8: =SUM(AC8:ES8)=T8 -> TRUE | V8: =SUMIF(일반여신!$E$10:$E$35,검증!A8,일반여신!$O$10:$O$35)*0.985-SUMIF(가지급금!$E$10:$E$180,A8,가지급금!$K$10:$K$180)+SUMIF(가지급금!$E$10:$E$180,검증!A8,가지급금!$O$10:$O$180)*0.985 -> 5.7041261e+08 | W8: =V8-AC8 -> 0 | Y8: =SUMIF('Sheet D'!$E$11:$E$60,A8,'Sheet D'!$P$11:$P$60) -> 577500000 | Z8: =SUMIFS(일반여신!$M$10:$M$35,일반여신!$E$10:$E$35,A8,일반여신!$P$10:$P$35,"신용보증서 대위변제") -> 577500000 | AA8: =Z8-Y8 -> 0 | AC8: =현금흐름취합!O8 -> 5.7041261e+08 | AD8: =현금흐름취합!P8 -> 0 | AE8: =현금흐름취합!Q8 -> 0 | AF8: =현금흐름취합!R8 -> 0 | AG8: =현금흐름취합!S8 -> 0 | AH8: =현금흐름취합!T8 -> 0 | AI8: =현금흐름취합!U8 -> 0 | AJ8: =현금흐름취합!V8 -> 0 | ... ES8: =현금흐름취합!EE8 -> 0
A9: =현금흐름취합!A9 -> R-050 | B9: =현금흐름취합!B9 -> 대한도장 | C9: =현금흐름취합!C9 -> R-050-2안 | D9: =현금흐름취합!D9 -> 2안 | E9: =IF(R8>R9,"역전현상","이상없음") -> 이상없음 | F9: =현금흐름취합!E9 -> A | G9: =IF(F9="A","ok","pool 고치세요") -> ok | H9: =현금흐름취합!F9 -> 현재 경매진행중인바, 경매를 통한 회수를 가정함. | I9: =현금흐름취합!G9 -> 0.86610445 | J9: =R9/K9=I9 -> TRUE | K9: =현금흐름취합!H9 -> 2167609790 | L9: =VLOOKUP(A9,'Sheet A'!$E$11:$K$60,7,0)=K9 -> TRUE | M9: =현금흐름취합!I9 -> 0.12 | N9: =IF(M9=12%,"OK","검토요") -> OK | O9: =현금흐름취합!J9 -> 0.080975 | P9: =현금흐름취합!K9 -> N/A | Q9: =현금흐름취합!L9 -> N | R9: =현금흐름취합!M9 -> 1.8773765e+09 | S9: =XNPV(M9,AC9:ES9,$AC$1:$ES$1)=R9 -> TRUE | T9: =현금흐름취합!N9 -> 2.0622005e+09 | U9: =SUM(AC9:ES9)=T9 -> TRUE | V9: =SUMIF(일반여신!$E$10:$E$35,검증!A9,일반여신!$O$10:$O$35)*0.985-SUMIF(가지급금!$E$10:$E$180,A9,가지급금!$K$10:$K$180)+SUMIF(가지급금!$E$10:$E$180,검증!A9,가지급금!$O$10:$O$180)*0.985 -> 5.7041261e+08 | W9: =V9-AC9 -> 0 | Y9: =SUMIF('Sheet D'!$E$11:$E$60,A9,'Sheet D'!$P$11:$P$60) -> 577500000 | Z9: =SUMIFS(일반여신!$M$10:$M$35,일반여신!$E$10:$E$35,A9,일반여신!$P$10:$P$35,"신용보증서 대위변제") -> 577500000 | AA9: =Z9-Y9 -> 0 | AC9: =현금흐름취합!O9 -> 5.7041261e+08 | AD9: =현금흐름취합!P9 -> 0 | AE9: =현금흐름취합!Q9 -> 0 | AF9: =현금흐름취합!R9 -> 0 | AG9: =현금흐름취합!S9 -> 0 | AH9: =현금흐름취합!T9 -> 0 | AI9: =현금흐름취합!U9 -> 0 | AJ9: =현금흐름취합!V9 -> 0 | ... ES9: =현금흐름취합!EE9 -> 0
A10: =현금흐름취합!A10 -> 0 | B10: =현금흐름취합!B10 -> 0 | C10: =현금흐름취합!C10 -> 0 | D10: =현금흐름취합!D10 -> 0 | F10: =현금흐름취합!E10 -> 0 | G10: =IF(F10="A","ok","pool 고치세요") -> pool 고치세요 | H10: =현금흐름취합!F10 -> 0 | I10: =현금흐름취합!G10 -> 0 | J10: =R10/K10=I10 -> #DIV/0! | K10: =현금흐름취합!H10 -> 0 | L10: =VLOOKUP(A10,'Sheet A'!$E$11:$K$60,7,0)=K10 -> #N/A | M10: =현금흐름취합!I10 -> 0 | N10: =IF(M10=12%,"OK","검토요") -> 검토요 | O10: =현금흐름취합!J10 -> 0 | P10: =현금흐름취합!K10 -> 0 | Q10: =현금흐름취합!L10 -> 0 | R10: =현금흐름취합!M10 -> 0 | S10: =XNPV(M10,AC10:ES10,$AC$1:$ES$1)=R10 -> #NUM! | T10: =현금흐름취합!N10 -> 0 | U10: =SUM(AC10:ES10)=T10 -> TRUE | V10: =SUMIF(일반여신!$E$10:$E$35,검증!A10,일반여신!$O$10:$O$35)*0.985-SUMIF(가지급금!$E$10:$E$180,A10,가지급금!$K$10:$K$180)+SUMIF(가지급금!$E$10:$E$180,검증!A10,가지급금!$O$10:$O$180)*0.985 -> 0 | W10: =V10-AC10 -> 0 | Y10: =SUMIF('Sheet D'!$E$11:$E$60,A10,'Sheet D'!$P$11:$P$60) -> 0 | Z10: =SUMIFS(일반여신!$M$10:$M$35,일반여신!$E$10:$E$35,A10,일반여신!$P$10:$P$35,"신옹보증서대위변제") -> 0 | AA10: =Z10-Y10 -> 0 | AC10: =현금흐름취합!O10 -> 0 | AD10: =현금흐름취합!P10 -> 0 | AE10: =현금흐름취합!Q10 -> 0 | AF10: =현금흐름취합!R10 -> 0 | AG10: =현금흐름취합!S10 -> 0 | AH10: =현금흐름취합!T10 -> 0 | AI10: =현금흐름취합!U10 -> 0 | AJ10: =현금흐름취합!V10 -> 0 | ... ES10: =현금흐름취합!EE10 -> 0
A11: =현금흐름취합!A11 -> 0 | B11: =현금흐름취합!B11 -> 0 | C11: =현금흐름취합!C11 -> 0 | D11: =현금흐름취합!D11 -> 0 | E11: =IF(R10>R11,"역전현상","이상없음") -> 이상없음 | F11: =현금흐름취합!E11 -> 0 | G11: =IF(F11="A","ok","pool 고치세요") -> pool 고치세요 | H11: =현금흐름취합!F11 -> 0 | I11: =현금흐름취합!G11 -> 0 | J11: =R11/K11=I11 -> #DIV/0! | K11: =현금흐름취합!H11 -> 0 | L11: =VLOOKUP(A11,'Sheet A'!$E$11:$K$60,7,0)=K11 -> #N/A | M11: =현금흐름취합!I11 -> 0 | N11: =IF(M11=12%,"OK","검토요") -> 검토요 | O11: =현금흐름취합!J11 -> 0 | P11: =현금흐름취합!K11 -> 0 | Q11: =현금흐름취합!L11 -> 0 | R11: =현금흐름취합!M11 -> 0 | S11: =XNPV(M11,AC11:ES11,$AC$1:$ES$1)=R11 -> #NUM! | T11: =현금흐름취합!N11 -> 0 | U11: =SUM(AC11:ES11)=T11 -> TRUE | V11: =SUMIF(일반여신!$E$10:$E$35,검증!A11,일반여신!$O$10:$O$35)*0.985-SUMIF(가지급금!$E$10:$E$180,A11,가지급금!$K$10:$K$180)+SUMIF(가지급금!$E$10:$E$180,검증!A11,가지급금!$O$10:$O$180)*0.985 -> 0 | W11: =V11-AC11 -> 0 | Y11: =SUMIF('Sheet D'!$E$11:$E$60,A11,'Sheet D'!$P$11:$P$60) -> 0 | Z11: =SUMIFS(일반여신!$M$10:$M$35,일반여신!$E$10:$E$35,A11,일반여신!$P$10:$P$35,"신옹보증서대위변제") -> 0 | AA11: =Z11-Y11 -> 0 | AC11: =현금흐름취합!O11 -> 0 | AD11: =현금흐름취합!P11 -> 0 | AE11: =현금흐름취합!Q11 -> 0 | AF11: =현금흐름취합!R11 -> 0 | AG11: =현금흐름취합!S11 -> 0 | AH11: =현금흐름취합!T11 -> 0 | AI11: =현금흐름취합!U11 -> 0 | AJ11: =현금흐름취합!V11 -> 0 | ... ES11: =현금흐름취합!EE11 -> 0
A12: =현금흐름취합!A12 -> 0 | B12: =현금흐름취합!B12 -> 0 | C12: =현금흐름취합!C12 -> 0 | D12: =현금흐름취합!D12 -> 0 | F12: =현금흐름취합!E12 -> 0 | G12: =IF(F12="A","ok","pool 고치세요") -> pool 고치세요 | H12: =현금흐름취합!F12 -> 0 | I12: =현금흐름취합!G12 -> 0 | J12: =R12/K12=I12 -> #DIV/0! | K12: =현금흐름취합!H12 -> 0 | L12: =VLOOKUP(A12,'Sheet A'!$E$11:$K$60,7,0)=K12 -> #N/A | M12: =현금흐름취합!I12 -> 0 | N12: =IF(M12=12%,"OK","검토요") -> 검토요 | O12: =현금흐름취합!J12 -> 0 | P12: =현금흐름취합!K12 -> 0 | Q12: =현금흐름취합!L12 -> 0 | R12: =현금흐름취합!M12 -> 0 | S12: =XNPV(M12,AC12:ES12,$AC$1:$ES$1)=R12 -> #NUM! | T12: =현금흐름취합!N12 -> 0 | U12: =SUM(AC12:ES12)=T12 -> TRUE | V12: =SUMIF(일반여신!$E$10:$E$35,검증!A12,일반여신!$O$10:$O$35)*0.985-SUMIF(가지급금!$E$10:$E$180,A12,가지급금!$K$10:$K$180)+SUMIF(가지급금!$E$10:$E$180,검증!A12,가지급금!$O$10:$O$180)*0.985 -> 0 | W12: =V12-AC12 -> 0 | Y12: =SUMIF('Sheet D'!$E$11:$E$60,A12,'Sheet D'!$P$11:$P$60) -> 0 | Z12: =SUMIFS(일반여신!$M$10:$M$35,일반여신!$E$10:$E$35,A12,일반여신!$P$10:$P$35,"신옹보증서대위변제") -> 0 | AA12: =Z12-Y12 -> 0 | AC12: =현금흐름취합!O12 -> 0 | AD12: =현금흐름취합!P12 -> 0 | AE12: =현금흐름취합!Q12 -> 0 | AF12: =현금흐름취합!R12 -> 0 | AG12: =현금흐름취합!S12 -> 0 | AH12: =현금흐름취합!T12 -> 0 | AI12: =현금흐름취합!U12 -> 0 | AJ12: =현금흐름취합!V12 -> 0 | ... ES12: =현금흐름취합!EE12 -> 0
A13: =현금흐름취합!A13 -> 0 | B13: =현금흐름취합!B13 -> 0 | C13: =현금흐름취합!C13 -> 0 | D13: =현금흐름취합!D13 -> 0 | E13: =IF(R12>R13,"역전현상","이상없음") -> 이상없음 | F13: =현금흐름취합!E13 -> 0 | G13: =IF(F13="A","ok","pool 고치세요") -> pool 고치세요 | H13: =현금흐름취합!F13 -> 0 | I13: =현금흐름취합!G13 -> 0 | J13: =R13/K13=I13 -> #DIV/0! | K13: =현금흐름취합!H13 -> 0 | L13: =VLOOKUP(A13,'Sheet A'!$E$11:$K$60,7,0)=K13 -> #N/A | M13: =현금흐름취합!I13 -> 0 | N13: =IF(M13=12%,"OK","검토요") -> 검토요 | O13: =현금흐름취합!J13 -> 0 | P13: =현금흐름취합!K13 -> 0 | Q13: =현금흐름취합!L13 -> 0 | R13: =현금흐름취합!M13 -> 0 | S13: =XNPV(M13,AC13:ES13,$AC$1:$ES$1)=R13 -> #NUM! | T13: =현금흐름취합!N13 -> 0 | U13: =SUM(AC13:ES13)=T13 -> TRUE | V13: =SUMIF(일반여신!$E$10:$E$35,검증!A13,일반여신!$O$10:$O$35)*0.985-SUMIF(가지급금!$E$10:$E$180,A13,가지급금!$K$10:$K$180)+SUMIF(가지급금!$E$10:$E$180,검증!A13,가지급금!$O$10:$O$180)*0.985 -> 0 | W13: =V13-AC13 -> 0 | Y13: =SUMIF('Sheet D'!$E$11:$E$60,A13,'Sheet D'!$P$11:$P$60) -> 0 | Z13: =SUMIFS(일반여신!$M$10:$M$35,일반여신!$E$10:$E$35,A13,일반여신!$P$10:$P$35,"신옹보증서대위변제") -> 0 | AA13: =Z13-Y13 -> 0 | AC13: =현금흐름취합!O13 -> 0 | AD13: =현금흐름취합!P13 -> 0 | AE13: =현금흐름취합!Q13 -> 0 | AF13: =현금흐름취합!R13 -> 0 | AG13: =현금흐름취합!S13 -> 0 | AH13: =현금흐름취합!T13 -> 0 | AI13: =현금흐름취합!U13 -> 0 | AJ13: =현금흐름취합!V13 -> 0 | ... ES13: =현금흐름취합!EE13 -> 0
A14: =현금흐름취합!A14 -> 0 | B14: =현금흐름취합!B14 -> 0 | C14: =현금흐름취합!C14 -> 0 | D14: =현금흐름취합!D14 -> 0 | F14: =현금흐름취합!E14 -> 0 | G14: =IF(F14="A","ok","pool 고치세요") -> pool 고치세요 | H14: =현금흐름취합!F14 -> 0 | I14: =현금흐름취합!G14 -> 0 | J14: =R14/K14=I14 -> #DIV/0! | K14: =현금흐름취합!H14 -> 0 | L14: =VLOOKUP(A14,'Sheet A'!$E$11:$K$60,7,0)=K14 -> #N/A | M14: =현금흐름취합!I14 -> 0 | N14: =IF(M14=12%,"OK","검토요") -> 검토요 | O14: =현금흐름취합!J14 -> 0 | P14: =현금흐름취합!K14 -> 0 | Q14: =현금흐름취합!L14 -> 0 | R14: =현금흐름취합!M14 -> 0 | S14: =XNPV(M14,AC14:ES14,$AC$1:$ES$1)=R14 -> #NUM! | T14: =현금흐름취합!N14 -> 0 | U14: =SUM(AC14:ES14)=T14 -> TRUE | V14: =SUMIF(일반여신!$E$10:$E$35,검증!A14,일반여신!$O$10:$O$35)*0.985-SUMIF(가지급금!$E$10:$E$180,A14,가지급금!$K$10:$K$180)+SUMIF(가지급금!$E$10:$E$180,검증!A14,가지급금!$O$10:$O$180)*0.985 -> 0 | W14: =V14-AC14 -> 0 | Y14: =SUMIF('Sheet D'!$E$11:$E$60,A14,'Sheet D'!$P$11:$P$60) -> 0 | Z14: =SUMIFS(일반여신!$M$10:$M$35,일반여신!$E$10:$E$35,A14,일반여신!$P$10:$P$35,"신옹보증서대위변제") -> 0 | AA14: =Z14-Y14 -> 0 | AC14: =현금흐름취합!O14 -> 0 | AD14: =현금흐름취합!P14 -> 0 | AE14: =현금흐름취합!Q14 -> 0 | AF14: =현금흐름취합!R14 -> 0 | AG14: =현금흐름취합!S14 -> 0 | AH14: =현금흐름취합!T14 -> 0 | AI14: =현금흐름취합!U14 -> 0 | AJ14: =현금흐름취합!V14 -> 0 | ... ES14: =현금흐름취합!EE14 -> 0
A15: =현금흐름취합!A15 -> 0 | B15: =현금흐름취합!B15 -> 0 | C15: =현금흐름취합!C15 -> 0 | D15: =현금흐름취합!D15 -> 0 | E15: =IF(R14>R15,"역전현상","이상없음") -> 이상없음 | F15: =현금흐름취합!E15 -> 0 | G15: =IF(F15="A","ok","pool 고치세요") -> pool 고치세요 | H15: =현금흐름취합!F15 -> 0 | I15: =현금흐름취합!G15 -> 0 | J15: =R15/K15=I15 -> #DIV/0! | K15: =현금흐름취합!H15 -> 0 | L15: =VLOOKUP(A15,'Sheet A'!$E$11:$K$60,7,0)=K15 -> #N/A | M15: =현금흐름취합!I15 -> 0 | N15: =IF(M15=12%,"OK","검토요") -> 검토요 | O15: =현금흐름취합!J15 -> 0 | P15: =현금흐름취합!K15 -> 0 | Q15: =현금흐름취합!L15 -> 0 | R15: =현금흐름취합!M15 -> 0 | S15: =XNPV(M15,AC15:ES15,$AC$1:$ES$1)=R15 -> #NUM! | T15: =현금흐름취합!N15 -> 0 | U15: =SUM(AC15:ES15)=T15 -> TRUE | V15: =SUMIF(일반여신!$E$10:$E$35,검증!A15,일반여신!$O$10:$O$35)*0.985-SUMIF(가지급금!$E$10:$E$180,A15,가지급금!$K$10:$K$180)+SUMIF(가지급금!$E$10:$E$180,검증!A15,가지급금!$O$10:$O$180)*0.985 -> 0 | W15: =V15-AC15 -> 0 | Y15: =SUMIF('Sheet D'!$E$11:$E$60,A15,'Sheet D'!$P$11:$P$60) -> 0 | Z15: =SUMIFS(일반여신!$M$10:$M$35,일반여신!$E$10:$E$35,A15,일반여신!$P$10:$P$35,"신옹보증서대위변제") -> 0 | AA15: =Z15-Y15 -> 0 | AC15: =현금흐름취합!O15 -> 0 | AD15: =현금흐름취합!P15 -> 0 | AE15: =현금흐름취합!Q15 -> 0 | AF15: =현금흐름취합!R15 -> 0 | AG15: =현금흐름취합!S15 -> 0 | AH15: =현금흐름취합!T15 -> 0 | AI15: =현금흐름취합!U15 -> 0 | AJ15: =현금흐름취합!V15 -> 0 | ... ES15: =현금흐름취합!EE15 -> 0
A16: =현금흐름취합!A16 -> 0 | B16: =현금흐름취합!B16 -> 0 | C16: =현금흐름취합!C16 -> 0 | D16: =현금흐름취합!D16 -> 0 | F16: =현금흐름취합!E16 -> 0 | G16: =IF(F16="A","ok","pool 고치세요") -> pool 고치세요 | H16: =현금흐름취합!F16 -> 0 | I16: =현금흐름취합!G16 -> 0 | J16: =R16/K16=I16 -> #DIV/0! | K16: =현금흐름취합!H16 -> 0 | L16: =VLOOKUP(A16,'Sheet A'!$E$11:$K$60,7,0)=K16 -> #N/A | M16: =현금흐름취합!I16 -> 0 | N16: =IF(M16=12%,"OK","검토요") -> 검토요 | O16: =현금흐름취합!J16 -> 0 | P16: =현금흐름취합!K16 -> 0 | Q16: =현금흐름취합!L16 -> 0 | R16: =현금흐름취합!M16 -> 0 | S16: =XNPV(M16,AC16:ES16,$AC$1:$ES$1)=R16 -> #NUM! | T16: =현금흐름취합!N16 -> 0 | U16: =SUM(AC16:ES16)=T16 -> TRUE | V16: =SUMIF(일반여신!$E$10:$E$35,검증!A16,일반여신!$O$10:$O$35)*0.985-SUMIF(가지급금!$E$10:$E$180,A16,가지급금!$K$10:$K$180)+SUMIF(가지급금!$E$10:$E$180,검증!A16,가지급금!$O$10:$O$180)*0.985 -> 0 | W16: =V16-AC16 -> 0 | Y16: =SUMIF('Sheet D'!$E$11:$E$60,A16,'Sheet D'!$P$11:$P$60) -> 0 | Z16: =SUMIFS(일반여신!$M$10:$M$35,일반여신!$E$10:$E$35,A16,일반여신!$P$10:$P$35,"신옹보증서대위변제") -> 0 | AA16: =Z16-Y16 -> 0 | AC16: =현금흐름취합!O16 -> 0 | AD16: =현금흐름취합!P16 -> 0 | AE16: =현금흐름취합!Q16 -> 0 | AF16: =현금흐름취합!R16 -> 0 | AG16: =현금흐름취합!S16 -> 0 | AH16: =현금흐름취합!T16 -> 0 | AI16: =현금흐름취합!U16 -> 0 | AJ16: =현금흐름취합!V16 -> 0 | ... ES16: =현금흐름취합!EE16 -> 0
A17: =현금흐름취합!A17 -> 0 | B17: =현금흐름취합!B17 -> 0 | C17: =현금흐름취합!C17 -> 0 | D17: =현금흐름취합!D17 -> 0 | E17: =IF(R16>R17,"역전현상","이상없음") -> 이상없음 | F17: =현금흐름취합!E17 -> 0 | G17: =IF(F17="A","ok","pool 고치세요") -> pool 고치세요 | H17: =현금흐름취합!F17 -> 0 | I17: =현금흐름취합!G17 -> 0 | J17: =R17/K17=I17 -> #DIV/0! | K17: =현금흐름취합!H17 -> 0 | L17: =VLOOKUP(A17,'Sheet A'!$E$11:$K$60,7,0)=K17 -> #N/A | M17: =현금흐름취합!I17 -> 0 | N17: =IF(M17=12%,"OK","검토요") -> 검토요 | O17: =현금흐름취합!J17 -> 0 | P17: =현금흐름취합!K17 -> 0 | Q17: =현금흐름취합!L17 -> 0 | R17: =현금흐름취합!M17 -> 0 | S17: =XNPV(M17,AC17:ES17,$AC$1:$ES$1)=R17 -> #NUM! | T17: =현금흐름취합!N17 -> 0 | U17: =SUM(AC17:ES17)=T17 -> TRUE | V17: =SUMIF(일반여신!$E$10:$E$35,검증!A17,일반여신!$O$10:$O$35)*0.985-SUMIF(가지급금!$E$10:$E$180,A17,가지급금!$K$10:$K$180)+SUMIF(가지급금!$E$10:$E$180,검증!A17,가지급금!$O$10:$O$180)*0.985 -> 0 | W17: =V17-AC17 -> 0 | Y17: =SUMIF('Sheet D'!$E$11:$E$60,A17,'Sheet D'!$P$11:$P$60) -> 0 | Z17: =SUMIFS(일반여신!$M$10:$M$35,일반여신!$E$10:$E$35,A17,일반여신!$P$10:$P$35,"신옹보증서대위변제") -> 0 | AA17: =Z17-Y17 -> 0 | AC17: =현금흐름취합!O17 -> 0 | AD17: =현금흐름취합!P17 -> 0 | AE17: =현금흐름취합!Q17 -> 0 | AF17: =현금흐름취합!R17 -> 0 | AG17: =현금흐름취합!S17 -> 0 | AH17: =현금흐름취합!T17 -> 0 | AI17: =현금흐름취합!U17 -> 0 | AJ17: =현금흐름취합!V17 -> 0 | ... ES17: =현금흐름취합!EE17 -> 0
A18: =현금흐름취합!A18 -> 0 | B18: =현금흐름취합!B18 -> 0 | C18: =현금흐름취합!C18 -> 0 | D18: =현금흐름취합!D18 -> 0 | F18: =현금흐름취합!E18 -> 0 | G18: =IF(F18="A","ok","pool 고치세요") -> pool 고치세요 | H18: =현금흐름취합!F18 -> 0 | I18: =현금흐름취합!G18 -> 0 | J18: =R18/K18=I18 -> #DIV/0! | K18: =현금흐름취합!H18 -> 0 | L18: =VLOOKUP(A18,'Sheet A'!$E$11:$K$60,7,0)=K18 -> #N/A | M18: =현금흐름취합!I18 -> 0 | N18: =IF(M18=12%,"OK","검토요") -> 검토요 | O18: =현금흐름취합!J18 -> 0 | P18: =현금흐름취합!K18 -> 0 | Q18: =현금흐름취합!L18 -> 0 | R18: =현금흐름취합!M18 -> 0 | S18: =XNPV(M18,AC18:ES18,$AC$1:$ES$1)=R18 -> #NUM! | T18: =현금흐름취합!N18 -> 0 | U18: =SUM(AC18:ES18)=T18 -> TRUE | V18: =SUMIF(일반여신!$E$10:$E$35,검증!A18,일반여신!$O$10:$O$35)*0.985-SUMIF(가지급금!$E$10:$E$180,A18,가지급금!$K$10:$K$180)+SUMIF(가지급금!$E$10:$E$180,검증!A18,가지급금!$O$10:$O$180)*0.985 -> 0 | W18: =V18-AC18 -> 0 | Y18: =SUMIF('Sheet D'!$E$11:$E$60,A18,'Sheet D'!$P$11:$P$60) -> 0 | Z18: =SUMIFS(일반여신!$M$10:$M$35,일반여신!$E$10:$E$35,A18,일반여신!$P$10:$P$35,"신옹보증서대위변제") -> 0 | AA18: =Z18-Y18 -> 0 | AC18: =현금흐름취합!O18 -> 0 | AD18: =현금흐름취합!P18 -> 0 | AE18: =현금흐름취합!Q18 -> 0 | AF18: =현금흐름취합!R18 -> 0 | AG18: =현금흐름취합!S18 -> 0 | AH18: =현금흐름취합!T18 -> 0 | AI18: =현금흐름취합!U18 -> 0 | AJ18: =현금흐름취합!V18 -> 0 | ... ES18: =현금흐름취합!EE18 -> 0
A19: =현금흐름취합!A19 -> 0 | B19: =현금흐름취합!B19 -> 0 | C19: =현금흐름취합!C19 -> 0 | D19: =현금흐름취합!D19 -> 0 | E19: =IF(R18>R19,"역전현상","이상없음") -> 이상없음 | F19: =현금흐름취합!E19 -> 0 | G19: =IF(F19="A","ok","pool 고치세요") -> pool 고치세요 | H19: =현금흐름취합!F19 -> 0 | I19: =현금흐름취합!G19 -> 0 | J19: =R19/K19=I19 -> #DIV/0! | K19: =현금흐름취합!H19 -> 0 | L19: =VLOOKUP(A19,'Sheet A'!$E$11:$K$60,7,0)=K19 -> #N/A | M19: =현금흐름취합!I19 -> 0 | N19: =IF(M19=12%,"OK","검토요") -> 검토요 | O19: =현금흐름취합!J19 -> 0 | P19: =현금흐름취합!K19 -> 0 | Q19: =현금흐름취합!L19 -> 0 | R19: =현금흐름취합!M19 -> 0 | S19: =XNPV(M19,AC19:ES19,$AC$1:$ES$1)=R19 -> #NUM! | T19: =현금흐름취합!N19 -> 0 | U19: =SUM(AC19:ES19)=T19 -> TRUE | V19: =SUMIF(일반여신!$E$10:$E$35,검증!A19,일반여신!$O$10:$O$35)*0.985-SUMIF(가지급금!$E$10:$E$180,A19,가지급금!$K$10:$K$180)+SUMIF(가지급금!$E$10:$E$180,검증!A19,가지급금!$O$10:$O$180)*0.985 -> 0 | W19: =V19-AC19 -> 0 | Y19: =SUMIF('Sheet D'!$E$11:$E$60,A19,'Sheet D'!$P$11:$P$60) -> 0 | Z19: =SUMIFS(일반여신!$M$10:$M$35,일반여신!$E$10:$E$35,A19,일반여신!$P$10:$P$35,"신옹보증서대위변제") -> 0 | AA19: =Z19-Y19 -> 0 | AC19: =현금흐름취합!O19 -> 0 | AD19: =현금흐름취합!P19 -> 0 | AE19: =현금흐름취합!Q19 -> 0 | AF19: =현금흐름취합!R19 -> 0 | AG19: =현금흐름취합!S19 -> 0 | AH19: =현금흐름취합!T19 -> 0 | AI19: =현금흐름취합!U19 -> 0 | AJ19: =현금흐름취합!V19 -> 0 | ... ES19: =현금흐름취합!EE19 -> 0
A20: =현금흐름취합!A20 -> 0 | B20: =현금흐름취합!B20 -> 0 | C20: =현금흐름취합!C20 -> 0 | D20: =현금흐름취합!D20 -> 0 | F20: =현금흐름취합!E20 -> 0 | G20: =IF(F20="A","ok","pool 고치세요") -> pool 고치세요 | H20: =현금흐름취합!F20 -> 0 | I20: =현금흐름취합!G20 -> 0 | J20: =R20/K20=I20 -> #DIV/0! | K20: =현금흐름취합!H20 -> 0 | L20: =VLOOKUP(A20,'Sheet A'!$E$11:$K$60,7,0)=K20 -> #N/A | M20: =현금흐름취합!I20 -> 0 | N20: =IF(M20=12%,"OK","검토요") -> 검토요 | O20: =현금흐름취합!J20 -> 0 | P20: =현금흐름취합!K20 -> 0 | Q20: =현금흐름취합!L20 -> 0 | R20: =현금흐름취합!M20 -> 0 | S20: =XNPV(M20,AC20:ES20,$AC$1:$ES$1)=R20 -> #NUM! | T20: =현금흐름취합!N20 -> 0 | U20: =SUM(AC20:ES20)=T20 -> TRUE | V20: =SUMIF(일반여신!$E$10:$E$35,검증!A20,일반여신!$O$10:$O$35)*0.985-SUMIF(가지급금!$E$10:$E$180,A20,가지급금!$K$10:$K$180)+SUMIF(가지급금!$E$10:$E$180,검증!A20,가지급금!$O$10:$O$180)*0.985 -> 0 | W20: =V20-AC20 -> 0 | Y20: =SUMIF('Sheet D'!$E$11:$E$60,A20,'Sheet D'!$P$11:$P$60) -> 0 | Z20: =SUMIFS(일반여신!$M$10:$M$35,일반여신!$E$10:$E$35,A20,일반여신!$P$10:$P$35,"신옹보증서대위변제") -> 0 | AA20: =Z20-Y20 -> 0 | AC20: =현금흐름취합!O20 -> 0 | AD20: =현금흐름취합!P20 -> 0 | AE20: =현금흐름취합!Q20 -> 0 | AF20: =현금흐름취합!R20 -> 0 | AG20: =현금흐름취합!S20 -> 0 | AH20: =현금흐름취합!T20 -> 0 | AI20: =현금흐름취합!U20 -> 0 | AJ20: =현금흐름취합!V20 -> 0 | ... ES20: =현금흐름취합!EE20 -> 0
A21: =현금흐름취합!A21 -> 0 | B21: =현금흐름취합!B21 -> 0 | C21: =현금흐름취합!C21 -> 0 | D21: =현금흐름취합!D21 -> 0 | E21: =IF(R20>R21,"역전현상","이상없음") -> 이상없음 | F21: =현금흐름취합!E21 -> 0 | G21: =IF(F21="A","ok","pool 고치세요") -> pool 고치세요 | H21: =현금흐름취합!F21 -> 0 | I21: =현금흐름취합!G21 -> 0 | J21: =R21/K21=I21 -> #DIV/0! | K21: =현금흐름취합!H21 -> 0 | L21: =VLOOKUP(A21,'Sheet A'!$E$11:$K$60,7,0)=K21 -> #N/A | M21: =현금흐름취합!I21 -> 0 | N21: =IF(M21=12%,"OK","검토요") -> 검토요 | O21: =현금흐름취합!J21 -> 0 | P21: =현금흐름취합!K21 -> 0 | Q21: =현금흐름취합!L21 -> 0 | R21: =현금흐름취합!M21 -> 0 | S21: =XNPV(M21,AC21:ES21,$AC$1:$ES$1)=R21 -> #NUM! | T21: =현금흐름취합!N21 -> 0 | U21: =SUM(AC21:ES21)=T21 -> TRUE | V21: =SUMIF(일반여신!$E$10:$E$35,검증!A21,일반여신!$O$10:$O$35)*0.985-SUMIF(가지급금!$E$10:$E$180,A21,가지급금!$K$10:$K$180)+SUMIF(가지급금!$E$10:$E$180,검증!A21,가지급금!$O$10:$O$180)*0.985 -> 0 | W21: =V21-AC21 -> 0 | Y21: =SUMIF('Sheet D'!$E$11:$E$60,A21,'Sheet D'!$P$11:$P$60) -> 0 | Z21: =SUMIFS(일반여신!$M$10:$M$35,일반여신!$E$10:$E$35,A21,일반여신!$P$10:$P$35,"신옹보증서대위변제") -> 0 | AA21: =Z21-Y21 -> 0 | AC21: =현금흐름취합!O21 -> 0 | AD21: =현금흐름취합!P21 -> 0 | AE21: =현금흐름취합!Q21 -> 0 | AF21: =현금흐름취합!R21 -> 0 | AG21: =현금흐름취합!S21 -> 0 | AH21: =현금흐름취합!T21 -> 0 | AI21: =현금흐름취합!U21 -> 0 | AJ21: =현금흐름취합!V21 -> 0 | ... ES21: =현금흐름취합!EE21 -> 0
A22: =현금흐름취합!A22 -> 0 | B22: =현금흐름취합!B22 -> 0 | C22: =현금흐름취합!C22 -> 0 | D22: =현금흐름취합!D22 -> 0 | F22: =현금흐름취합!E22 -> 0 | G22: =IF(F22="A","ok","pool 고치세요") -> pool 고치세요 | H22: =현금흐름취합!F22 -> 0 | I22: =현금흐름취합!G22 -> 0 | J22: =R22/K22=I22 -> #DIV/0! | K22: =현금흐름취합!H22 -> 0 | L22: =VLOOKUP(A22,'Sheet A'!$E$11:$K$60,7,0)=K22 -> #N/A | M22: =현금흐름취합!I22 -> 0 | N22: =IF(M22=12%,"OK","검토요") -> 검토요 | O22: =현금흐름취합!J22 -> 0 | P22: =현금흐름취합!K22 -> 0 | Q22: =현금흐름취합!L22 -> 0 | R22: =현금흐름취합!M22 -> 0 | S22: =XNPV(M22,AC22:ES22,$AC$1:$ES$1)=R22 -> #NUM! | T22: =현금흐름취합!N22 -> 0 | U22: =SUM(AC22:ES22)=T22 -> TRUE | V22: =SUMIF(일반여신!$E$10:$E$35,검증!A22,일반여신!$O$10:$O$35)*0.985-SUMIF(가지급금!$E$10:$E$180,A22,가지급금!$K$10:$K$180)+SUMIF(가지급금!$E$10:$E$180,검증!A22,가지급금!$O$10:$O$180)*0.985 -> 0 | W22: =V22-AC22 -> 0 | Y22: =SUMIF('Sheet D'!$E$11:$E$60,A22,'Sheet D'!$P$11:$P$60) -> 0 | Z22: =SUMIFS(일반여신!$M$10:$M$35,일반여신!$E$10:$E$35,A22,일반여신!$P$10:$P$35,"신옹보증서대위변제") -> 0 | AA22: =Z22-Y22 -> 0 | AC22: =현금흐름취합!O22 -> 0 | AD22: =현금흐름취합!P22 -> 0 | AE22: =현금흐름취합!Q22 -> 0 | AF22: =현금흐름취합!R22 -> 0 | AG22: =현금흐름취합!S22 -> 0 | AH22: =현금흐름취합!T22 -> 0 | AI22: =현금흐름취합!U22 -> 0 | AJ22: =현금흐름취합!V22 -> 0 | ... ES22: =현금흐름취합!EE22 -> 0
A23: =현금흐름취합!A23 -> 0 | B23: =현금흐름취합!B23 -> 0 | C23: =현금흐름취합!C23 -> 0 | D23: =현금흐름취합!D23 -> 0 | E23: =IF(R22>R23,"역전현상","이상없음") -> 이상없음 | F23: =현금흐름취합!E23 -> 0 | G23: =IF(F23="A","ok","pool 고치세요") -> pool 고치세요 | H23: =현금흐름취합!F23 -> 0 | I23: =현금흐름취합!G23 -> 0 | J23: =R23/K23=I23 -> #DIV/0! | K23: =현금흐름취합!H23 -> 0 | L23: =VLOOKUP(A23,'Sheet A'!$E$11:$K$60,7,0)=K23 -> #N/A | M23: =현금흐름취합!I23 -> 0 | N23: =IF(M23=12%,"OK","검토요") -> 검토요 | O23: =현금흐름취합!J23 -> 0 | P23: =현금흐름취합!K23 -> 0 | Q23: =현금흐름취합!L23 -> 0 | R23: =현금흐름취합!M23 -> 0 | S23: =XNPV(M23,AC23:ES23,$AC$1:$ES$1)=R23 -> #NUM! | T23: =현금흐름취합!N23 -> 0 | U23: =SUM(AC23:ES23)=T23 -> TRUE | V23: =SUMIF(일반여신!$E$10:$E$35,검증!A23,일반여신!$O$10:$O$35)*0.985-SUMIF(가지급금!$E$10:$E$180,A23,가지급금!$K$10:$K$180)+SUMIF(가지급금!$E$10:$E$180,검증!A23,가지급금!$O$10:$O$180)*0.985 -> 0 | W23: =V23-AC23 -> 0 | Y23: =SUMIF('Sheet D'!$E$11:$E$60,A23,'Sheet D'!$P$11:$P$60) -> 0 | Z23: =SUMIFS(일반여신!$M$10:$M$35,일반여신!$E$10:$E$35,A23,일반여신!$P$10:$P$35,"신옹보증서대위변제") -> 0 | AA23: =Z23-Y23 -> 0 | AC23: =현금흐름취합!O23 -> 0 | AD23: =현금흐름취합!P23 -> 0 | AE23: =현금흐름취합!Q23 -> 0 | AF23: =현금흐름취합!R23 -> 0 | AG23: =현금흐름취합!S23 -> 0 | AH23: =현금흐름취합!T23 -> 0 | AI23: =현금흐름취합!U23 -> 0 | AJ23: =현금흐름취합!V23 -> 0 | ... ES23: =현금흐름취합!EE23 -> 0
A24: =현금흐름취합!A24 -> 0 | B24: =현금흐름취합!B24 -> 0 | C24: =현금흐름취합!C24 -> 0 | D24: =현금흐름취합!D24 -> 0 | F24: =현금흐름취합!E24 -> 0 | G24: =IF(F24="A","ok","pool 고치세요") -> pool 고치세요 | H24: =현금흐름취합!F24 -> 0 | I24: =현금흐름취합!G24 -> 0 | J24: =R24/K24=I24 -> #DIV/0! | K24: =현금흐름취합!H24 -> 0 | L24: =VLOOKUP(A24,'Sheet A'!$E$11:$K$60,7,0)=K24 -> #N/A | M24: =현금흐름취합!I24 -> 0 | N24: =IF(M24=12%,"OK","검토요") -> 검토요 | O24: =현금흐름취합!J24 -> 0 | P24: =현금흐름취합!K24 -> 0 | Q24: =현금흐름취합!L24 -> 0 | R24: =현금흐름취합!M24 -> 0 | S24: =XNPV(M24,AC24:ES24,$AC$1:$ES$1)=R24 -> #NUM! | T24: =현금흐름취합!N24 -> 0 | U24: =SUM(AC24:ES24)=T24 -> TRUE | V24: =SUMIF(일반여신!$E$10:$E$35,검증!A24,일반여신!$O$10:$O$35)*0.985-SUMIF(가지급금!$E$10:$E$180,A24,가지급금!$K$10:$K$180)+SUMIF(가지급금!$E$10:$E$180,검증!A24,가지급금!$O$10:$O$180)*0.985 -> 0 | W24: =V24-AC24 -> 0 | Y24: =SUMIF('Sheet D'!$E$11:$E$60,A24,'Sheet D'!$P$11:$P$60) -> 0 | Z24: =SUMIFS(일반여신!$M$10:$M$35,일반여신!$E$10:$E$35,A24,일반여신!$P$10:$P$35,"신옹보증서대위변제") -> 0 | AA24: =Z24-Y24 -> 0 | AC24: =현금흐름취합!O24 -> 0 | AD24: =현금흐름취합!P24 -> 0 | AE24: =현금흐름취합!Q24 -> 0 | AF24: =현금흐름취합!R24 -> 0 | AG24: =현금흐름취합!S24 -> 0 | AH24: =현금흐름취합!T24 -> 0 | AI24: =현금흐름취합!U24 -> 0 | AJ24: =현금흐름취합!V24 -> 0 | ... ES24: =현금흐름취합!EE24 -> 0
A25: =현금흐름취합!A25 -> 0 | B25: =현금흐름취합!B25 -> 0 | C25: =현금흐름취합!C25 -> 0 | D25: =현금흐름취합!D25 -> 0 | E25: =IF(R24>R25,"역전현상","이상없음") -> 이상없음 | F25: =현금흐름취합!E25 -> 0 | G25: =IF(F25="A","ok","pool 고치세요") -> pool 고치세요 | H25: =현금흐름취합!F25 -> 0 | I25: =현금흐름취합!G25 -> 0 | J25: =R25/K25=I25 -> #DIV/0! | K25: =현금흐름취합!H25 -> 0 | L25: =VLOOKUP(A25,'Sheet A'!$E$11:$K$60,7,0)=K25 -> #N/A | M25: =현금흐름취합!I25 -> 0 | N25: =IF(M25=12%,"OK","검토요") -> 검토요 | O25: =현금흐름취합!J25 -> 0 | P25: =현금흐름취합!K25 -> 0 | Q25: =현금흐름취합!L25 -> 0 | R25: =현금흐름취합!M25 -> 0 | S25: =XNPV(M25,AC25:ES25,$AC$1:$ES$1)=R25 -> #NUM! | T25: =현금흐름취합!N25 -> 0 | U25: =SUM(AC25:ES25)=T25 -> TRUE | V25: =SUMIF(일반여신!$E$10:$E$35,검증!A25,일반여신!$O$10:$O$35)*0.985-SUMIF(가지급금!$E$10:$E$180,A25,가지급금!$K$10:$K$180)+SUMIF(가지급금!$E$10:$E$180,검증!A25,가지급금!$O$10:$O$180)*0.985 -> 0 | W25: =V25-AC25 -> 0 | Y25: =SUMIF('Sheet D'!$E$11:$E$60,A25,'Sheet D'!$P$11:$P$60) -> 0 | Z25: =SUMIFS(일반여신!$M$10:$M$35,일반여신!$E$10:$E$35,A25,일반여신!$P$10:$P$35,"신옹보증서대위변제") -> 0 | AA25: =Z25-Y25 -> 0 | AC25: =현금흐름취합!O25 -> 0 | AD25: =현금흐름취합!P25 -> 0 | AE25: =현금흐름취합!Q25 -> 0 | AF25: =현금흐름취합!R25 -> 0 | AG25: =현금흐름취합!S25 -> 0 | AH25: =현금흐름취합!T25 -> 0 | AI25: =현금흐름취합!U25 -> 0 | AJ25: =현금흐름취합!V25 -> 0 | ... ES25: =현금흐름취합!EE25 -> 0
A26: =현금흐름취합!A26 -> 0 | B26: =현금흐름취합!B26 -> 0 | C26: =현금흐름취합!C26 -> 0 | D26: =현금흐름취합!D26 -> 0 | F26: =현금흐름취합!E26 -> 0 | G26: =IF(F26="A","ok","pool 고치세요") -> pool 고치세요 | H26: =현금흐름취합!F26 -> 0 | I26: =현금흐름취합!G26 -> 0 | J26: =R26/K26=I26 -> #DIV/0! | K26: =현금흐름취합!H26 -> 0 | L26: =VLOOKUP(A26,'Sheet A'!$E$11:$K$60,7,0)=K26 -> #N/A | M26: =현금흐름취합!I26 -> 0 | N26: =IF(M26=12%,"OK","검토요") -> 검토요 | O26: =현금흐름취합!J26 -> 0 | P26: =현금흐름취합!K26 -> 0 | Q26: =현금흐름취합!L26 -> 0 | R26: =현금흐름취합!M26 -> 0 | S26: =XNPV(M26,AC26:ES26,$AC$1:$ES$1)=R26 -> #NUM! | T26: =현금흐름취합!N26 -> 0 | U26: =SUM(AC26:ES26)=T26 -> TRUE | V26: =SUMIF(일반여신!$E$10:$E$35,검증!A26,일반여신!$O$10:$O$35)*0.985-SUMIF(가지급금!$E$10:$E$180,A26,가지급금!$K$10:$K$180)+SUMIF(가지급금!$E$10:$E$180,검증!A26,가지급금!$O$10:$O$180)*0.985 -> 0 | W26: =V26-AC26 -> 0 | Y26: =SUMIF('Sheet D'!$E$11:$E$60,A26,'Sheet D'!$P$11:$P$60) -> 0 | Z26: =SUMIFS(일반여신!$M$10:$M$35,일반여신!$E$10:$E$35,A26,일반여신!$P$10:$P$35,"신옹보증서대위변제") -> 0 | AA26: =Z26-Y26 -> 0 | AC26: =현금흐름취합!O26 -> 0 | AD26: =현금흐름취합!P26 -> 0 | AE26: =현금흐름취합!Q26 -> 0 | AF26: =현금흐름취합!R26 -> 0 | AG26: =현금흐름취합!S26 -> 0 | AH26: =현금흐름취합!T26 -> 0 | AI26: =현금흐름취합!U26 -> 0 | AJ26: =현금흐름취합!V26 -> 0 | ... ES26: =현금흐름취합!EE26 -> 0
A27: =현금흐름취합!A27 -> 0 | B27: =현금흐름취합!B27 -> 0 | C27: =현금흐름취합!C27 -> 0 | D27: =현금흐름취합!D27 -> 0 | E27: =IF(R26>R27,"역전현상","이상없음") -> 이상없음 | F27: =현금흐름취합!E27 -> 0 | G27: =IF(F27="A","ok","pool 고치세요") -> pool 고치세요 | H27: =현금흐름취합!F27 -> 0 | I27: =현금흐름취합!G27 -> 0 | J27: =R27/K27=I27 -> #DIV/0! | K27: =현금흐름취합!H27 -> 0 | L27: =VLOOKUP(A27,'Sheet A'!$E$11:$K$60,7,0)=K27 -> #N/A | M27: =현금흐름취합!I27 -> 0 | N27: =IF(M27=12%,"OK","검토요") -> 검토요 | O27: =현금흐름취합!J27 -> 0 | P27: =현금흐름취합!K27 -> 0 | Q27: =현금흐름취합!L27 -> 0 | R27: =현금흐름취합!M27 -> 0 | S27: =XNPV(M27,AC27:ES27,$AC$1:$ES$1)=R27 -> #NUM! | T27: =현금흐름취합!N27 -> 0 | U27: =SUM(AC27:ES27)=T27 -> TRUE | V27: =SUMIF(일반여신!$E$10:$E$35,검증!A27,일반여신!$O$10:$O$35)*0.985-SUMIF(가지급금!$E$10:$E$180,A27,가지급금!$K$10:$K$180)+SUMIF(가지급금!$E$10:$E$180,검증!A27,가지급금!$O$10:$O$180)*0.985 -> 0 | W27: =V27-AC27 -> 0 | Y27: =SUMIF('Sheet D'!$E$11:$E$60,A27,'Sheet D'!$P$11:$P$60) -> 0 | Z27: =SUMIFS(일반여신!$M$10:$M$35,일반여신!$E$10:$E$35,A27,일반여신!$P$10:$P$35,"신옹보증서대위변제") -> 0 | AA27: =Z27-Y27 -> 0 | AC27: =현금흐름취합!O27 -> 0 | AD27: =현금흐름취합!P27 -> 0 | AE27: =현금흐름취합!Q27 -> 0 | AF27: =현금흐름취합!R27 -> 0 | AG27: =현금흐름취합!S27 -> 0 | AH27: =현금흐름취합!T27 -> 0 | AI27: =현금흐름취합!U27 -> 0 | AJ27: =현금흐름취합!V27 -> 0 | ... ES27: =현금흐름취합!EE27 -> 0
A28: =현금흐름취합!A28 -> 0 | B28: =현금흐름취합!B28 -> 0 | C28: =현금흐름취합!C28 -> 0 | D28: =현금흐름취합!D28 -> 0 | F28: =현금흐름취합!E28 -> 0 | G28: =IF(F28="A","ok","pool 고치세요") -> pool 고치세요 | H28: =현금흐름취합!F28 -> 0 | I28: =현금흐름취합!G28 -> 0 | J28: =R28/K28=I28 -> #DIV/0! | K28: =현금흐름취합!H28 -> 0 | L28: =VLOOKUP(A28,'Sheet A'!$E$11:$K$60,7,0)=K28 -> #N/A | M28: =현금흐름취합!I28 -> 0 | N28: =IF(M28=12%,"OK","검토요") -> 검토요 | O28: =현금흐름취합!J28 -> 0 | P28: =현금흐름취합!K28 -> 0 | Q28: =현금흐름취합!L28 -> 0 | R28: =현금흐름취합!M28 -> 0 | S28: =XNPV(M28,AC28:ES28,$AC$1:$ES$1)=R28 -> #NUM! | T28: =현금흐름취합!N28 -> 0 | U28: =SUM(AC28:ES28)=T28 -> TRUE | V28: =SUMIF(일반여신!$E$10:$E$35,검증!A28,일반여신!$O$10:$O$35)*0.985-SUMIF(가지급금!$E$10:$E$180,A28,가지급금!$K$10:$K$180)+SUMIF(가지급금!$E$10:$E$180,검증!A28,가지급금!$O$10:$O$180)*0.985 -> 0 | W28: =V28-AC28 -> 0 | Y28: =SUMIF('Sheet D'!$E$11:$E$60,A28,'Sheet D'!$P$11:$P$60) -> 0 | Z28: =SUMIFS(일반여신!$M$10:$M$35,일반여신!$E$10:$E$35,A28,일반여신!$P$10:$P$35,"신옹보증서대위변제") -> 0 | AA28: =Z28-Y28 -> 0 | AC28: =현금흐름취합!O28 -> 0 | AD28: =현금흐름취합!P28 -> 0 | AE28: =현금흐름취합!Q28 -> 0 | AF28: =현금흐름취합!R28 -> 0 | AG28: =현금흐름취합!S28 -> 0 | AH28: =현금흐름취합!T28 -> 0 | AI28: =현금흐름취합!U28 -> 0 | AJ28: =현금흐름취합!V28 -> 0 | ... ES28: =현금흐름취합!EE28 -> 0
A29: =현금흐름취합!A29 -> 0 | B29: =현금흐름취합!B29 -> 0 | C29: =현금흐름취합!C29 -> 0 | D29: =현금흐름취합!D29 -> 0 | E29: =IF(R28>R29,"역전현상","이상없음") -> 이상없음 | F29: =현금흐름취합!E29 -> 0 | G29: =IF(F29="A","ok","pool 고치세요") -> pool 고치세요 | H29: =현금흐름취합!F29 -> 0 | I29: =현금흐름취합!G29 -> 0 | J29: =R29/K29=I29 -> #DIV/0! | K29: =현금흐름취합!H29 -> 0 | L29: =VLOOKUP(A29,'Sheet A'!$E$11:$K$60,7,0)=K29 -> #N/A | M29: =현금흐름취합!I29 -> 0 | N29: =IF(M29=12%,"OK","검토요") -> 검토요 | O29: =현금흐름취합!J29 -> 0 | P29: =현금흐름취합!K29 -> 0 | Q29: =현금흐름취합!L29 -> 0 | R29: =현금흐름취합!M29 -> 0 | S29: =XNPV(M29,AC29:ES29,$AC$1:$ES$1)=R29 -> #NUM! | T29: =현금흐름취합!N29 -> 0 | U29: =SUM(AC29:ES29)=T29 -> TRUE | V29: =SUMIF(일반여신!$E$10:$E$35,검증!A29,일반여신!$O$10:$O$35)*0.985-SUMIF(가지급금!$E$10:$E$180,A29,가지급금!$K$10:$K$180)+SUMIF(가지급금!$E$10:$E$180,검증!A29,가지급금!$O$10:$O$180)*0.985 -> 0 | W29: =V29-AC29 -> 0 | Y29: =SUMIF('Sheet D'!$E$11:$E$60,A29,'Sheet D'!$P$11:$P$60) -> 0 | Z29: =SUMIFS(일반여신!$M$10:$M$35,일반여신!$E$10:$E$35,A29,일반여신!$P$10:$P$35,"신옹보증서대위변제") -> 0 | AA29: =Z29-Y29 -> 0 | AC29: =현금흐름취합!O29 -> 0 | AD29: =현금흐름취합!P29 -> 0 | AE29: =현금흐름취합!Q29 -> 0 | AF29: =현금흐름취합!R29 -> 0 | AG29: =현금흐름취합!S29 -> 0 | AH29: =현금흐름취합!T29 -> 0 | AI29: =현금흐름취합!U29 -> 0 | AJ29: =현금흐름취합!V29 -> 0 | ... ES29: =현금흐름취합!EE29 -> 0
A30: =현금흐름취합!A30 -> 0 | B30: =현금흐름취합!B30 -> 0 | C30: =현금흐름취합!C30 -> 0 | D30: =현금흐름취합!D30 -> 0 | F30: =현금흐름취합!E30 -> 0 | G30: =IF(F30="A","ok","pool 고치세요") -> pool 고치세요 | H30: =현금흐름취합!F30 -> 0 | I30: =현금흐름취합!G30 -> 0 | J30: =R30/K30=I30 -> #DIV/0! | K30: =현금흐름취합!H30 -> 0 | L30: =VLOOKUP(A30,'Sheet A'!$E$11:$K$60,7,0)=K30 -> #N/A | M30: =현금흐름취합!I30 -> 0 | N30: =IF(M30=12%,"OK","검토요") -> 검토요 | O30: =현금흐름취합!J30 -> 0 | P30: =현금흐름취합!K30 -> 0 | Q30: =현금흐름취합!L30 -> 0 | R30: =현금흐름취합!M30 -> 0 | S30: =XNPV(M30,AC30:ES30,$AC$1:$ES$1)=R30 -> #NUM! | T30: =현금흐름취합!N30 -> 0 | U30: =SUM(AC30:ES30)=T30 -> TRUE | V30: =SUMIF(일반여신!$E$10:$E$35,검증!A30,일반여신!$O$10:$O$35)*0.985-SUMIF(가지급금!$E$10:$E$180,A30,가지급금!$K$10:$K$180)+SUMIF(가지급금!$E$10:$E$180,검증!A30,가지급금!$O$10:$O$180)*0.985 -> 0 | W30: =V30-AC30 -> 0 | Y30: =SUMIF('Sheet D'!$E$11:$E$60,A30,'Sheet D'!$P$11:$P$60) -> 0 | Z30: =SUMIFS(일반여신!$M$10:$M$35,일반여신!$E$10:$E$35,A30,일반여신!$P$10:$P$35,"신옹보증서대위변제") -> 0 | AA30: =Z30-Y30 -> 0 | AC30: =현금흐름취합!O30 -> 0 | AD30: =현금흐름취합!P30 -> 0 | AE30: =현금흐름취합!Q30 -> 0 | AF30: =현금흐름취합!R30 -> 0 | AG30: =현금흐름취합!S30 -> 0 | AH30: =현금흐름취합!T30 -> 0 | AI30: =현금흐름취합!U30 -> 0 | AJ30: =현금흐름취합!V30 -> 0 | ... ES30: =현금흐름취합!EE30 -> 0
A31: =현금흐름취합!A31 -> 0 | B31: =현금흐름취합!B31 -> 0 | C31: =현금흐름취합!C31 -> 0 | D31: =현금흐름취합!D31 -> 0 | E31: =IF(R30>R31,"역전현상","이상없음") -> 이상없음 | F31: =현금흐름취합!E31 -> 0 | G31: =IF(F31="A","ok","pool 고치세요") -> pool 고치세요 | H31: =현금흐름취합!F31 -> 0 | I31: =현금흐름취합!G31 -> 0 | J31: =R31/K31=I31 -> #DIV/0! | K31: =현금흐름취합!H31 -> 0 | L31: =VLOOKUP(A31,'Sheet A'!$E$11:$K$60,7,0)=K31 -> #N/A | M31: =현금흐름취합!I31 -> 0 | N31: =IF(M31=12%,"OK","검토요") -> 검토요 | O31: =현금흐름취합!J31 -> 0 | P31: =현금흐름취합!K31 -> 0 | Q31: =현금흐름취합!L31 -> 0 | R31: =현금흐름취합!M31 -> 0 | S31: =XNPV(M31,AC31:ES31,$AC$1:$ES$1)=R31 -> #NUM! | T31: =현금흐름취합!N31 -> 0 | U31: =SUM(AC31:ES31)=T31 -> TRUE | V31: =SUMIF(일반여신!$E$10:$E$35,검증!A31,일반여신!$O$10:$O$35)*0.985-SUMIF(가지급금!$E$10:$E$180,A31,가지급금!$K$10:$K$180)+SUMIF(가지급금!$E$10:$E$180,검증!A31,가지급금!$O$10:$O$180)*0.985 -> 0 | W31: =V31-AC31 -> 0 | Y31: =SUMIF('Sheet D'!$E$11:$E$60,A31,'Sheet D'!$P$11:$P$60) -> 0 | Z31: =SUMIFS(일반여신!$M$10:$M$35,일반여신!$E$10:$E$35,A31,일반여신!$P$10:$P$35,"신옹보증서대위변제") -> 0 | AA31: =Z31-Y31 -> 0 | AC31: =현금흐름취합!O31 -> 0 | AD31: =현금흐름취합!P31 -> 0 | AE31: =현금흐름취합!Q31 -> 0 | AF31: =현금흐름취합!R31 -> 0 | AG31: =현금흐름취합!S31 -> 0 | AH31: =현금흐름취합!T31 -> 0 | AI31: =현금흐름취합!U31 -> 0 | AJ31: =현금흐름취합!V31 -> 0 | ... ES31: =현금흐름취합!EE31 -> 0
A32: =현금흐름취합!A32 -> 0 | B32: =현금흐름취합!B32 -> 0 | C32: =현금흐름취합!C32 -> 0 | D32: =현금흐름취합!D32 -> 0 | F32: =현금흐름취합!E32 -> 0 | G32: =IF(F32="A","ok","pool 고치세요") -> pool 고치세요 | H32: =현금흐름취합!F32 -> 0 | I32: =현금흐름취합!G32 -> 0 | J32: =R32/K32=I32 -> #DIV/0! | K32: =현금흐름취합!H32 -> 0 | L32: =VLOOKUP(A32,'Sheet A'!$E$11:$K$60,7,0)=K32 -> #N/A | M32: =현금흐름취합!I32 -> 0 | N32: =IF(M32=12%,"OK","검토요") -> 검토요 | O32: =현금흐름취합!J32 -> 0 | P32: =현금흐름취합!K32 -> 0 | Q32: =현금흐름취합!L32 -> 0 | R32: =현금흐름취합!M32 -> 0 | S32: =XNPV(M32,AC32:ES32,$AC$1:$ES$1)=R32 -> #NUM! | T32: =현금흐름취합!N32 -> 0 | U32: =SUM(AC32:ES32)=T32 -> TRUE | V32: =SUMIF(일반여신!$E$10:$E$35,검증!A32,일반여신!$O$10:$O$35)*0.985-SUMIF(가지급금!$E$10:$E$180,A32,가지급금!$K$10:$K$180)+SUMIF(가지급금!$E$10:$E$180,검증!A32,가지급금!$O$10:$O$180)*0.985 -> 0 | W32: =V32-AC32 -> 0 | Y32: =SUMIF('Sheet D'!$E$11:$E$60,A32,'Sheet D'!$P$11:$P$60) -> 0 | Z32: =SUMIFS(일반여신!$M$10:$M$35,일반여신!$E$10:$E$35,A32,일반여신!$P$10:$P$35,"신옹보증서대위변제") -> 0 | AA32: =Z32-Y32 -> 0 | AC32: =현금흐름취합!O32 -> 0 | AD32: =현금흐름취합!P32 -> 0 | AE32: =현금흐름취합!Q32 -> 0 | AF32: =현금흐름취합!R32 -> 0 | AG32: =현금흐름취합!S32 -> 0 | AH32: =현금흐름취합!T32 -> 0 | AI32: =현금흐름취합!U32 -> 0 | AJ32: =현금흐름취합!V32 -> 0 | ... ES32: =현금흐름취합!EE32 -> 0
A33: =현금흐름취합!A33 -> 0 | B33: =현금흐름취합!B33 -> 0 | C33: =현금흐름취합!C33 -> 0 | D33: =현금흐름취합!D33 -> 0 | E33: =IF(R32>R33,"역전현상","이상없음") -> 이상없음 | F33: =현금흐름취합!E33 -> 0 | G33: =IF(F33="A","ok","pool 고치세요") -> pool 고치세요 | H33: =현금흐름취합!F33 -> 0 | I33: =현금흐름취합!G33 -> 0 | J33: =R33/K33=I33 -> #DIV/0! | K33: =현금흐름취합!H33 -> 0 | L33: =VLOOKUP(A33,'Sheet A'!$E$11:$K$60,7,0)=K33 -> #N/A | M33: =현금흐름취합!I33 -> 0 | N33: =IF(M33=12%,"OK","검토요") -> 검토요 | O33: =현금흐름취합!J33 -> 0 | P33: =현금흐름취합!K33 -> 0 | Q33: =현금흐름취합!L33 -> 0 | R33: =현금흐름취합!M33 -> 0 | S33: =XNPV(M33,AC33:ES33,$AC$1:$ES$1)=R33 -> #NUM! | T33: =현금흐름취합!N33 -> 0 | U33: =SUM(AC33:ES33)=T33 -> TRUE | V33: =SUMIF(일반여신!$E$10:$E$35,검증!A33,일반여신!$O$10:$O$35)*0.985-SUMIF(가지급금!$E$10:$E$180,A33,가지급금!$K$10:$K$180)+SUMIF(가지급금!$E$10:$E$180,검증!A33,가지급금!$O$10:$O$180)*0.985 -> 0 | W33: =V33-AC33 -> 0 | Y33: =SUMIF('Sheet D'!$E$11:$E$60,A33,'Sheet D'!$P$11:$P$60) -> 0 | Z33: =SUMIFS(일반여신!$M$10:$M$35,일반여신!$E$10:$E$35,A33,일반여신!$P$10:$P$35,"신옹보증서대위변제") -> 0 | AA33: =Z33-Y33 -> 0 | AC33: =현금흐름취합!O33 -> 0 | AD33: =현금흐름취합!P33 -> 0 | AE33: =현금흐름취합!Q33 -> 0 | AF33: =현금흐름취합!R33 -> 0 | AG33: =현금흐름취합!S33 -> 0 | AH33: =현금흐름취합!T33 -> 0 | AI33: =현금흐름취합!U33 -> 0 | AJ33: =현금흐름취합!V33 -> 0 | ... ES33: =현금흐름취합!EE33 -> 0
A34: =현금흐름취합!A34 -> 0 | B34: =현금흐름취합!B34 -> 0 | C34: =현금흐름취합!C34 -> 0 | D34: =현금흐름취합!D34 -> 0 | F34: =현금흐름취합!E34 -> 0 | G34: =IF(F34="A","ok","pool 고치세요") -> pool 고치세요 | H34: =현금흐름취합!F34 -> 0 | I34: =현금흐름취합!G34 -> 0 | J34: =R34/K34=I34 -> #DIV/0! | K34: =현금흐름취합!H34 -> 0 | L34: =VLOOKUP(A34,'Sheet A'!$E$11:$K$60,7,0)=K34 -> #N/A | M34: =현금흐름취합!I34 -> 0 | N34: =IF(M34=12%,"OK","검토요") -> 검토요 | O34: =현금흐름취합!J34 -> 0 | P34: =현금흐름취합!K34 -> 0 | Q34: =현금흐름취합!L34 -> 0 | R34: =현금흐름취합!M34 -> 0 | S34: =XNPV(M34,AC34:ES34,$AC$1:$ES$1)=R34 -> #NUM! | T34: =현금흐름취합!N34 -> 0 | U34: =SUM(AC34:ES34)=T34 -> TRUE | V34: =SUMIF(일반여신!$E$10:$E$35,검증!A34,일반여신!$O$10:$O$35)*0.985-SUMIF(가지급금!$E$10:$E$180,A34,가지급금!$K$10:$K$180)+SUMIF(가지급금!$E$10:$E$180,검증!A34,가지급금!$O$10:$O$180)*0.985 -> 0 | W34: =V34-AC34 -> 0 | Y34: =SUMIF('Sheet D'!$E$11:$E$60,A34,'Sheet D'!$P$11:$P$60) -> 0 | Z34: =SUMIFS(일반여신!$M$10:$M$35,일반여신!$E$10:$E$35,A34,일반여신!$P$10:$P$35,"신옹보증서대위변제") -> 0 | AA34: =Z34-Y34 -> 0 | AC34: =현금흐름취합!O34 -> 0 | AD34: =현금흐름취합!P34 -> 0 | AE34: =현금흐름취합!Q34 -> 0 | AF34: =현금흐름취합!R34 -> 0 | AG34: =현금흐름취합!S34 -> 0 | AH34: =현금흐름취합!T34 -> 0 | AI34: =현금흐름취합!U34 -> 0 | AJ34: =현금흐름취합!V34 -> 0 | ... ES34: =현금흐름취합!EE34 -> 0
A35: =현금흐름취합!A35 -> 0 | B35: =현금흐름취합!B35 -> 0 | C35: =현금흐름취합!C35 -> 0 | D35: =현금흐름취합!D35 -> 0 | E35: =IF(R34>R35,"역전현상","이상없음") -> 이상없음 | F35: =현금흐름취합!E35 -> 0 | G35: =IF(F35="A","ok","pool 고치세요") -> pool 고치세요 | H35: =현금흐름취합!F35 -> 0 | I35: =현금흐름취합!G35 -> 0 | J35: =R35/K35=I35 -> #DIV/0! | K35: =현금흐름취합!H35 -> 0 | L35: =VLOOKUP(A35,'Sheet A'!$E$11:$K$60,7,0)=K35 -> #N/A | M35: =현금흐름취합!I35 -> 0 | N35: =IF(M35=12%,"OK","검토요") -> 검토요 | O35: =현금흐름취합!J35 -> 0 | P35: =현금흐름취합!K35 -> 0 | Q35: =현금흐름취합!L35 -> 0 | R35: =현금흐름취합!M35 -> 0 | S35: =XNPV(M35,AC35:ES35,$AC$1:$ES$1)=R35 -> #NUM! | T35: =현금흐름취합!N35 -> 0 | U35: =SUM(AC35:ES35)=T35 -> TRUE | V35: =SUMIF(일반여신!$E$10:$E$35,검증!A35,일반여신!$O$10:$O$35)*0.985-SUMIF(가지급금!$E$10:$E$180,A35,가지급금!$K$10:$K$180)+SUMIF(가지급금!$E$10:$E$180,검증!A35,가지급금!$O$10:$O$180)*0.985 -> 0 | W35: =V35-AC35 -> 0 | Y35: =SUMIF('Sheet D'!$E$11:$E$60,A35,'Sheet D'!$P$11:$P$60) -> 0 | Z35: =SUMIFS(일반여신!$M$10:$M$35,일반여신!$E$10:$E$35,A35,일반여신!$P$10:$P$35,"신옹보증서대위변제") -> 0 | AA35: =Z35-Y35 -> 0 | AC35: =현금흐름취합!O35 -> 0 | AD35: =현금흐름취합!P35 -> 0 | AE35: =현금흐름취합!Q35 -> 0 | AF35: =현금흐름취합!R35 -> 0 | AG35: =현금흐름취합!S35 -> 0 | AH35: =현금흐름취합!T35 -> 0 | AI35: =현금흐름취합!U35 -> 0 | AJ35: =현금흐름취합!V35 -> 0 | ... ES35: =현금흐름취합!EE35 -> 0
A36: =현금흐름취합!A36 -> 0 | B36: =현금흐름취합!B36 -> 0 | C36: =현금흐름취합!C36 -> 0 | D36: =현금흐름취합!D36 -> 0 | F36: =현금흐름취합!E36 -> 0 | G36: =IF(F36="A","ok","pool 고치세요") -> pool 고치세요 | H36: =현금흐름취합!F36 -> 0 | I36: =현금흐름취합!G36 -> 0 | J36: =R36/K36=I36 -> #DIV/0! | K36: =현금흐름취합!H36 -> 0 | L36: =VLOOKUP(A36,'Sheet A'!$E$11:$K$60,7,0)=K36 -> #N/A | M36: =현금흐름취합!I36 -> 0 | N36: =IF(M36=12%,"OK","검토요") -> 검토요 | O36: =현금흐름취합!J36 -> 0 | P36: =현금흐름취합!K36 -> 0 | Q36: =현금흐름취합!L36 -> 0 | R36: =현금흐름취합!M36 -> 0 | S36: =XNPV(M36,AC36:ES36,$AC$1:$ES$1)=R36 -> #NUM! | T36: =현금흐름취합!N36 -> 0 | U36: =SUM(AC36:ES36)=T36 -> TRUE | V36: =SUMIF(일반여신!$E$10:$E$35,검증!A36,일반여신!$O$10:$O$35)*0.985-SUMIF(가지급금!$E$10:$E$180,A36,가지급금!$K$10:$K$180)+SUMIF(가지급금!$E$10:$E$180,검증!A36,가지급금!$O$10:$O$180)*0.985 -> 0 | W36: =V36-AC36 -> 0 | Y36: =SUMIF('Sheet D'!$E$11:$E$60,A36,'Sheet D'!$P$11:$P$60) -> 0 | Z36: =SUMIFS(일반여신!$M$10:$M$35,일반여신!$E$10:$E$35,A36,일반여신!$P$10:$P$35,"신옹보증서대위변제") -> 0 | AA36: =Z36-Y36 -> 0 | AC36: =현금흐름취합!O36 -> 0 | AD36: =현금흐름취합!P36 -> 0 | AE36: =현금흐름취합!Q36 -> 0 | AF36: =현금흐름취합!R36 -> 0 | AG36: =현금흐름취합!S36 -> 0 | AH36: =현금흐름취합!T36 -> 0 | AI36: =현금흐름취합!U36 -> 0 | AJ36: =현금흐름취합!V36 -> 0 | ... ES36: =현금흐름취합!EE36 -> 0
A37: =현금흐름취합!A37 -> 0 | B37: =현금흐름취합!B37 -> 0 | C37: =현금흐름취합!C37 -> 0 | D37: =현금흐름취합!D37 -> 0 | E37: =IF(R36>R37,"역전현상","이상없음") -> 이상없음 | F37: =현금흐름취합!E37 -> 0 | G37: =IF(F37="A","ok","pool 고치세요") -> pool 고치세요 | H37: =현금흐름취합!F37 -> 0 | I37: =현금흐름취합!G37 -> 0 | J37: =R37/K37=I37 -> #DIV/0! | K37: =현금흐름취합!H37 -> 0 | L37: =VLOOKUP(A37,'Sheet A'!$E$11:$K$60,7,0)=K37 -> #N/A | M37: =현금흐름취합!I37 -> 0 | N37: =IF(M37=12%,"OK","검토요") -> 검토요 | O37: =현금흐름취합!J37 -> 0 | P37: =현금흐름취합!K37 -> 0 | Q37: =현금흐름취합!L37 -> 0 | R37: =현금흐름취합!M37 -> 0 | S37: =XNPV(M37,AC37:ES37,$AC$1:$ES$1)=R37 -> #NUM! | T37: =현금흐름취합!N37 -> 0 | U37: =SUM(AC37:ES37)=T37 -> TRUE | V37: =SUMIF(일반여신!$E$10:$E$35,검증!A37,일반여신!$O$10:$O$35)*0.985-SUMIF(가지급금!$E$10:$E$180,A37,가지급금!$K$10:$K$180)+SUMIF(가지급금!$E$10:$E$180,검증!A37,가지급금!$O$10:$O$180)*0.985 -> 0 | W37: =V37-AC37 -> 0 | Y37: =SUMIF('Sheet D'!$E$11:$E$60,A37,'Sheet D'!$P$11:$P$60) -> 0 | Z37: =SUMIFS(일반여신!$M$10:$M$35,일반여신!$E$10:$E$35,A37,일반여신!$P$10:$P$35,"신옹보증서대위변제") -> 0 | AA37: =Z37-Y37 -> 0 | AC37: =현금흐름취합!O37 -> 0 | AD37: =현금흐름취합!P37 -> 0 | AE37: =현금흐름취합!Q37 -> 0 | AF37: =현금흐름취합!R37 -> 0 | AG37: =현금흐름취합!S37 -> 0 | AH37: =현금흐름취합!T37 -> 0 | AI37: =현금흐름취합!U37 -> 0 | AJ37: =현금흐름취합!V37 -> 0 | ... ES37: =현금흐름취합!EE37 -> 0
A38: =현금흐름취합!A38 -> 0 | B38: =현금흐름취합!B38 -> 0 | C38: =현금흐름취합!C38 -> 0 | D38: =현금흐름취합!D38 -> 0 | F38: =현금흐름취합!E38 -> 0 | G38: =IF(F38="A","ok","pool 고치세요") -> pool 고치세요 | H38: =현금흐름취합!F38 -> 0 | I38: =현금흐름취합!G38 -> 0 | J38: =R38/K38=I38 -> #DIV/0! | K38: =현금흐름취합!H38 -> 0 | L38: =VLOOKUP(A38,'Sheet A'!$E$11:$K$60,7,0)=K38 -> #N/A | M38: =현금흐름취합!I38 -> 0 | N38: =IF(M38=12%,"OK","검토요") -> 검토요 | O38: =현금흐름취합!J38 -> 0 | P38: =현금흐름취합!K38 -> 0 | Q38: =현금흐름취합!L38 -> 0 | R38: =현금흐름취합!M38 -> 0 | S38: =XNPV(M38,AC38:ES38,$AC$1:$ES$1)=R38 -> #NUM! | T38: =현금흐름취합!N38 -> 0 | U38: =SUM(AC38:ES38)=T38 -> TRUE | V38: =SUMIF(일반여신!$E$10:$E$35,검증!A38,일반여신!$O$10:$O$35)*0.985-SUMIF(가지급금!$E$10:$E$180,A38,가지급금!$K$10:$K$180)+SUMIF(가지급금!$E$10:$E$180,검증!A38,가지급금!$O$10:$O$180)*0.985 -> 0 | W38: =V38-AC38 -> 0 | Y38: =SUMIF('Sheet D'!$E$11:$E$60,A38,'Sheet D'!$P$11:$P$60) -> 0 | Z38: =SUMIFS(일반여신!$M$10:$M$35,일반여신!$E$10:$E$35,A38,일반여신!$P$10:$P$35,"신옹보증서대위변제") -> 0 | AA38: =Z38-Y38 -> 0 | AC38: =현금흐름취합!O38 -> 0 | AD38: =현금흐름취합!P38 -> 0 | AE38: =현금흐름취합!Q38 -> 0 | AF38: =현금흐름취합!R38 -> 0 | AG38: =현금흐름취합!S38 -> 0 | AH38: =현금흐름취합!T38 -> 0 | AI38: =현금흐름취합!U38 -> 0 | AJ38: =현금흐름취합!V38 -> 0 | ... ES38: =현금흐름취합!EE38 -> 0
A39: =현금흐름취합!A39 -> 0 | B39: =현금흐름취합!B39 -> 0 | C39: =현금흐름취합!C39 -> 0 | D39: =현금흐름취합!D39 -> 0 | E39: =IF(R38>R39,"역전현상","이상없음") -> 이상없음 | F39: =현금흐름취합!E39 -> 0 | G39: =IF(F39="A","ok","pool 고치세요") -> pool 고치세요 | H39: =현금흐름취합!F39 -> 0 | I39: =현금흐름취합!G39 -> 0 | J39: =R39/K39=I39 -> #DIV/0! | K39: =현금흐름취합!H39 -> 0 | L39: =VLOOKUP(A39,'Sheet A'!$E$11:$K$60,7,0)=K39 -> #N/A | M39: =현금흐름취합!I39 -> 0 | N39: =IF(M39=12%,"OK","검토요") -> 검토요 | O39: =현금흐름취합!J39 -> 0 | P39: =현금흐름취합!K39 -> 0 | Q39: =현금흐름취합!L39 -> 0 | R39: =현금흐름취합!M39 -> 0 | S39: =XNPV(M39,AC39:ES39,$AC$1:$ES$1)=R39 -> #NUM! | T39: =현금흐름취합!N39 -> 0 | U39: =SUM(AC39:ES39)=T39 -> TRUE | V39: =SUMIF(일반여신!$E$10:$E$35,검증!A39,일반여신!$O$10:$O$35)*0.985-SUMIF(가지급금!$E$10:$E$180,A39,가지급금!$K$10:$K$180)+SUMIF(가지급금!$E$10:$E$180,검증!A39,가지급금!$O$10:$O$180)*0.985 -> 0 | W39: =V39-AC39 -> 0 | Y39: =SUMIF('Sheet D'!$E$11:$E$60,A39,'Sheet D'!$P$11:$P$60) -> 0 | Z39: =SUMIFS(일반여신!$M$10:$M$35,일반여신!$E$10:$E$35,A39,일반여신!$P$10:$P$35,"신옹보증서대위변제") -> 0 | AA39: =Z39-Y39 -> 0 | AC39: =현금흐름취합!O39 -> 0 | AD39: =현금흐름취합!P39 -> 0 | AE39: =현금흐름취합!Q39 -> 0 | AF39: =현금흐름취합!R39 -> 0 | AG39: =현금흐름취합!S39 -> 0 | AH39: =현금흐름취합!T39 -> 0 | AI39: =현금흐름취합!U39 -> 0 | AJ39: =현금흐름취합!V39 -> 0 | ... ES39: =현금흐름취합!EE39 -> 0
A40: =현금흐름취합!A40 -> 0 | B40: =현금흐름취합!B40 -> 0 | C40: =현금흐름취합!C40 -> 0 | D40: =현금흐름취합!D40 -> 0 | F40: =현금흐름취합!E40 -> 0 | G40: =IF(F40="A","ok","pool 고치세요") -> pool 고치세요 | H40: =현금흐름취합!F40 -> 0 | I40: =현금흐름취합!G40 -> 0 | J40: =R40/K40=I40 -> #DIV/0! | K40: =현금흐름취합!H40 -> 0 | L40: =VLOOKUP(A40,'Sheet A'!$E$11:$K$60,7,0)=K40 -> #N/A | M40: =현금흐름취합!I40 -> 0 | N40: =IF(M40=12%,"OK","검토요") -> 검토요 | O40: =현금흐름취합!J40 -> 0 | P40: =현금흐름취합!K40 -> 0 | Q40: =현금흐름취합!L40 -> 0 | R40: =현금흐름취합!M40 -> 0 | S40: =XNPV(M40,AC40:ES40,$AC$1:$ES$1)=R40 -> #NUM! | T40: =현금흐름취합!N40 -> 0 | U40: =SUM(AC40:ES40)=T40 -> TRUE | V40: =SUMIF(일반여신!$E$10:$E$35,검증!A40,일반여신!$O$10:$O$35)*0.985-SUMIF(가지급금!$E$10:$E$180,A40,가지급금!$K$10:$K$180)+SUMIF(가지급금!$E$10:$E$180,검증!A40,가지급금!$O$10:$O$180)*0.985 -> 0 | W40: =V40-AC40 -> 0 | Y40: =SUMIF('Sheet D'!$E$11:$E$60,A40,'Sheet D'!$P$11:$P$60) -> 0 | Z40: =SUMIFS(일반여신!$M$10:$M$35,일반여신!$E$10:$E$35,A40,일반여신!$P$10:$P$35,"신옹보증서대위변제") -> 0 | AA40: =Z40-Y40 -> 0 | AC40: =현금흐름취합!O40 -> 0 | AD40: =현금흐름취합!P40 -> 0 | AE40: =현금흐름취합!Q40 -> 0 | AF40: =현금흐름취합!R40 -> 0 | AG40: =현금흐름취합!S40 -> 0 | AH40: =현금흐름취합!T40 -> 0 | AI40: =현금흐름취합!U40 -> 0 | AJ40: =현금흐름취합!V40 -> 0 | ... ES40: =현금흐름취합!EE40 -> 0
A41: =현금흐름취합!A41 -> 0 | B41: =현금흐름취합!B41 -> 0 | C41: =현금흐름취합!C41 -> 0 | D41: =현금흐름취합!D41 -> 0 | E41: =IF(R40>R41,"역전현상","이상없음") -> 이상없음 | F41: =현금흐름취합!E41 -> 0 | G41: =IF(F41="A","ok","pool 고치세요") -> pool 고치세요 | H41: =현금흐름취합!F41 -> 0 | I41: =현금흐름취합!G41 -> 0 | J41: =R41/K41=I41 -> #DIV/0! | K41: =현금흐름취합!H41 -> 0 | L41: =VLOOKUP(A41,'Sheet A'!$E$11:$K$60,7,0)=K41 -> #N/A | M41: =현금흐름취합!I41 -> 0 | N41: =IF(M41=12%,"OK","검토요") -> 검토요 | O41: =현금흐름취합!J41 -> 0 | P41: =현금흐름취합!K41 -> 0 | Q41: =현금흐름취합!L41 -> 0 | R41: =현금흐름취합!M41 -> 0 | S41: =XNPV(M41,AC41:ES41,$AC$1:$ES$1)=R41 -> #NUM! | T41: =현금흐름취합!N41 -> 0 | U41: =SUM(AC41:ES41)=T41 -> TRUE | V41: =SUMIF(일반여신!$E$10:$E$35,검증!A41,일반여신!$O$10:$O$35)*0.985-SUMIF(가지급금!$E$10:$E$180,A41,가지급금!$K$10:$K$180)+SUMIF(가지급금!$E$10:$E$180,검증!A41,가지급금!$O$10:$O$180)*0.985 -> 0 | W41: =V41-AC41 -> 0 | Y41: =SUMIF('Sheet D'!$E$11:$E$60,A41,'Sheet D'!$P$11:$P$60) -> 0 | Z41: =SUMIFS(일반여신!$M$10:$M$35,일반여신!$E$10:$E$35,A41,일반여신!$P$10:$P$35,"신옹보증서대위변제") -> 0 | AA41: =Z41-Y41 -> 0 | AC41: =현금흐름취합!O41 -> 0 | AD41: =현금흐름취합!P41 -> 0 | AE41: =현금흐름취합!Q41 -> 0 | AF41: =현금흐름취합!R41 -> 0 | AG41: =현금흐름취합!S41 -> 0 | AH41: =현금흐름취합!T41 -> 0 | AI41: =현금흐름취합!U41 -> 0 | AJ41: =현금흐름취합!V41 -> 0 | ... ES41: =현금흐름취합!EE41 -> 0
A42: =현금흐름취합!A42 -> 0 | B42: =현금흐름취합!B42 -> 0 | C42: =현금흐름취합!C42 -> 0 | D42: =현금흐름취합!D42 -> 0 | F42: =현금흐름취합!E42 -> 0 | G42: =IF(F42="A","ok","pool 고치세요") -> pool 고치세요 | H42: =현금흐름취합!F42 -> 0 | I42: =현금흐름취합!G42 -> 0 | J42: =R42/K42=I42 -> #DIV/0! | K42: =현금흐름취합!H42 -> 0 | L42: =VLOOKUP(A42,'Sheet A'!$E$11:$K$60,7,0)=K42 -> #N/A | M42: =현금흐름취합!I42 -> 0 | N42: =IF(M42=12%,"OK","검토요") -> 검토요 | O42: =현금흐름취합!J42 -> 0 | P42: =현금흐름취합!K42 -> 0 | Q42: =현금흐름취합!L42 -> 0 | R42: =현금흐름취합!M42 -> 0 | S42: =XNPV(M42,AC42:ES42,$AC$1:$ES$1)=R42 -> #NUM! | T42: =현금흐름취합!N42 -> 0 | U42: =SUM(AC42:ES42)=T42 -> TRUE | V42: =SUMIF(일반여신!$E$10:$E$35,검증!A42,일반여신!$O$10:$O$35)*0.985-SUMIF(가지급금!$E$10:$E$180,A42,가지급금!$K$10:$K$180)+SUMIF(가지급금!$E$10:$E$180,검증!A42,가지급금!$O$10:$O$180)*0.985 -> 0 | W42: =V42-AC42 -> 0 | Y42: =SUMIF('Sheet D'!$E$11:$E$60,A42,'Sheet D'!$P$11:$P$60) -> 0 | Z42: =SUMIFS(일반여신!$M$10:$M$35,일반여신!$E$10:$E$35,A42,일반여신!$P$10:$P$35,"신옹보증서대위변제") -> 0 | AA42: =Z42-Y42 -> 0 | AC42: =현금흐름취합!O42 -> 0 | AD42: =현금흐름취합!P42 -> 0 | AE42: =현금흐름취합!Q42 -> 0 | AF42: =현금흐름취합!R42 -> 0 | AG42: =현금흐름취합!S42 -> 0 | AH42: =현금흐름취합!T42 -> 0 | AI42: =현금흐름취합!U42 -> 0 | AJ42: =현금흐름취합!V42 -> 0 | ... ES42: =현금흐름취합!EE42 -> 0
A43: =현금흐름취합!A43 -> 0 | B43: =현금흐름취합!B43 -> 0 | C43: =현금흐름취합!C43 -> 0 | D43: =현금흐름취합!D43 -> 0 | E43: =IF(R42>R43,"역전현상","이상없음") -> 이상없음 | F43: =현금흐름취합!E43 -> 0 | G43: =IF(F43="A","ok","pool 고치세요") -> pool 고치세요 | H43: =현금흐름취합!F43 -> 0 | I43: =현금흐름취합!G43 -> 0 | J43: =R43/K43=I43 -> #DIV/0! | K43: =현금흐름취합!H43 -> 0 | L43: =VLOOKUP(A43,'Sheet A'!$E$11:$K$60,7,0)=K43 -> #N/A | M43: =현금흐름취합!I43 -> 0 | N43: =IF(M43=12%,"OK","검토요") -> 검토요 | O43: =현금흐름취합!J43 -> 0 | P43: =현금흐름취합!K43 -> 0 | Q43: =현금흐름취합!L43 -> 0 | R43: =현금흐름취합!M43 -> 0 | S43: =XNPV(M43,AC43:ES43,$AC$1:$ES$1)=R43 -> #NUM! | T43: =현금흐름취합!N43 -> 0 | U43: =SUM(AC43:ES43)=T43 -> TRUE | V43: =SUMIF(일반여신!$E$10:$E$35,검증!A43,일반여신!$O$10:$O$35)*0.985-SUMIF(가지급금!$E$10:$E$180,A43,가지급금!$K$10:$K$180)+SUMIF(가지급금!$E$10:$E$180,검증!A43,가지급금!$O$10:$O$180)*0.985 -> 0 | W43: =V43-AC43 -> 0 | Y43: =SUMIF('Sheet D'!$E$11:$E$60,A43,'Sheet D'!$P$11:$P$60) -> 0 | Z43: =SUMIFS(일반여신!$M$10:$M$35,일반여신!$E$10:$E$35,A43,일반여신!$P$10:$P$35,"신옹보증서대위변제") -> 0 | AA43: =Z43-Y43 -> 0 | AC43: =현금흐름취합!O43 -> 0 | AD43: =현금흐름취합!P43 -> 0 | AE43: =현금흐름취합!Q43 -> 0 | AF43: =현금흐름취합!R43 -> 0 | AG43: =현금흐름취합!S43 -> 0 | AH43: =현금흐름취합!T43 -> 0 | AI43: =현금흐름취합!U43 -> 0 | AJ43: =현금흐름취합!V43 -> 0 | ... ES43: =현금흐름취합!EE43 -> 0
A44: =현금흐름취합!A44 -> 0 | B44: =현금흐름취합!B44 -> 0 | C44: =현금흐름취합!C44 -> 0 | D44: =현금흐름취합!D44 -> 0 | F44: =현금흐름취합!E44 -> 0 | G44: =IF(F44="A","ok","pool 고치세요") -> pool 고치세요 | H44: =현금흐름취합!F44 -> 0 | I44: =현금흐름취합!G44 -> 0 | J44: =R44/K44=I44 -> #DIV/0! | K44: =현금흐름취합!H44 -> 0 | L44: =VLOOKUP(A44,'Sheet A'!$E$11:$K$60,7,0)=K44 -> #N/A | M44: =현금흐름취합!I44 -> 0 | N44: =IF(M44=12%,"OK","검토요") -> 검토요 | O44: =현금흐름취합!J44 -> 0 | P44: =현금흐름취합!K44 -> 0 | Q44: =현금흐름취합!L44 -> 0 | R44: =현금흐름취합!M44 -> 0 | S44: =XNPV(M44,AC44:ES44,$AC$1:$ES$1)=R44 -> #NUM! | T44: =현금흐름취합!N44 -> 0 | U44: =SUM(AC44:ES44)=T44 -> TRUE | V44: =SUMIF(일반여신!$E$10:$E$35,검증!A44,일반여신!$O$10:$O$35)*0.985-SUMIF(가지급금!$E$10:$E$180,A44,가지급금!$K$10:$K$180)+SUMIF(가지급금!$E$10:$E$180,검증!A44,가지급금!$O$10:$O$180)*0.985 -> 0 | W44: =V44-AC44 -> 0 | Y44: =SUMIF('Sheet D'!$E$11:$E$60,A44,'Sheet D'!$P$11:$P$60) -> 0 | Z44: =SUMIFS(일반여신!$M$10:$M$35,일반여신!$E$10:$E$35,A44,일반여신!$P$10:$P$35,"신옹보증서대위변제") -> 0 | AA44: =Z44-Y44 -> 0 | AC44: =현금흐름취합!O44 -> 0 | AD44: =현금흐름취합!P44 -> 0 | AE44: =현금흐름취합!Q44 -> 0 | AF44: =현금흐름취합!R44 -> 0 | AG44: =현금흐름취합!S44 -> 0 | AH44: =현금흐름취합!T44 -> 0 | AI44: =현금흐름취합!U44 -> 0 | AJ44: =현금흐름취합!V44 -> 0 | ... ES44: =현금흐름취합!EE44 -> 0
A45: =현금흐름취합!A45 -> 0 | B45: =현금흐름취합!B45 -> 0 | C45: =현금흐름취합!C45 -> 0 | D45: =현금흐름취합!D45 -> 0 | E45: =IF(R44>R45,"역전현상","이상없음") -> 이상없음 | F45: =현금흐름취합!E45 -> 0 | G45: =IF(F45="A","ok","pool 고치세요") -> pool 고치세요 | H45: =현금흐름취합!F45 -> 0 | I45: =현금흐름취합!G45 -> 0 | J45: =R45/K45=I45 -> #DIV/0! | K45: =현금흐름취합!H45 -> 0 | L45: =VLOOKUP(A45,'Sheet A'!$E$11:$K$60,7,0)=K45 -> #N/A | M45: =현금흐름취합!I45 -> 0 | N45: =IF(M45=12%,"OK","검토요") -> 검토요 | O45: =현금흐름취합!J45 -> 0 | P45: =현금흐름취합!K45 -> 0 | Q45: =현금흐름취합!L45 -> 0 | R45: =현금흐름취합!M45 -> 0 | S45: =XNPV(M45,AC45:ES45,$AC$1:$ES$1)=R45 -> #NUM! | T45: =현금흐름취합!N45 -> 0 | U45: =SUM(AC45:ES45)=T45 -> TRUE | V45: =SUMIF(일반여신!$E$10:$E$35,검증!A45,일반여신!$O$10:$O$35)*0.985-SUMIF(가지급금!$E$10:$E$180,A45,가지급금!$K$10:$K$180)+SUMIF(가지급금!$E$10:$E$180,검증!A45,가지급금!$O$10:$O$180)*0.985 -> 0 | W45: =V45-AC45 -> 0 | Y45: =SUMIF('Sheet D'!$E$11:$E$60,A45,'Sheet D'!$P$11:$P$60) -> 0 | Z45: =SUMIFS(일반여신!$M$10:$M$35,일반여신!$E$10:$E$35,A45,일반여신!$P$10:$P$35,"신옹보증서대위변제") -> 0 | AA45: =Z45-Y45 -> 0 | AC45: =현금흐름취합!O45 -> 0 | AD45: =현금흐름취합!P45 -> 0 | AE45: =현금흐름취합!Q45 -> 0 | AF45: =현금흐름취합!R45 -> 0 | AG45: =현금흐름취합!S45 -> 0 | AH45: =현금흐름취합!T45 -> 0 | AI45: =현금흐름취합!U45 -> 0 | AJ45: =현금흐름취합!V45 -> 0 | ... ES45: =현금흐름취합!EE45 -> 0
A46: =현금흐름취합!A46 -> 0 | B46: =현금흐름취합!B46 -> 0 | C46: =현금흐름취합!C46 -> 0 | D46: =현금흐름취합!D46 -> 0 | F46: =현금흐름취합!E46 -> 0 | G46: =IF(F46="A","ok","pool 고치세요") -> pool 고치세요 | H46: =현금흐름취합!F46 -> 0 | I46: =현금흐름취합!G46 -> 0 | J46: =R46/K46=I46 -> #DIV/0! | K46: =현금흐름취합!H46 -> 0 | L46: =VLOOKUP(A46,'Sheet A'!$E$11:$K$60,7,0)=K46 -> #N/A | M46: =현금흐름취합!I46 -> 0 | N46: =IF(M46=12%,"OK","검토요") -> 검토요 | O46: =현금흐름취합!J46 -> 0 | P46: =현금흐름취합!K46 -> 0 | Q46: =현금흐름취합!L46 -> 0 | R46: =현금흐름취합!M46 -> 0 | S46: =XNPV(M46,AC46:ES46,$AC$1:$ES$1)=R46 -> #NUM! | T46: =현금흐름취합!N46 -> 0 | U46: =SUM(AC46:ES46)=T46 -> TRUE | V46: =SUMIF(일반여신!$E$10:$E$35,검증!A46,일반여신!$O$10:$O$35)*0.985-SUMIF(가지급금!$E$10:$E$180,A46,가지급금!$K$10:$K$180)+SUMIF(가지급금!$E$10:$E$180,검증!A46,가지급금!$O$10:$O$180)*0.985 -> 0 | W46: =V46-AC46 -> 0 | Y46: =SUMIF('Sheet D'!$E$11:$E$60,A46,'Sheet D'!$P$11:$P$60) -> 0 | Z46: =SUMIFS(일반여신!$M$10:$M$35,일반여신!$E$10:$E$35,A46,일반여신!$P$10:$P$35,"신옹보증서대위변제") -> 0 | AA46: =Z46-Y46 -> 0 | AC46: =현금흐름취합!O46 -> 0 | AD46: =현금흐름취합!P46 -> 0 | AE46: =현금흐름취합!Q46 -> 0 | AF46: =현금흐름취합!R46 -> 0 | AG46: =현금흐름취합!S46 -> 0 | AH46: =현금흐름취합!T46 -> 0 | AI46: =현금흐름취합!U46 -> 0 | AJ46: =현금흐름취합!V46 -> 0 | ... ES46: =현금흐름취합!EE46 -> 0
A47: =현금흐름취합!A47 -> 0 | B47: =현금흐름취합!B47 -> 0 | C47: =현금흐름취합!C47 -> 0 | D47: =현금흐름취합!D47 -> 0 | E47: =IF(R46>R47,"역전현상","이상없음") -> 이상없음 | F47: =현금흐름취합!E47 -> 0 | G47: =IF(F47="A","ok","pool 고치세요") -> pool 고치세요 | H47: =현금흐름취합!F47 -> 0 | I47: =현금흐름취합!G47 -> 0 | J47: =R47/K47=I47 -> #DIV/0! | K47: =현금흐름취합!H47 -> 0 | L47: =VLOOKUP(A47,'Sheet A'!$E$11:$K$60,7,0)=K47 -> #N/A | M47: =현금흐름취합!I47 -> 0 | N47: =IF(M47=12%,"OK","검토요") -> 검토요 | O47: =현금흐름취합!J47 -> 0 | P47: =현금흐름취합!K47 -> 0 | Q47: =현금흐름취합!L47 -> 0 | R47: =현금흐름취합!M47 -> 0 | S47: =XNPV(M47,AC47:ES47,$AC$1:$ES$1)=R47 -> #NUM! | T47: =현금흐름취합!N47 -> 0 | U47: =SUM(AC47:ES47)=T47 -> TRUE | V47: =SUMIF(일반여신!$E$10:$E$35,검증!A47,일반여신!$O$10:$O$35)*0.985-SUMIF(가지급금!$E$10:$E$180,A47,가지급금!$K$10:$K$180)+SUMIF(가지급금!$E$10:$E$180,검증!A47,가지급금!$O$10:$O$180)*0.985 -> 0 | W47: =V47-AC47 -> 0 | Y47: =SUMIF('Sheet D'!$E$11:$E$60,A47,'Sheet D'!$P$11:$P$60) -> 0 | Z47: =SUMIFS(일반여신!$M$10:$M$35,일반여신!$E$10:$E$35,A47,일반여신!$P$10:$P$35,"신옹보증서대위변제") -> 0 | AA47: =Z47-Y47 -> 0 | AC47: =현금흐름취합!O47 -> 0 | AD47: =현금흐름취합!P47 -> 0 | AE47: =현금흐름취합!Q47 -> 0 | AF47: =현금흐름취합!R47 -> 0 | AG47: =현금흐름취합!S47 -> 0 | AH47: =현금흐름취합!T47 -> 0 | AI47: =현금흐름취합!U47 -> 0 | AJ47: =현금흐름취합!V47 -> 0 | ... ES47: =현금흐름취합!EE47 -> 0
A48: =현금흐름취합!A48 -> 0 | B48: =현금흐름취합!B48 -> 0 | C48: =현금흐름취합!C48 -> 0 | D48: =현금흐름취합!D48 -> 0 | F48: =현금흐름취합!E48 -> 0 | G48: =IF(F48="A","ok","pool 고치세요") -> pool 고치세요 | H48: =현금흐름취합!F48 -> 0 | I48: =현금흐름취합!G48 -> 0 | J48: =R48/K48=I48 -> #DIV/0! | K48: =현금흐름취합!H48 -> 0 | L48: =VLOOKUP(A48,'Sheet A'!$E$11:$K$60,7,0)=K48 -> #N/A | M48: =현금흐름취합!I48 -> 0 | N48: =IF(M48=12%,"OK","검토요") -> 검토요 | O48: =현금흐름취합!J48 -> 0 | P48: =현금흐름취합!K48 -> 0 | Q48: =현금흐름취합!L48 -> 0 | R48: =현금흐름취합!M48 -> 0 | S48: =XNPV(M48,AC48:ES48,$AC$1:$ES$1)=R48 -> #NUM! | T48: =현금흐름취합!N48 -> 0 | U48: =SUM(AC48:ES48)=T48 -> TRUE | V48: =SUMIF(일반여신!$E$10:$E$35,검증!A48,일반여신!$O$10:$O$35)*0.985-SUMIF(가지급금!$E$10:$E$180,A48,가지급금!$K$10:$K$180)+SUMIF(가지급금!$E$10:$E$180,검증!A48,가지급금!$O$10:$O$180)*0.985 -> 0 | W48: =V48-AC48 -> 0 | Y48: =SUMIF('Sheet D'!$E$11:$E$60,A48,'Sheet D'!$P$11:$P$60) -> 0 | Z48: =SUMIFS(일반여신!$M$10:$M$35,일반여신!$E$10:$E$35,A48,일반여신!$P$10:$P$35,"신옹보증서대위변제") -> 0 | AA48: =Z48-Y48 -> 0 | AC48: =현금흐름취합!O48 -> 0 | AD48: =현금흐름취합!P48 -> 0 | AE48: =현금흐름취합!Q48 -> 0 | AF48: =현금흐름취합!R48 -> 0 | AG48: =현금흐름취합!S48 -> 0 | AH48: =현금흐름취합!T48 -> 0 | AI48: =현금흐름취합!U48 -> 0 | AJ48: =현금흐름취합!V48 -> 0 | ... ES48: =현금흐름취합!EE48 -> 0
A49: =현금흐름취합!A49 -> 0 | B49: =현금흐름취합!B49 -> 0 | C49: =현금흐름취합!C49 -> 0 | D49: =현금흐름취합!D49 -> 0 | E49: =IF(R48>R49,"역전현상","이상없음") -> 이상없음 | F49: =현금흐름취합!E49 -> 0 | G49: =IF(F49="A","ok","pool 고치세요") -> pool 고치세요 | H49: =현금흐름취합!F49 -> 0 | I49: =현금흐름취합!G49 -> 0 | J49: =R49/K49=I49 -> #DIV/0! | K49: =현금흐름취합!H49 -> 0 | L49: =VLOOKUP(A49,'Sheet A'!$E$11:$K$60,7,0)=K49 -> #N/A | M49: =현금흐름취합!I49 -> 0 | N49: =IF(M49=12%,"OK","검토요") -> 검토요 | O49: =현금흐름취합!J49 -> 0 | P49: =현금흐름취합!K49 -> 0 | Q49: =현금흐름취합!L49 -> 0 | R49: =현금흐름취합!M49 -> 0 | S49: =XNPV(M49,AC49:ES49,$AC$1:$ES$1)=R49 -> #NUM! | T49: =현금흐름취합!N49 -> 0 | U49: =SUM(AC49:ES49)=T49 -> TRUE | V49: =SUMIF(일반여신!$E$10:$E$35,검증!A49,일반여신!$O$10:$O$35)*0.985-SUMIF(가지급금!$E$10:$E$180,A49,가지급금!$K$10:$K$180)+SUMIF(가지급금!$E$10:$E$180,검증!A49,가지급금!$O$10:$O$180)*0.985 -> 0 | W49: =V49-AC49 -> 0 | Y49: =SUMIF('Sheet D'!$E$11:$E$60,A49,'Sheet D'!$P$11:$P$60) -> 0 | Z49: =SUMIFS(일반여신!$M$10:$M$35,일반여신!$E$10:$E$35,A49,일반여신!$P$10:$P$35,"신옹보증서대위변제") -> 0 | AA49: =Z49-Y49 -> 0 | AC49: =현금흐름취합!O49 -> 0 | AD49: =현금흐름취합!P49 -> 0 | AE49: =현금흐름취합!Q49 -> 0 | AF49: =현금흐름취합!R49 -> 0 | AG49: =현금흐름취합!S49 -> 0 | AH49: =현금흐름취합!T49 -> 0 | AI49: =현금흐름취합!U49 -> 0 | AJ49: =현금흐름취합!V49 -> 0 | ... ES49: =현금흐름취합!EE49 -> 0
A50: =현금흐름취합!A50 -> 0 | B50: =현금흐름취합!B50 -> 0 | C50: =현금흐름취합!C50 -> 0 | D50: =현금흐름취합!D50 -> 0 | F50: =현금흐름취합!E50 -> 0 | G50: =IF(F50="A","ok","pool 고치세요") -> pool 고치세요 | H50: =현금흐름취합!F50 -> 0 | I50: =현금흐름취합!G50 -> 0 | J50: =R50/K50=I50 -> #DIV/0! | K50: =현금흐름취합!H50 -> 0 | L50: =VLOOKUP(A50,'Sheet A'!$E$11:$K$60,7,0)=K50 -> #N/A | M50: =현금흐름취합!I50 -> 0 | N50: =IF(M50=12%,"OK","검토요") -> 검토요 | O50: =현금흐름취합!J50 -> 0 | P50: =현금흐름취합!K50 -> 0 | Q50: =현금흐름취합!L50 -> 0 | R50: =현금흐름취합!M50 -> 0 | S50: =XNPV(M50,AC50:ES50,$AC$1:$ES$1)=R50 -> #NUM! | T50: =현금흐름취합!N50 -> 0 | U50: =SUM(AC50:ES50)=T50 -> TRUE | V50: =SUMIF(일반여신!$E$10:$E$35,검증!A50,일반여신!$O$10:$O$35)*0.985-SUMIF(가지급금!$E$10:$E$180,A50,가지급금!$K$10:$K$180)+SUMIF(가지급금!$E$10:$E$180,검증!A50,가지급금!$O$10:$O$180)*0.985 -> 0 | W50: =V50-AC50 -> 0 | Y50: =SUMIF('Sheet D'!$E$11:$E$60,A50,'Sheet D'!$P$11:$P$60) -> 0 | Z50: =SUMIFS(일반여신!$M$10:$M$35,일반여신!$E$10:$E$35,A50,일반여신!$P$10:$P$35,"신옹보증서대위변제") -> 0 | AA50: =Z50-Y50 -> 0 | AC50: =현금흐름취합!O50 -> 0 | AD50: =현금흐름취합!P50 -> 0 | AE50: =현금흐름취합!Q50 -> 0 | AF50: =현금흐름취합!R50 -> 0 | AG50: =현금흐름취합!S50 -> 0 | AH50: =현금흐름취합!T50 -> 0 | AI50: =현금흐름취합!U50 -> 0 | AJ50: =현금흐름취합!V50 -> 0 | ... ES50: =현금흐름취합!EE50 -> 0
A51: =현금흐름취합!A51 -> 0 | B51: =현금흐름취합!B51 -> 0 | C51: =현금흐름취합!C51 -> 0 | D51: =현금흐름취합!D51 -> 0 | E51: =IF(R50>R51,"역전현상","이상없음") -> 이상없음 | F51: =현금흐름취합!E51 -> 0 | G51: =IF(F51="A","ok","pool 고치세요") -> pool 고치세요 | H51: =현금흐름취합!F51 -> 0 | I51: =현금흐름취합!G51 -> 0 | J51: =R51/K51=I51 -> #DIV/0! | K51: =현금흐름취합!H51 -> 0 | L51: =VLOOKUP(A51,'Sheet A'!$E$11:$K$60,7,0)=K51 -> #N/A | M51: =현금흐름취합!I51 -> 0 | N51: =IF(M51=12%,"OK","검토요") -> 검토요 | O51: =현금흐름취합!J51 -> 0 | P51: =현금흐름취합!K51 -> 0 | Q51: =현금흐름취합!L51 -> 0 | R51: =현금흐름취합!M51 -> 0 | S51: =XNPV(M51,AC51:ES51,$AC$1:$ES$1)=R51 -> #NUM! | T51: =현금흐름취합!N51 -> 0 | U51: =SUM(AC51:ES51)=T51 -> TRUE | V51: =SUMIF(일반여신!$E$10:$E$35,검증!A51,일반여신!$O$10:$O$35)*0.985-SUMIF(가지급금!$E$10:$E$180,A51,가지급금!$K$10:$K$180)+SUMIF(가지급금!$E$10:$E$180,검증!A51,가지급금!$O$10:$O$180)*0.985 -> 0 | W51: =V51-AC51 -> 0 | Y51: =SUMIF('Sheet D'!$E$11:$E$60,A51,'Sheet D'!$P$11:$P$60) -> 0 | Z51: =SUMIFS(일반여신!$M$10:$M$35,일반여신!$E$10:$E$35,A51,일반여신!$P$10:$P$35,"신옹보증서대위변제") -> 0 | AA51: =Z51-Y51 -> 0 | AC51: =현금흐름취합!O51 -> 0 | AD51: =현금흐름취합!P51 -> 0 | AE51: =현금흐름취합!Q51 -> 0 | AF51: =현금흐름취합!R51 -> 0 | AG51: =현금흐름취합!S51 -> 0 | AH51: =현금흐름취합!T51 -> 0 | AI51: =현금흐름취합!U51 -> 0 | AJ51: =현금흐름취합!V51 -> 0 | ... ES51: =현금흐름취합!EE51 -> 0
A52: =현금흐름취합!A52 -> 0 | B52: =현금흐름취합!B52 -> 0 | C52: =현금흐름취합!C52 -> 0 | D52: =현금흐름취합!D52 -> 0 | F52: =현금흐름취합!E52 -> 0 | G52: =IF(F52="A","ok","pool 고치세요") -> pool 고치세요 | H52: =현금흐름취합!F52 -> 0 | I52: =현금흐름취합!G52 -> 0 | J52: =R52/K52=I52 -> #DIV/0! | K52: =현금흐름취합!H52 -> 0 | L52: =VLOOKUP(A52,'Sheet A'!$E$11:$K$60,7,0)=K52 -> #N/A | M52: =현금흐름취합!I52 -> 0 | N52: =IF(M52=12%,"OK","검토요") -> 검토요 | O52: =현금흐름취합!J52 -> 0 | P52: =현금흐름취합!K52 -> 0 | Q52: =현금흐름취합!L52 -> 0 | R52: =현금흐름취합!M52 -> 0 | S52: =XNPV(M52,AC52:ES52,$AC$1:$ES$1)=R52 -> #NUM! | T52: =현금흐름취합!N52 -> 0 | U52: =SUM(AC52:ES52)=T52 -> TRUE | V52: =SUMIF(일반여신!$E$10:$E$35,검증!A52,일반여신!$O$10:$O$35)*0.985-SUMIF(가지급금!$E$10:$E$180,A52,가지급금!$K$10:$K$180)+SUMIF(가지급금!$E$10:$E$180,검증!A52,가지급금!$O$10:$O$180)*0.985 -> 0 | W52: =V52-AC52 -> 0 | Y52: =SUMIF('Sheet D'!$E$11:$E$60,A52,'Sheet D'!$P$11:$P$60) -> 0 | Z52: =SUMIFS(일반여신!$M$10:$M$35,일반여신!$E$10:$E$35,A52,일반여신!$P$10:$P$35,"신옹보증서대위변제") -> 0 | AA52: =Z52-Y52 -> 0 | AC52: =현금흐름취합!O52 -> 0 | AD52: =현금흐름취합!P52 -> 0 | AE52: =현금흐름취합!Q52 -> 0 | AF52: =현금흐름취합!R52 -> 0 | AG52: =현금흐름취합!S52 -> 0 | AH52: =현금흐름취합!T52 -> 0 | AI52: =현금흐름취합!U52 -> 0 | AJ52: =현금흐름취합!V52 -> 0 | ... ES52: =현금흐름취합!EE52 -> 0
A53: =현금흐름취합!A53 -> 0 | B53: =현금흐름취합!B53 -> 0 | C53: =현금흐름취합!C53 -> 0 | D53: =현금흐름취합!D53 -> 0 | E53: =IF(R52>R53,"역전현상","이상없음") -> 이상없음 | F53: =현금흐름취합!E53 -> 0 | G53: =IF(F53="A","ok","pool 고치세요") -> pool 고치세요 | H53: =현금흐름취합!F53 -> 0 | I53: =현금흐름취합!G53 -> 0 | J53: =R53/K53=I53 -> #DIV/0! | K53: =현금흐름취합!H53 -> 0 | L53: =VLOOKUP(A53,'Sheet A'!$E$11:$K$60,7,0)=K53 -> #N/A | M53: =현금흐름취합!I53 -> 0 | N53: =IF(M53=12%,"OK","검토요") -> 검토요 | O53: =현금흐름취합!J53 -> 0 | P53: =현금흐름취합!K53 -> 0 | Q53: =현금흐름취합!L53 -> 0 | R53: =현금흐름취합!M53 -> 0 | S53: =XNPV(M53,AC53:ES53,$AC$1:$ES$1)=R53 -> #NUM! | T53: =현금흐름취합!N53 -> 0 | U53: =SUM(AC53:ES53)=T53 -> TRUE | V53: =SUMIF(일반여신!$E$10:$E$35,검증!A53,일반여신!$O$10:$O$35)*0.985-SUMIF(가지급금!$E$10:$E$180,A53,가지급금!$K$10:$K$180)+SUMIF(가지급금!$E$10:$E$180,검증!A53,가지급금!$O$10:$O$180)*0.985 -> 0 | W53: =V53-AC53 -> 0 | Y53: =SUMIF('Sheet D'!$E$11:$E$60,A53,'Sheet D'!$P$11:$P$60) -> 0 | Z53: =SUMIFS(일반여신!$M$10:$M$35,일반여신!$E$10:$E$35,A53,일반여신!$P$10:$P$35,"신옹보증서대위변제") -> 0 | AA53: =Z53-Y53 -> 0 | AC53: =현금흐름취합!O53 -> 0 | AD53: =현금흐름취합!P53 -> 0 | AE53: =현금흐름취합!Q53 -> 0 | AF53: =현금흐름취합!R53 -> 0 | AG53: =현금흐름취합!S53 -> 0 | AH53: =현금흐름취합!T53 -> 0 | AI53: =현금흐름취합!U53 -> 0 | AJ53: =현금흐름취합!V53 -> 0 | ... ES53: =현금흐름취합!EE53 -> 0
A54: =현금흐름취합!A54 -> 0 | B54: =현금흐름취합!B54 -> 0 | C54: =현금흐름취합!C54 -> 0 | D54: =현금흐름취합!D54 -> 0 | F54: =현금흐름취합!E54 -> 0 | G54: =IF(F54="A","ok","pool 고치세요") -> pool 고치세요 | H54: =현금흐름취합!F54 -> 0 | I54: =현금흐름취합!G54 -> 0 | J54: =R54/K54=I54 -> #DIV/0! | K54: =현금흐름취합!H54 -> 0 | L54: =VLOOKUP(A54,'Sheet A'!$E$11:$K$60,7,0)=K54 -> #N/A | M54: =현금흐름취합!I54 -> 0 | N54: =IF(M54=12%,"OK","검토요") -> 검토요 | O54: =현금흐름취합!J54 -> 0 | P54: =현금흐름취합!K54 -> 0 | Q54: =현금흐름취합!L54 -> 0 | R54: =현금흐름취합!M54 -> 0 | S54: =XNPV(M54,AC54:ES54,$AC$1:$ES$1)=R54 -> #NUM! | T54: =현금흐름취합!N54 -> 0 | U54: =SUM(AC54:ES54)=T54 -> TRUE | V54: =SUMIF(일반여신!$E$10:$E$35,검증!A54,일반여신!$O$10:$O$35)*0.985-SUMIF(가지급금!$E$10:$E$180,A54,가지급금!$K$10:$K$180)+SUMIF(가지급금!$E$10:$E$180,검증!A54,가지급금!$O$10:$O$180)*0.985 -> 0 | W54: =V54-AC54 -> 0 | Y54: =SUMIF('Sheet D'!$E$11:$E$60,A54,'Sheet D'!$P$11:$P$60) -> 0 | Z54: =SUMIFS(일반여신!$M$10:$M$35,일반여신!$E$10:$E$35,A54,일반여신!$P$10:$P$35,"신옹보증서대위변제") -> 0 | AA54: =Z54-Y54 -> 0 | AC54: =현금흐름취합!O54 -> 0 | AD54: =현금흐름취합!P54 -> 0 | AE54: =현금흐름취합!Q54 -> 0 | AF54: =현금흐름취합!R54 -> 0 | AG54: =현금흐름취합!S54 -> 0 | AH54: =현금흐름취합!T54 -> 0 | AI54: =현금흐름취합!U54 -> 0 | AJ54: =현금흐름취합!V54 -> 0 | ... ES54: =현금흐름취합!EE54 -> 0
A55: =현금흐름취합!A55 -> 0 | B55: =현금흐름취합!B55 -> 0 | C55: =현금흐름취합!C55 -> 0 | D55: =현금흐름취합!D55 -> 0 | E55: =IF(R54>R55,"역전현상","이상없음") -> 이상없음 | F55: =현금흐름취합!E55 -> 0 | G55: =IF(F55="A","ok","pool 고치세요") -> pool 고치세요 | H55: =현금흐름취합!F55 -> 0 | I55: =현금흐름취합!G55 -> 0 | J55: =R55/K55=I55 -> #DIV/0! | K55: =현금흐름취합!H55 -> 0 | L55: =VLOOKUP(A55,'Sheet A'!$E$11:$K$60,7,0)=K55 -> #N/A | M55: =현금흐름취합!I55 -> 0 | N55: =IF(M55=12%,"OK","검토요") -> 검토요 | O55: =현금흐름취합!J55 -> 0 | P55: =현금흐름취합!K55 -> 0 | Q55: =현금흐름취합!L55 -> 0 | R55: =현금흐름취합!M55 -> 0 | S55: =XNPV(M55,AC55:ES55,$AC$1:$ES$1)=R55 -> #NUM! | T55: =현금흐름취합!N55 -> 0 | U55: =SUM(AC55:ES55)=T55 -> TRUE | V55: =SUMIF(일반여신!$E$10:$E$35,검증!A55,일반여신!$O$10:$O$35)*0.985-SUMIF(가지급금!$E$10:$E$180,A55,가지급금!$K$10:$K$180)+SUMIF(가지급금!$E$10:$E$180,검증!A55,가지급금!$O$10:$O$180)*0.985 -> 0 | W55: =V55-AC55 -> 0 | Y55: =SUMIF('Sheet D'!$E$11:$E$60,A55,'Sheet D'!$P$11:$P$60) -> 0 | Z55: =SUMIFS(일반여신!$M$10:$M$35,일반여신!$E$10:$E$35,A55,일반여신!$P$10:$P$35,"신옹보증서대위변제") -> 0 | AA55: =Z55-Y55 -> 0 | AC55: =현금흐름취합!O55 -> 0 | AD55: =현금흐름취합!P55 -> 0 | AE55: =현금흐름취합!Q55 -> 0 | AF55: =현금흐름취합!R55 -> 0 | AG55: =현금흐름취합!S55 -> 0 | AH55: =현금흐름취합!T55 -> 0 | AI55: =현금흐름취합!U55 -> 0 | AJ55: =현금흐름취합!V55 -> 0 | ... ES55: =현금흐름취합!EE55 -> 0
A56: =현금흐름취합!A56 -> 0 | B56: =현금흐름취합!B56 -> 0 | C56: =현금흐름취합!C56 -> 0 | D56: =현금흐름취합!D56 -> 0 | F56: =현금흐름취합!E56 -> 0 | G56: =IF(F56="A","ok","pool 고치세요") -> pool 고치세요 | H56: =현금흐름취합!F56 -> 0 | I56: =현금흐름취합!G56 -> 0 | J56: =R56/K56=I56 -> #DIV/0! | K56: =현금흐름취합!H56 -> 0 | L56: =VLOOKUP(A56,'Sheet A'!$E$11:$K$60,7,0)=K56 -> #N/A | M56: =현금흐름취합!I56 -> 0 | N56: =IF(M56=12%,"OK","검토요") -> 검토요 | O56: =현금흐름취합!J56 -> 0 | P56: =현금흐름취합!K56 -> 0 | Q56: =현금흐름취합!L56 -> 0 | R56: =현금흐름취합!M56 -> 0 | S56: =XNPV(M56,AC56:ES56,$AC$1:$ES$1)=R56 -> #NUM! | T56: =현금흐름취합!N56 -> 0 | U56: =SUM(AC56:ES56)=T56 -> TRUE | V56: =SUMIF(일반여신!$E$10:$E$35,검증!A56,일반여신!$O$10:$O$35)*0.985-SUMIF(가지급금!$E$10:$E$180,A56,가지급금!$K$10:$K$180)+SUMIF(가지급금!$E$10:$E$180,검증!A56,가지급금!$O$10:$O$180)*0.985 -> 0 | W56: =V56-AC56 -> 0 | Y56: =SUMIF('Sheet D'!$E$11:$E$60,A56,'Sheet D'!$P$11:$P$60) -> 0 | Z56: =SUMIFS(일반여신!$M$10:$M$35,일반여신!$E$10:$E$35,A56,일반여신!$P$10:$P$35,"신옹보증서대위변제") -> 0 | AA56: =Z56-Y56 -> 0 | AC56: =현금흐름취합!O56 -> 0 | AD56: =현금흐름취합!P56 -> 0 | AE56: =현금흐름취합!Q56 -> 0 | AF56: =현금흐름취합!R56 -> 0 | AG56: =현금흐름취합!S56 -> 0 | AH56: =현금흐름취합!T56 -> 0 | AI56: =현금흐름취합!U56 -> 0 | AJ56: =현금흐름취합!V56 -> 0 | ... ES56: =현금흐름취합!EE56 -> 0
A57: =현금흐름취합!A57 -> 0 | B57: =현금흐름취합!B57 -> 0 | C57: =현금흐름취합!C57 -> 0 | D57: =현금흐름취합!D57 -> 0 | E57: =IF(R56>R57,"역전현상","이상없음") -> 이상없음 | F57: =현금흐름취합!E57 -> 0 | G57: =IF(F57="A","ok","pool 고치세요") -> pool 고치세요 | H57: =현금흐름취합!F57 -> 0 | I57: =현금흐름취합!G57 -> 0 | J57: =R57/K57=I57 -> #DIV/0! | K57: =현금흐름취합!H57 -> 0 | L57: =VLOOKUP(A57,'Sheet A'!$E$11:$K$60,7,0)=K57 -> #N/A | M57: =현금흐름취합!I57 -> 0 | N57: =IF(M57=12%,"OK","검토요") -> 검토요 | O57: =현금흐름취합!J57 -> 0 | P57: =현금흐름취합!K57 -> 0 | Q57: =현금흐름취합!L57 -> 0 | R57: =현금흐름취합!M57 -> 0 | S57: =XNPV(M57,AC57:ES57,$AC$1:$ES$1)=R57 -> #NUM! | T57: =현금흐름취합!N57 -> 0 | U57: =SUM(AC57:ES57)=T57 -> TRUE | V57: =SUMIF(일반여신!$E$10:$E$35,검증!A57,일반여신!$O$10:$O$35)*0.985-SUMIF(가지급금!$E$10:$E$180,A57,가지급금!$K$10:$K$180)+SUMIF(가지급금!$E$10:$E$180,검증!A57,가지급금!$O$10:$O$180)*0.985 -> 0 | W57: =V57-AC57 -> 0 | Y57: =SUMIF('Sheet D'!$E$11:$E$60,A57,'Sheet D'!$P$11:$P$60) -> 0 | Z57: =SUMIFS(일반여신!$M$10:$M$35,일반여신!$E$10:$E$35,A57,일반여신!$P$10:$P$35,"신옹보증서대위변제") -> 0 | AA57: =Z57-Y57 -> 0 | AC57: =현금흐름취합!O57 -> 0 | AD57: =현금흐름취합!P57 -> 0 | AE57: =현금흐름취합!Q57 -> 0 | AF57: =현금흐름취합!R57 -> 0 | AG57: =현금흐름취합!S57 -> 0 | AH57: =현금흐름취합!T57 -> 0 | AI57: =현금흐름취합!U57 -> 0 | AJ57: =현금흐름취합!V57 -> 0 | ... ES57: =현금흐름취합!EE57 -> 0
A58: =현금흐름취합!A58 -> 0 | B58: =현금흐름취합!B58 -> 0 | C58: =현금흐름취합!C58 -> 0 | D58: =현금흐름취합!D58 -> 0 | F58: =현금흐름취합!E58 -> 0 | G58: =IF(F58="A","ok","pool 고치세요") -> pool 고치세요 | H58: =현금흐름취합!F58 -> 0 | I58: =현금흐름취합!G58 -> 0 | J58: =R58/K58=I58 -> #DIV/0! | K58: =현금흐름취합!H58 -> 0 | L58: =VLOOKUP(A58,'Sheet A'!$E$11:$K$60,7,0)=K58 -> #N/A | M58: =현금흐름취합!I58 -> 0 | N58: =IF(M58=12%,"OK","검토요") -> 검토요 | O58: =현금흐름취합!J58 -> 0 | P58: =현금흐름취합!K58 -> 0 | Q58: =현금흐름취합!L58 -> 0 | R58: =현금흐름취합!M58 -> 0 | S58: =XNPV(M58,AC58:ES58,$AC$1:$ES$1)=R58 -> #NUM! | T58: =현금흐름취합!N58 -> 0 | U58: =SUM(AC58:ES58)=T58 -> TRUE | V58: =SUMIF(일반여신!$E$10:$E$35,검증!A58,일반여신!$O$10:$O$35)*0.985-SUMIF(가지급금!$E$10:$E$180,A58,가지급금!$K$10:$K$180)+SUMIF(가지급금!$E$10:$E$180,검증!A58,가지급금!$O$10:$O$180)*0.985 -> 0 | W58: =V58-AC58 -> 0 | Y58: =SUMIF('Sheet D'!$E$11:$E$60,A58,'Sheet D'!$P$11:$P$60) -> 0 | Z58: =SUMIFS(일반여신!$M$10:$M$35,일반여신!$E$10:$E$35,A58,일반여신!$P$10:$P$35,"신옹보증서대위변제") -> 0 | AA58: =Z58-Y58 -> 0 | AC58: =현금흐름취합!O58 -> 0 | AD58: =현금흐름취합!P58 -> 0 | AE58: =현금흐름취합!Q58 -> 0 | AF58: =현금흐름취합!R58 -> 0 | AG58: =현금흐름취합!S58 -> 0 | AH58: =현금흐름취합!T58 -> 0 | AI58: =현금흐름취합!U58 -> 0 | AJ58: =현금흐름취합!V58 -> 0 | ... ES58: =현금흐름취합!EE58 -> 0
A59: =현금흐름취합!A59 -> 0 | B59: =현금흐름취합!B59 -> 0 | C59: =현금흐름취합!C59 -> 0 | D59: =현금흐름취합!D59 -> 0 | E59: =IF(R58>R59,"역전현상","이상없음") -> 이상없음 | F59: =현금흐름취합!E59 -> 0 | G59: =IF(F59="A","ok","pool 고치세요") -> pool 고치세요 | H59: =현금흐름취합!F59 -> 0 | I59: =현금흐름취합!G59 -> 0 | J59: =R59/K59=I59 -> #DIV/0! | K59: =현금흐름취합!H59 -> 0 | L59: =VLOOKUP(A59,'Sheet A'!$E$11:$K$60,7,0)=K59 -> #N/A | M59: =현금흐름취합!I59 -> 0 | N59: =IF(M59=12%,"OK","검토요") -> 검토요 | O59: =현금흐름취합!J59 -> 0 | P59: =현금흐름취합!K59 -> 0 | Q59: =현금흐름취합!L59 -> 0 | R59: =현금흐름취합!M59 -> 0 | S59: =XNPV(M59,AC59:ES59,$AC$1:$ES$1)=R59 -> #NUM! | T59: =현금흐름취합!N59 -> 0 | U59: =SUM(AC59:ES59)=T59 -> TRUE | V59: =SUMIF(일반여신!$E$10:$E$35,검증!A59,일반여신!$O$10:$O$35)*0.985-SUMIF(가지급금!$E$10:$E$180,A59,가지급금!$K$10:$K$180)+SUMIF(가지급금!$E$10:$E$180,검증!A59,가지급금!$O$10:$O$180)*0.985 -> 0 | W59: =V59-AC59 -> 0 | Y59: =SUMIF('Sheet D'!$E$11:$E$60,A59,'Sheet D'!$P$11:$P$60) -> 0 | Z59: =SUMIFS(일반여신!$M$10:$M$35,일반여신!$E$10:$E$35,A59,일반여신!$P$10:$P$35,"신옹보증서대위변제") -> 0 | AA59: =Z59-Y59 -> 0 | AC59: =현금흐름취합!O59 -> 0 | AD59: =현금흐름취합!P59 -> 0 | AE59: =현금흐름취합!Q59 -> 0 | AF59: =현금흐름취합!R59 -> 0 | AG59: =현금흐름취합!S59 -> 0 | AH59: =현금흐름취합!T59 -> 0 | AI59: =현금흐름취합!U59 -> 0 | AJ59: =현금흐름취합!V59 -> 0 | ... ES59: =현금흐름취합!EE59 -> 0
A60: =현금흐름취합!A60 -> 0 | B60: =현금흐름취합!B60 -> 0 | C60: =현금흐름취합!C60 -> 0 | D60: =현금흐름취합!D60 -> 0 | F60: =현금흐름취합!E60 -> 0 | G60: =IF(F60="A","ok","pool 고치세요") -> pool 고치세요 | H60: =현금흐름취합!F60 -> 0 | I60: =현금흐름취합!G60 -> 0 | J60: =R60/K60=I60 -> #DIV/0! | K60: =현금흐름취합!H60 -> 0 | L60: =VLOOKUP(A60,'Sheet A'!$E$11:$K$60,7,0)=K60 -> #N/A | M60: =현금흐름취합!I60 -> 0 | N60: =IF(M60=12%,"OK","검토요") -> 검토요 | O60: =현금흐름취합!J60 -> 0 | P60: =현금흐름취합!K60 -> 0 | Q60: =현금흐름취합!L60 -> 0 | R60: =현금흐름취합!M60 -> 0 | S60: =XNPV(M60,AC60:ES60,$AC$1:$ES$1)=R60 -> #NUM! | T60: =현금흐름취합!N60 -> 0 | U60: =SUM(AC60:ES60)=T60 -> TRUE | V60: =SUMIF(일반여신!$E$10:$E$35,검증!A60,일반여신!$O$10:$O$35)*0.985-SUMIF(가지급금!$E$10:$E$180,A60,가지급금!$K$10:$K$180)+SUMIF(가지급금!$E$10:$E$180,검증!A60,가지급금!$O$10:$O$180)*0.985 -> 0 | W60: =V60-AC60 -> 0 | Y60: =SUMIF('Sheet D'!$E$11:$E$60,A60,'Sheet D'!$P$11:$P$60) -> 0 | Z60: =SUMIFS(일반여신!$M$10:$M$35,일반여신!$E$10:$E$35,A60,일반여신!$P$10:$P$35,"신옹보증서대위변제") -> 0 | AA60: =Z60-Y60 -> 0 | AC60: =현금흐름취합!O60 -> 0 | AD60: =현금흐름취합!P60 -> 0 | AE60: =현금흐름취합!Q60 -> 0 | AF60: =현금흐름취합!R60 -> 0 | AG60: =현금흐름취합!S60 -> 0 | AH60: =현금흐름취합!T60 -> 0 | AI60: =현금흐름취합!U60 -> 0 | AJ60: =현금흐름취합!V60 -> 0 | ... ES60: =현금흐름취합!EE60 -> 0
A61: =현금흐름취합!A61 -> 0 | B61: =현금흐름취합!B61 -> 0 | C61: =현금흐름취합!C61 -> 0 | D61: =현금흐름취합!D61 -> 0 | E61: =IF(R60>R61,"역전현상","이상없음") -> 이상없음 | F61: =현금흐름취합!E61 -> 0 | G61: =IF(F61="A","ok","pool 고치세요") -> pool 고치세요 | H61: =현금흐름취합!F61 -> 0 | I61: =현금흐름취합!G61 -> 0 | J61: =R61/K61=I61 -> #DIV/0! | K61: =현금흐름취합!H61 -> 0 | L61: =VLOOKUP(A61,'Sheet A'!$E$11:$K$60,7,0)=K61 -> #N/A | M61: =현금흐름취합!I61 -> 0 | N61: =IF(M61=12%,"OK","검토요") -> 검토요 | O61: =현금흐름취합!J61 -> 0 | P61: =현금흐름취합!K61 -> 0 | Q61: =현금흐름취합!L61 -> 0 | R61: =현금흐름취합!M61 -> 0 | S61: =XNPV(M61,AC61:ES61,$AC$1:$ES$1)=R61 -> #NUM! | T61: =현금흐름취합!N61 -> 0 | U61: =SUM(AC61:ES61)=T61 -> TRUE | V61: =SUMIF(일반여신!$E$10:$E$35,검증!A61,일반여신!$O$10:$O$35)*0.985-SUMIF(가지급금!$E$10:$E$180,A61,가지급금!$K$10:$K$180)+SUMIF(가지급금!$E$10:$E$180,검증!A61,가지급금!$O$10:$O$180)*0.985 -> 0 | W61: =V61-AC61 -> 0 | Y61: =SUMIF('Sheet D'!$E$11:$E$60,A61,'Sheet D'!$P$11:$P$60) -> 0 | Z61: =SUMIFS(일반여신!$M$10:$M$35,일반여신!$E$10:$E$35,A61,일반여신!$P$10:$P$35,"신옹보증서대위변제") -> 0 | AA61: =Z61-Y61 -> 0 | AC61: =현금흐름취합!O61 -> 0 | AD61: =현금흐름취합!P61 -> 0 | AE61: =현금흐름취합!Q61 -> 0 | AF61: =현금흐름취합!R61 -> 0 | AG61: =현금흐름취합!S61 -> 0 | AH61: =현금흐름취합!T61 -> 0 | AI61: =현금흐름취합!U61 -> 0 | AJ61: =현금흐름취합!V61 -> 0 | ... ES61: =현금흐름취합!EE61 -> 0
A62: =현금흐름취합!A62 -> 0 | B62: =현금흐름취합!B62 -> 0 | C62: =현금흐름취합!C62 -> 0 | D62: =현금흐름취합!D62 -> 0 | F62: =현금흐름취합!E62 -> 0 | G62: =IF(F62="A","ok","pool 고치세요") -> pool 고치세요 | H62: =현금흐름취합!F62 -> 0 | I62: =현금흐름취합!G62 -> 0 | J62: =R62/K62=I62 -> #DIV/0! | K62: =현금흐름취합!H62 -> 0 | L62: =VLOOKUP(A62,'Sheet A'!$E$11:$K$60,7,0)=K62 -> #N/A | M62: =현금흐름취합!I62 -> 0 | N62: =IF(M62=12%,"OK","검토요") -> 검토요 | O62: =현금흐름취합!J62 -> 0 | P62: =현금흐름취합!K62 -> 0 | Q62: =현금흐름취합!L62 -> 0 | R62: =현금흐름취합!M62 -> 0 | S62: =XNPV(M62,AC62:ES62,$AC$1:$ES$1)=R62 -> #NUM! | T62: =현금흐름취합!N62 -> 0 | U62: =SUM(AC62:ES62)=T62 -> TRUE | V62: =SUMIF(일반여신!$E$10:$E$35,검증!A62,일반여신!$O$10:$O$35)*0.985-SUMIF(가지급금!$E$10:$E$180,A62,가지급금!$K$10:$K$180)+SUMIF(가지급금!$E$10:$E$180,검증!A62,가지급금!$O$10:$O$180)*0.985 -> 0 | W62: =V62-AC62 -> 0 | Y62: =SUMIF('Sheet D'!$E$11:$E$60,A62,'Sheet D'!$P$11:$P$60) -> 0 | Z62: =SUMIFS(일반여신!$M$10:$M$35,일반여신!$E$10:$E$35,A62,일반여신!$P$10:$P$35,"신옹보증서대위변제") -> 0 | AA62: =Z62-Y62 -> 0 | AC62: =현금흐름취합!O62 -> 0 | AD62: =현금흐름취합!P62 -> 0 | AE62: =현금흐름취합!Q62 -> 0 | AF62: =현금흐름취합!R62 -> 0 | AG62: =현금흐름취합!S62 -> 0 | AH62: =현금흐름취합!T62 -> 0 | AI62: =현금흐름취합!U62 -> 0 | AJ62: =현금흐름취합!V62 -> 0 | ... ES62: =현금흐름취합!EE62 -> 0
A63: =현금흐름취합!A63 -> 0 | B63: =현금흐름취합!B63 -> 0 | C63: =현금흐름취합!C63 -> 0 | D63: =현금흐름취합!D63 -> 0 | E63: =IF(R62>R63,"역전현상","이상없음") -> 이상없음 | F63: =현금흐름취합!E63 -> 0 | G63: =IF(F63="A","ok","pool 고치세요") -> pool 고치세요 | H63: =현금흐름취합!F63 -> 0 | I63: =현금흐름취합!G63 -> 0 | J63: =R63/K63=I63 -> #DIV/0! | K63: =현금흐름취합!H63 -> 0 | L63: =VLOOKUP(A63,'Sheet A'!$E$11:$K$60,7,0)=K63 -> #N/A | M63: =현금흐름취합!I63 -> 0 | N63: =IF(M63=12%,"OK","검토요") -> 검토요 | O63: =현금흐름취합!J63 -> 0 | P63: =현금흐름취합!K63 -> 0 | Q63: =현금흐름취합!L63 -> 0 | R63: =현금흐름취합!M63 -> 0 | S63: =XNPV(M63,AC63:ES63,$AC$1:$ES$1)=R63 -> #NUM! | T63: =현금흐름취합!N63 -> 0 | U63: =SUM(AC63:ES63)=T63 -> TRUE | V63: =SUMIF(일반여신!$E$10:$E$35,검증!A63,일반여신!$O$10:$O$35)*0.985-SUMIF(가지급금!$E$10:$E$180,A63,가지급금!$K$10:$K$180)+SUMIF(가지급금!$E$10:$E$180,검증!A63,가지급금!$O$10:$O$180)*0.985 -> 0 | W63: =V63-AC63 -> 0 | Y63: =SUMIF('Sheet D'!$E$11:$E$60,A63,'Sheet D'!$P$11:$P$60) -> 0 | Z63: =SUMIFS(일반여신!$M$10:$M$35,일반여신!$E$10:$E$35,A63,일반여신!$P$10:$P$35,"신옹보증서대위변제") -> 0 | AA63: =Z63-Y63 -> 0 | AC63: =현금흐름취합!O63 -> 0 | AD63: =현금흐름취합!P63 -> 0 | AE63: =현금흐름취합!Q63 -> 0 | AF63: =현금흐름취합!R63 -> 0 | AG63: =현금흐름취합!S63 -> 0 | AH63: =현금흐름취합!T63 -> 0 | AI63: =현금흐름취합!U63 -> 0 | AJ63: =현금흐름취합!V63 -> 0 | ... ES63: =현금흐름취합!EE63 -> 0
A64: =현금흐름취합!A64 -> 0 | B64: =현금흐름취합!B64 -> 0 | C64: =현금흐름취합!C64 -> 0 | D64: =현금흐름취합!D64 -> 0 | F64: =현금흐름취합!E64 -> 0 | G64: =IF(F64="A","ok","pool 고치세요") -> pool 고치세요 | H64: =현금흐름취합!F64 -> 0 | I64: =현금흐름취합!G64 -> 0 | J64: =R64/K64=I64 -> #DIV/0! | K64: =현금흐름취합!H64 -> 0 | L64: =VLOOKUP(A64,'Sheet A'!$E$11:$K$60,7,0)=K64 -> #N/A | M64: =현금흐름취합!I64 -> 0 | N64: =IF(M64=12%,"OK","검토요") -> 검토요 | O64: =현금흐름취합!J64 -> 0 | P64: =현금흐름취합!K64 -> 0 | Q64: =현금흐름취합!L64 -> 0 | R64: =현금흐름취합!M64 -> 0 | S64: =XNPV(M64,AC64:ES64,$AC$1:$ES$1)=R64 -> #NUM! | T64: =현금흐름취합!N64 -> 0 | U64: =SUM(AC64:ES64)=T64 -> TRUE | V64: =SUMIF(일반여신!$E$10:$E$35,검증!A64,일반여신!$O$10:$O$35)*0.985-SUMIF(가지급금!$E$10:$E$180,A64,가지급금!$K$10:$K$180)+SUMIF(가지급금!$E$10:$E$180,검증!A64,가지급금!$O$10:$O$180)*0.985 -> 0 | W64: =V64-AC64 -> 0 | Y64: =SUMIF('Sheet D'!$E$11:$E$60,A64,'Sheet D'!$P$11:$P$60) -> 0 | Z64: =SUMIFS(일반여신!$M$10:$M$35,일반여신!$E$10:$E$35,A64,일반여신!$P$10:$P$35,"신옹보증서대위변제") -> 0 | AA64: =Z64-Y64 -> 0 | AC64: =현금흐름취합!O64 -> 0 | AD64: =현금흐름취합!P64 -> 0 | AE64: =현금흐름취합!Q64 -> 0 | AF64: =현금흐름취합!R64 -> 0 | AG64: =현금흐름취합!S64 -> 0 | AH64: =현금흐름취합!T64 -> 0 | AI64: =현금흐름취합!U64 -> 0 | AJ64: =현금흐름취합!V64 -> 0 | ... ES64: =현금흐름취합!EE64 -> 0
A65: =현금흐름취합!A65 -> 0 | B65: =현금흐름취합!B65 -> 0 | C65: =현금흐름취합!C65 -> 0 | D65: =현금흐름취합!D65 -> 0 | E65: =IF(R64>R65,"역전현상","이상없음") -> 이상없음 | F65: =현금흐름취합!E65 -> 0 | G65: =IF(F65="A","ok","pool 고치세요") -> pool 고치세요 | H65: =현금흐름취합!F65 -> 0 | I65: =현금흐름취합!G65 -> 0 | J65: =R65/K65=I65 -> #DIV/0! | K65: =현금흐름취합!H65 -> 0 | L65: =VLOOKUP(A65,'Sheet A'!$E$11:$K$60,7,0)=K65 -> #N/A | M65: =현금흐름취합!I65 -> 0 | N65: =IF(M65=12%,"OK","검토요") -> 검토요 | O65: =현금흐름취합!J65 -> 0 | P65: =현금흐름취합!K65 -> 0 | Q65: =현금흐름취합!L65 -> 0 | R65: =현금흐름취합!M65 -> 0 | S65: =XNPV(M65,AC65:ES65,$AC$1:$ES$1)=R65 -> #NUM! | T65: =현금흐름취합!N65 -> 0 | U65: =SUM(AC65:ES65)=T65 -> TRUE | V65: =SUMIF(일반여신!$E$10:$E$35,검증!A65,일반여신!$O$10:$O$35)*0.985-SUMIF(가지급금!$E$10:$E$180,A65,가지급금!$K$10:$K$180)+SUMIF(가지급금!$E$10:$E$180,검증!A65,가지급금!$O$10:$O$180)*0.985 -> 0 | W65: =V65-AC65 -> 0 | Y65: =SUMIF('Sheet D'!$E$11:$E$60,A65,'Sheet D'!$P$11:$P$60) -> 0 | Z65: =SUMIFS(일반여신!$M$10:$M$35,일반여신!$E$10:$E$35,A65,일반여신!$P$10:$P$35,"신옹보증서대위변제") -> 0 | AA65: =Z65-Y65 -> 0 | AC65: =현금흐름취합!O65 -> 0 | AD65: =현금흐름취합!P65 -> 0 | AE65: =현금흐름취합!Q65 -> 0 | AF65: =현금흐름취합!R65 -> 0 | AG65: =현금흐름취합!S65 -> 0 | AH65: =현금흐름취합!T65 -> 0 | AI65: =현금흐름취합!U65 -> 0 | AJ65: =현금흐름취합!V65 -> 0 | ... ES65: =현금흐름취합!EE65 -> 0
A66: =현금흐름취합!A66 -> 0 | B66: =현금흐름취합!B66 -> 0 | C66: =현금흐름취합!C66 -> 0 | D66: =현금흐름취합!D66 -> 0 | F66: =현금흐름취합!E66 -> 0 | G66: =IF(F66="A","ok","pool 고치세요") -> pool 고치세요 | H66: =현금흐름취합!F66 -> 0 | I66: =현금흐름취합!G66 -> 0 | J66: =R66/K66=I66 -> #DIV/0! | K66: =현금흐름취합!H66 -> 0 | L66: =VLOOKUP(A66,'Sheet A'!$E$11:$K$60,7,0)=K66 -> #N/A | M66: =현금흐름취합!I66 -> 0 | N66: =IF(M66=12%,"OK","검토요") -> 검토요 | O66: =현금흐름취합!J66 -> 0 | P66: =현금흐름취합!K66 -> 0 | Q66: =현금흐름취합!L66 -> 0 | R66: =현금흐름취합!M66 -> 0 | S66: =XNPV(M66,AC66:ES66,$AC$1:$ES$1)=R66 -> #NUM! | T66: =현금흐름취합!N66 -> 0 | U66: =SUM(AC66:ES66)=T66 -> TRUE | V66: =SUMIF(일반여신!$E$10:$E$35,검증!A66,일반여신!$O$10:$O$35)*0.985-SUMIF(가지급금!$E$10:$E$180,A66,가지급금!$K$10:$K$180)+SUMIF(가지급금!$E$10:$E$180,검증!A66,가지급금!$O$10:$O$180)*0.985 -> 0 | W66: =V66-AC66 -> 0 | Y66: =SUMIF('Sheet D'!$E$11:$E$60,A66,'Sheet D'!$P$11:$P$60) -> 0 | Z66: =SUMIFS(일반여신!$M$10:$M$35,일반여신!$E$10:$E$35,A66,일반여신!$P$10:$P$35,"신옹보증서대위변제") -> 0 | AA66: =Z66-Y66 -> 0 | AC66: =현금흐름취합!O66 -> 0 | AD66: =현금흐름취합!P66 -> 0 | AE66: =현금흐름취합!Q66 -> 0 | AF66: =현금흐름취합!R66 -> 0 | AG66: =현금흐름취합!S66 -> 0 | AH66: =현금흐름취합!T66 -> 0 | AI66: =현금흐름취합!U66 -> 0 | AJ66: =현금흐름취합!V66 -> 0 | ... ES66: =현금흐름취합!EE66 -> 0
A67: =현금흐름취합!A67 -> 0 | B67: =현금흐름취합!B67 -> 0 | C67: =현금흐름취합!C67 -> 0 | D67: =현금흐름취합!D67 -> 0 | E67: =IF(R66>R67,"역전현상","이상없음") -> 이상없음 | F67: =현금흐름취합!E67 -> 0 | G67: =IF(F67="A","ok","pool 고치세요") -> pool 고치세요 | H67: =현금흐름취합!F67 -> 0 | I67: =현금흐름취합!G67 -> 0 | J67: =R67/K67=I67 -> #DIV/0! | K67: =현금흐름취합!H67 -> 0 | L67: =VLOOKUP(A67,'Sheet A'!$E$11:$K$60,7,0)=K67 -> #N/A | M67: =현금흐름취합!I67 -> 0 | N67: =IF(M67=12%,"OK","검토요") -> 검토요 | O67: =현금흐름취합!J67 -> 0 | P67: =현금흐름취합!K67 -> 0 | Q67: =현금흐름취합!L67 -> 0 | R67: =현금흐름취합!M67 -> 0 | S67: =XNPV(M67,AC67:ES67,$AC$1:$ES$1)=R67 -> #NUM! | T67: =현금흐름취합!N67 -> 0 | U67: =SUM(AC67:ES67)=T67 -> TRUE | V67: =SUMIF(일반여신!$E$10:$E$35,검증!A67,일반여신!$O$10:$O$35)*0.985-SUMIF(가지급금!$E$10:$E$180,A67,가지급금!$K$10:$K$180)+SUMIF(가지급금!$E$10:$E$180,검증!A67,가지급금!$O$10:$O$180)*0.985 -> 0 | W67: =V67-AC67 -> 0 | Y67: =SUMIF('Sheet D'!$E$11:$E$60,A67,'Sheet D'!$P$11:$P$60) -> 0 | Z67: =SUMIFS(일반여신!$M$10:$M$35,일반여신!$E$10:$E$35,A67,일반여신!$P$10:$P$35,"신옹보증서대위변제") -> 0 | AA67: =Z67-Y67 -> 0 | AC67: =현금흐름취합!O67 -> 0 | AD67: =현금흐름취합!P67 -> 0 | AE67: =현금흐름취합!Q67 -> 0 | AF67: =현금흐름취합!R67 -> 0 | AG67: =현금흐름취합!S67 -> 0 | AH67: =현금흐름취합!T67 -> 0 | AI67: =현금흐름취합!U67 -> 0 | AJ67: =현금흐름취합!V67 -> 0 | ... ES67: =현금흐름취합!EE67 -> 0
A68: =현금흐름취합!A68 -> 0 | B68: =현금흐름취합!B68 -> 0 | C68: =현금흐름취합!C68 -> 0 | D68: =현금흐름취합!D68 -> 0 | F68: =현금흐름취합!E68 -> 0 | G68: =IF(F68="A","ok","pool 고치세요") -> pool 고치세요 | H68: =현금흐름취합!F68 -> 0 | I68: =현금흐름취합!G68 -> 0 | J68: =R68/K68=I68 -> #DIV/0! | K68: =현금흐름취합!H68 -> 0 | L68: =VLOOKUP(A68,'Sheet A'!$E$11:$K$60,7,0)=K68 -> #N/A | M68: =현금흐름취합!I68 -> 0 | N68: =IF(M68=12%,"OK","검토요") -> 검토요 | O68: =현금흐름취합!J68 -> 0 | P68: =현금흐름취합!K68 -> 0 | Q68: =현금흐름취합!L68 -> 0 | R68: =현금흐름취합!M68 -> 0 | S68: =XNPV(M68,AC68:ES68,$AC$1:$ES$1)=R68 -> #NUM! | T68: =현금흐름취합!N68 -> 0 | U68: =SUM(AC68:ES68)=T68 -> TRUE | V68: =SUMIF(일반여신!$E$10:$E$35,검증!A68,일반여신!$O$10:$O$35)*0.985-SUMIF(가지급금!$E$10:$E$180,A68,가지급금!$K$10:$K$180)+SUMIF(가지급금!$E$10:$E$180,검증!A68,가지급금!$O$10:$O$180)*0.985 -> 0 | W68: =V68-AC68 -> 0 | Y68: =SUMIF('Sheet D'!$E$11:$E$60,A68,'Sheet D'!$P$11:$P$60) -> 0 | Z68: =SUMIFS(일반여신!$M$10:$M$35,일반여신!$E$10:$E$35,A68,일반여신!$P$10:$P$35,"신옹보증서대위변제") -> 0 | AA68: =Z68-Y68 -> 0 | AC68: =현금흐름취합!O68 -> 0 | AD68: =현금흐름취합!P68 -> 0 | AE68: =현금흐름취합!Q68 -> 0 | AF68: =현금흐름취합!R68 -> 0 | AG68: =현금흐름취합!S68 -> 0 | AH68: =현금흐름취합!T68 -> 0 | AI68: =현금흐름취합!U68 -> 0 | AJ68: =현금흐름취합!V68 -> 0 | ... ES68: =현금흐름취합!EE68 -> 0
A69: =현금흐름취합!A69 -> 0 | B69: =현금흐름취합!B69 -> 0 | C69: =현금흐름취합!C69 -> 0 | D69: =현금흐름취합!D69 -> 0 | E69: =IF(R68>R69,"역전현상","이상없음") -> 이상없음 | F69: =현금흐름취합!E69 -> 0 | G69: =IF(F69="A","ok","pool 고치세요") -> pool 고치세요 | H69: =현금흐름취합!F69 -> 0 | I69: =현금흐름취합!G69 -> 0 | J69: =R69/K69=I69 -> #DIV/0! | K69: =현금흐름취합!H69 -> 0 | L69: =VLOOKUP(A69,'Sheet A'!$E$11:$K$60,7,0)=K69 -> #N/A | M69: =현금흐름취합!I69 -> 0 | N69: =IF(M69=12%,"OK","검토요") -> 검토요 | O69: =현금흐름취합!J69 -> 0 | P69: =현금흐름취합!K69 -> 0 | Q69: =현금흐름취합!L69 -> 0 | R69: =현금흐름취합!M69 -> 0 | S69: =XNPV(M69,AC69:ES69,$AC$1:$ES$1)=R69 -> #NUM! | T69: =현금흐름취합!N69 -> 0 | U69: =SUM(AC69:ES69)=T69 -> TRUE | V69: =SUMIF(일반여신!$E$10:$E$35,검증!A69,일반여신!$O$10:$O$35)*0.985-SUMIF(가지급금!$E$10:$E$180,A69,가지급금!$K$10:$K$180)+SUMIF(가지급금!$E$10:$E$180,검증!A69,가지급금!$O$10:$O$180)*0.985 -> 0 | W69: =V69-AC69 -> 0 | Y69: =SUMIF('Sheet D'!$E$11:$E$60,A69,'Sheet D'!$P$11:$P$60) -> 0 | Z69: =SUMIFS(일반여신!$M$10:$M$35,일반여신!$E$10:$E$35,A69,일반여신!$P$10:$P$35,"신옹보증서대위변제") -> 0 | AA69: =Z69-Y69 -> 0 | AC69: =현금흐름취합!O69 -> 0 | AD69: =현금흐름취합!P69 -> 0 | AE69: =현금흐름취합!Q69 -> 0 | AF69: =현금흐름취합!R69 -> 0 | AG69: =현금흐름취합!S69 -> 0 | AH69: =현금흐름취합!T69 -> 0 | AI69: =현금흐름취합!U69 -> 0 | AJ69: =현금흐름취합!V69 -> 0 | ... ES69: =현금흐름취합!EE69 -> 0
A70: =현금흐름취합!A70 -> 0 | B70: =현금흐름취합!B70 -> 0 | C70: =현금흐름취합!C70 -> 0 | D70: =현금흐름취합!D70 -> 0 | F70: =현금흐름취합!E70 -> 0 | G70: =IF(F70="A","ok","pool 고치세요") -> pool 고치세요 | H70: =현금흐름취합!F70 -> 0 | I70: =현금흐름취합!G70 -> 0 | J70: =R70/K70=I70 -> #DIV/0! | K70: =현금흐름취합!H70 -> 0 | L70: =VLOOKUP(A70,'Sheet A'!$E$11:$K$60,7,0)=K70 -> #N/A | M70: =현금흐름취합!I70 -> 0 | N70: =IF(M70=12%,"OK","검토요") -> 검토요 | O70: =현금흐름취합!J70 -> 0 | P70: =현금흐름취합!K70 -> 0 | Q70: =현금흐름취합!L70 -> 0 | R70: =현금흐름취합!M70 -> 0 | S70: =XNPV(M70,AC70:ES70,$AC$1:$ES$1)=R70 -> #NUM! | T70: =현금흐름취합!N70 -> 0 | U70: =SUM(AC70:ES70)=T70 -> TRUE | V70: =SUMIF(일반여신!$E$10:$E$35,검증!A70,일반여신!$O$10:$O$35)*0.985-SUMIF(가지급금!$E$10:$E$180,A70,가지급금!$K$10:$K$180)+SUMIF(가지급금!$E$10:$E$180,검증!A70,가지급금!$O$10:$O$180)*0.985 -> 0 | W70: =V70-AC70 -> 0 | Y70: =SUMIF('Sheet D'!$E$11:$E$60,A70,'Sheet D'!$P$11:$P$60) -> 0 | Z70: =SUMIFS(일반여신!$M$10:$M$35,일반여신!$E$10:$E$35,A70,일반여신!$P$10:$P$35,"신옹보증서대위변제") -> 0 | AA70: =Z70-Y70 -> 0 | AC70: =현금흐름취합!O70 -> 0 | AD70: =현금흐름취합!P70 -> 0 | AE70: =현금흐름취합!Q70 -> 0 | AF70: =현금흐름취합!R70 -> 0 | AG70: =현금흐름취합!S70 -> 0 | AH70: =현금흐름취합!T70 -> 0 | AI70: =현금흐름취합!U70 -> 0 | AJ70: =현금흐름취합!V70 -> 0 | ... ES70: =현금흐름취합!EE70 -> 0
A71: =현금흐름취합!A71 -> 0 | B71: =현금흐름취합!B71 -> 0 | C71: =현금흐름취합!C71 -> 0 | D71: =현금흐름취합!D71 -> 0 | E71: =IF(R70>R71,"역전현상","이상없음") -> 이상없음 | F71: =현금흐름취합!E71 -> 0 | G71: =IF(F71="A","ok","pool 고치세요") -> pool 고치세요 | H71: =현금흐름취합!F71 -> 0 | I71: =현금흐름취합!G71 -> 0 | J71: =R71/K71=I71 -> #DIV/0! | K71: =현금흐름취합!H71 -> 0 | L71: =VLOOKUP(A71,'Sheet A'!$E$11:$K$60,7,0)=K71 -> #N/A | M71: =현금흐름취합!I71 -> 0 | N71: =IF(M71=12%,"OK","검토요") -> 검토요 | O71: =현금흐름취합!J71 -> 0 | P71: =현금흐름취합!K71 -> 0 | Q71: =현금흐름취합!L71 -> 0 | R71: =현금흐름취합!M71 -> 0 | S71: =XNPV(M71,AC71:ES71,$AC$1:$ES$1)=R71 -> #NUM! | T71: =현금흐름취합!N71 -> 0 | U71: =SUM(AC71:ES71)=T71 -> TRUE | V71: =SUMIF(일반여신!$E$10:$E$35,검증!A71,일반여신!$O$10:$O$35)*0.985-SUMIF(가지급금!$E$10:$E$180,A71,가지급금!$K$10:$K$180)+SUMIF(가지급금!$E$10:$E$180,검증!A71,가지급금!$O$10:$O$180)*0.985 -> 0 | W71: =V71-AC71 -> 0 | Y71: =SUMIF('Sheet D'!$E$11:$E$60,A71,'Sheet D'!$P$11:$P$60) -> 0 | Z71: =SUMIFS(일반여신!$M$10:$M$35,일반여신!$E$10:$E$35,A71,일반여신!$P$10:$P$35,"신옹보증서대위변제") -> 0 | AA71: =Z71-Y71 -> 0 | AC71: =현금흐름취합!O71 -> 0 | AD71: =현금흐름취합!P71 -> 0 | AE71: =현금흐름취합!Q71 -> 0 | AF71: =현금흐름취합!R71 -> 0 | AG71: =현금흐름취합!S71 -> 0 | AH71: =현금흐름취합!T71 -> 0 | AI71: =현금흐름취합!U71 -> 0 | AJ71: =현금흐름취합!V71 -> 0 | ... ES71: =현금흐름취합!EE71 -> 0
A72: =현금흐름취합!A72 -> 0 | B72: =현금흐름취합!B72 -> 0 | C72: =현금흐름취합!C72 -> 0 | D72: =현금흐름취합!D72 -> 0 | F72: =현금흐름취합!E72 -> 0 | G72: =IF(F72="A","ok","pool 고치세요") -> pool 고치세요 | H72: =현금흐름취합!F72 -> 0 | I72: =현금흐름취합!G72 -> 0 | J72: =R72/K72=I72 -> #DIV/0! | K72: =현금흐름취합!H72 -> 0 | L72: =VLOOKUP(A72,'Sheet A'!$E$11:$K$60,7,0)=K72 -> #N/A | M72: =현금흐름취합!I72 -> 0 | N72: =IF(M72=12%,"OK","검토요") -> 검토요 | O72: =현금흐름취합!J72 -> 0 | P72: =현금흐름취합!K72 -> 0 | Q72: =현금흐름취합!L72 -> 0 | R72: =현금흐름취합!M72 -> 0 | S72: =XNPV(M72,AC72:ES72,$AC$1:$ES$1)=R72 -> #NUM! | T72: =현금흐름취합!N72 -> 0 | U72: =SUM(AC72:ES72)=T72 -> TRUE | V72: =SUMIF(일반여신!$E$10:$E$35,검증!A72,일반여신!$O$10:$O$35)*0.985-SUMIF(가지급금!$E$10:$E$180,A72,가지급금!$K$10:$K$180)+SUMIF(가지급금!$E$10:$E$180,검증!A72,가지급금!$O$10:$O$180)*0.985 -> 0 | W72: =V72-AC72 -> 0 | Y72: =SUMIF('Sheet D'!$E$11:$E$60,A72,'Sheet D'!$P$11:$P$60) -> 0 | Z72: =SUMIFS(일반여신!$M$10:$M$35,일반여신!$E$10:$E$35,A72,일반여신!$P$10:$P$35,"신옹보증서대위변제") -> 0 | AA72: =Z72-Y72 -> 0 | AC72: =현금흐름취합!O72 -> 0 | AD72: =현금흐름취합!P72 -> 0 | AE72: =현금흐름취합!Q72 -> 0 | AF72: =현금흐름취합!R72 -> 0 | AG72: =현금흐름취합!S72 -> 0 | AH72: =현금흐름취합!T72 -> 0 | AI72: =현금흐름취합!U72 -> 0 | AJ72: =현금흐름취합!V72 -> 0 | ... ES72: =현금흐름취합!EE72 -> 0
A73: =현금흐름취합!A73 -> 0 | B73: =현금흐름취합!B73 -> 0 | C73: =현금흐름취합!C73 -> 0 | D73: =현금흐름취합!D73 -> 0 | E73: =IF(R72>R73,"역전현상","이상없음") -> 이상없음 | F73: =현금흐름취합!E73 -> 0 | G73: =IF(F73="A","ok","pool 고치세요") -> pool 고치세요 | H73: =현금흐름취합!F73 -> 0 | I73: =현금흐름취합!G73 -> 0 | J73: =R73/K73=I73 -> #DIV/0! | K73: =현금흐름취합!H73 -> 0 | L73: =VLOOKUP(A73,'Sheet A'!$E$11:$K$60,7,0)=K73 -> #N/A | M73: =현금흐름취합!I73 -> 0 | N73: =IF(M73=12%,"OK","검토요") -> 검토요 | O73: =현금흐름취합!J73 -> 0 | P73: =현금흐름취합!K73 -> 0 | Q73: =현금흐름취합!L73 -> 0 | R73: =현금흐름취합!M73 -> 0 | S73: =XNPV(M73,AC73:ES73,$AC$1:$ES$1)=R73 -> #NUM! | T73: =현금흐름취합!N73 -> 0 | U73: =SUM(AC73:ES73)=T73 -> TRUE | V73: =SUMIF(일반여신!$E$10:$E$35,검증!A73,일반여신!$O$10:$O$35)*0.985-SUMIF(가지급금!$E$10:$E$180,A73,가지급금!$K$10:$K$180)+SUMIF(가지급금!$E$10:$E$180,검증!A73,가지급금!$O$10:$O$180)*0.985 -> 0 | W73: =V73-AC73 -> 0 | Y73: =SUMIF('Sheet D'!$E$11:$E$60,A73,'Sheet D'!$P$11:$P$60) -> 0 | Z73: =SUMIFS(일반여신!$M$10:$M$35,일반여신!$E$10:$E$35,A73,일반여신!$P$10:$P$35,"신옹보증서대위변제") -> 0 | AA73: =Z73-Y73 -> 0 | AC73: =현금흐름취합!O73 -> 0 | AD73: =현금흐름취합!P73 -> 0 | AE73: =현금흐름취합!Q73 -> 0 | AF73: =현금흐름취합!R73 -> 0 | AG73: =현금흐름취합!S73 -> 0 | AH73: =현금흐름취합!T73 -> 0 | AI73: =현금흐름취합!U73 -> 0 | AJ73: =현금흐름취합!V73 -> 0 | ... ES73: =현금흐름취합!EE73 -> 0

Sheet Sheet A
A2: IBK 2025-1 Program
A3: Pool A | I3: 자산확정일 | J3: 45688
A4: Sheet A | I4: 적용환율(1 USD) | J4: 1446.9
A5: 차주일반정보 | I5: 적용환율(1 EUR) | J5: 1502.98
I6: 적용환율(1 JPY) | J6: 936.69
B8: 차주기본정보 | I8: 매각채권정보 | M8: 근저당설정정보 | O8: 비고
B9: ="Field "&COLUMN()-1 -> Field 1 | C9: ="Field "&COLUMN()-1-COUNTBLANK($B$9:B9) -> Field 2 | D9: ="Field "&COLUMN()-1-COUNTBLANK($B$9:C9) -> Field 3 | E9: ="Field "&COLUMN()-1-COUNTBLANK($B$9:D9) -> Field 4 | F9: ="Field "&COLUMN()-1-COUNTBLANK($B$9:E9) -> Field 5 | G9: ="Field "&COLUMN()-1-COUNTBLANK($B$9:F9) -> Field 6 | H9: ="Field "&COLUMN()-1-COUNTBLANK($B$9:G9) -> Field 7 | I9: ="Field "&COLUMN()-1-COUNTBLANK($B$9:H9) -> Field 8 | J9: ="Field "&COLUMN()-1-COUNTBLANK($B$9:I9) -> Field 9 | ... O9: ="Field "&COLUMN()-1-COUNTBLANK($B$9:N9) -> Field 14
B10: 일련번호 | C10: Pool 구분 | D10: 차주구분 | E10: 차주일련번호 | F10: 차주명 | G10: 관련차주 | H10: 차주형태 | I10: 대출원금잔액 | J10: 가지급금 | K10: 미상환원금잔액 | L10: 미수이자 | M10: 차주별 근저당권설정액 | N10: 차주별 선순위 근저당권 설정액 | O10: 비고
B11: =ROW()-10 -> 1 | C11: A | D11: Regular | E11: R-001 | F11: (주)코***업 | H11: 중소법인 | I11: 16141808100 | J11: 46335980 | K11: 16188144080 | L11: 325389717 | M11: 21245884000 | N11: 2000000000
B12: =ROW()-10 -> 2 | C12: A | D12: Regular | E12: R-009 | F12: 제**술(주) | H12: 중소법인 | I12: 5758756000 | J12: 0 | K12: 5758756000 | L12: 210584313 | M12: 3880000000 | N12: 0
B13: =ROW()-10 -> 3 | C13: A | D13: Regular | E13: R-012 | F13: (주)효**공 | H13: 중소법인 | I13: 5134210466 | J13: 24894830 | K13: 5159105296 | L13: 246990863 | M13: 5480000000 | N13: 360000000
B14: =ROW()-10 -> 4 | C14: A | D14: Regular | E14: R-018 | F14: (주)경**유 | H14: 중소법인 | I14: 4293521912 | J14: 34038250 | K14: 4327560162 | L14: 158296661 | M14: 5340000000 | N14: 0
B15: =ROW()-10 -> 5 | C15: A | D15: Regular | E15: R-020 | F15: (주)에*****로 | G15: S-003 | H15: 중소법인 | I15: 3900000000 | J15: 0 | K15: 3900000000 | L15: 62773971 | M15: 6222827520 | N15: 0
B16: =ROW()-10 -> 6 | C16: A | D16: Regular | E16: R-028 | F16: (주)삼***씨 | H16: 중소법인 | I16: 3300000000 | J16: 15411600 | K16: 3315411600 | L16: 125689506 | M16: 3960000000 | N16: 0
B17: =ROW()-10 -> 7 | C17: A | D17: Regular | E17: R-030 | F17: 나**크 | H17: 중소개인 | I17: 3188165915 | J17: 16196840 | K17: 3204362755 | L17: 95637520 | M17: 2967600000 | N17: 0
B18: =ROW()-10 -> 8 | C18: A | D18: Regular | E18: R-031 | F18: 봄**인 | H18: 중소개인 | I18: 3209700000 | J18: 16112792 | K18: 3225812792 | L18: 220317993 | M18: 4200000000 | N18: 0
B19: =ROW()-10 -> 9 | C19: A | D19: Regular | E19: R-039 | F19: 주식회사 청****스 | H19: 중소법인 | I19: 2600000000 | J19: 6098870 | K19: 2606098870 | L19: 108566493 | M19: 2760000000 | N19: 0
B20: =ROW()-10 -> 10 | C20: A | D20: Regular | E20: R-040 | F20: 오***템 | H20: 중소개인 | I20: 2625908500 | J20: 1540000 | K20: 2627448500 | L20: 76153956 | M20: 1414000000 | N20: 288600000
B21: =ROW()-10 -> 11 | C21: A | D21: Regular | E21: R-045 | F21: (주)리**텍 | H21: 중소법인 | I21: 2230000000 | J21: 508115 | K21: 2230508115 | L21: 82869561 | M21: 2330000000 | N21: 0
B22: =ROW()-10 -> 12 | C22: A | D22: Regular | E22: R-049 | F22: 한***텍 | H22: 중소개인 | I22: 2185971070 | J22: 14665280 | K22: 2200636350 | L22: 299374037 | M22: 2232000000 | N22: 0
B23: =ROW()-10 -> 13 | C23: A | D23: Regular | E23: R-050 | F23: 대**장 | G23: R-127 | H23: 중소개인 | I23: 2166390000 | J23: 1219790 | K23: 2167609790 | L23: 69761149 | M23: 2400000000 | N23: 0
B24: =ROW()-10 -> 14 | C24: A | D24: Regular | E24: R-053 | F24: (주)대**업 | H24: 중소법인 | I24: 2035820000 | J24: 0 | K24: 2035820000 | L24: 73778804 | M24: 1130000000 | N24: 0
B25: =ROW()-10 -> 15 | C25: A | D25: Regular | E25: R-056 | F25: 주식회사 훈* | H25: 중소법인 | I25: 657165722 | J25: 9762072 | K25: 666927794 | L25: 44639109 | M25: 636000000 | N25: 0
B26: =ROW()-10 -> 16 | C26: A | D26: Regular | E26: R-057 | F26: 대**크 | H26: 중소개인 | I26: 1839855984 | J26: 1290300 | K26: 1841146284 | L26: 57108854 | M26: 2220000000 | N26: 0
B27: =ROW()-10 -> 17 | C27: A | D27: Regular | E27: R-063 | F27: 주식회사 보***알 | H27: 중소법인 | I27: 1550374731 | J27: 1189100 | K27: 1551563831 | L27: 36431234 | M27: 1450000000 | N27: 0
B28: =ROW()-10 -> 18 | C28: A | D28: Regular | E28: R-065 | F28: (주)대***씨 | G28: R-109, R-114 | H28: 중소법인 | I28: 1429895634 | J28: 10353972 | K28: 1440249606 | L28: 90877323 | M28: 1128000000 | N28: 1313700000
B29: =ROW()-10 -> 19 | C29: A | D29: Regular | E29: R-066 | F29: (주)클**힐 | H29: 중소법인 | I29: 1506050709 | J29: 26783300 | K29: 1532834009 | L29: 228186087 | M29: 1824000000 | N29: 0
B30: =ROW()-10 -> 20 | C30: A | D30: Regular | E30: R-069 | F30: 엘***드(주) | H30: 중소법인 | I30: 1500000000 | J30: 12761390 | K30: 1512761390 | L30: 55620219 | M30: 1800000000 | N30: 0
B31: =ROW()-10 -> 21 | C31: A | D31: Regular | E31: R-074 | F31: 베***업 | H31: 중소개인 | I31: 1020000000 | J31: 11892320 | K31: 1031892320 | L31: 56838699 | M31: 1188000000 | N31: 0
B32: =ROW()-10 -> 22 | C32: A | D32: Regular | E32: R-078 | F32: (주)중**속 | H32: 중소법인 | I32: 1060764940 | J32: 21281059 | K32: 1082045999 | L32: 143158535 | M32: 1404000000 | N32: 0
B33: =ROW()-10 -> 23 | C33: A | D33: Regular | E33: R-080 | F33: 두*텍 | H33: 중소개인 | I33: 1180240447 | J33: 3361970 | K33: 1183602417 | L33: 33324262 | M33: 894000000 | N33: 0
B34: =ROW()-10 -> 24 | C34: A | D34: Regular | E34: R-081 | F34: 주식회사 테****션 | H34: 중소법인 | I34: 1120000000 | J34: 743350 | K34: 1120743350 | L34: 27504998 | M34: 744000000 | N34: 0
B35: =ROW()-10 -> 25 | C35: A | D35: Regular | E35: R-087 | F35: 그**크주식회사 | H35: 중소법인 | I35: 1099935086 | J35: 759000 | K35: 1100694086 | L35: 36914679 | M35: 1200000000 | N35: 0
B36: =ROW()-10 -> 26 | C36: A | D36: Regular | E36: R-093 | F36: 삼****업(주) | H36: 중소법인 | I36: 819205850 | J36: 10581641 | K36: 829787491 | L36: 128249733 | M36: 468000000 | N36: 0
B37: =ROW()-10 -> 27 | C37: A | D37: Regular | E37: R-098 | F37: (주)유**크 | H37: 중소법인 | I37: 671120000 | J37: 1335490 | K37: 672455490 | L37: 22923675 | M37: 828000000 | N37: 1020000000
B38: =ROW()-10 -> 28 | C38: A | D38: Regular | E38: R-103 | F38: 농업회사법인 제***트 주식회사 | H38: 중소법인 | I38: 450000000 | J38: 2102290 | K38: 452102290 | L38: 31595615 | M38: 540000000 | N38: 315200000
B39: =ROW()-10 -> 29 | C39: A | D39: Regular | E39: R-107 | F39: (주)에** **스 | H39: 중소법인 | I39: 350000000 | J39: 173500 | K39: 350173500 | L39: 14872504 | M39: 420000000 | N39: 0
B40: =ROW()-10 -> 30 | C40: A | D40: Regular | E40: R-108 | F40: 김*현 | H40: 순수개인 | I40: 350000000 | J40: 4982570 | K40: 354982570 | L40: 9915960 | M40: 420000000 | N40: 480000000
B41: =ROW()-10 -> 31 | C41: A | D41: Regular | E41: R-109 | F41: 이*희 | G41: R-065, R-114 | H41: 순수개인 | I41: 334981715 | J41: 0 | K41: 334981715 | L41: 16481518 | M41: 408000000 | N41: 0
B42: =ROW()-10 -> 32 | C42: A | D42: Regular | E42: R-114 | F42: 이*희 | G42: R-065, R-109 | H42: 중소개인 | I42: 268040000 | J42: 0 | K42: 268040000 | L42: 14652601 | M42: 505700000 | N42: 0
B43: =ROW()-10 -> 33 | C43: A | D43: Regular | E43: R-115 | F43: 정*호 | H43: 순수개인 | I43: 263050000 | J43: 0 | K43: 263050000 | L43: 7861824 | M43: 314400000 | N43: 0
B44: =ROW()-10 -> 34 | C44: A | D44: Regular | E44: R-120 | F44: (주)미**션 | H44: 중소법인 | I44: 200000000 | J44: 4153400 | K44: 204153400 | L44: 11603669 | M44: 200000000 | N44: 0
B45: =ROW()-10 -> 35 | C45: A | D45: Regular | E45: R-126 | F45: 김*식 | H45: 순수개인 | I45: 144992391 | J45: 1749262 | K45: 146741653 | L45: 7767165 | M45: 172800000 | N45: 113000000
B46: =ROW()-10 -> 36 | C46: A | D46: Regular | E46: R-127 | F46: 김*호 | G46: R-050 | H46: 순수개인 | I46: 132683216 | J46: 668261 | K46: 133351477 | L46: 3851771 | M46: 0 | N46: 0 | O46: 무담보
B47: =ROW()-10 -> 37 | C47: A | D47: Regular | E47: R-128 | F47: 농업회사법인 주식회사 엠*엠 | H47: 중소법인 | I47: 138000000 | J47: 1018612 | K47: 139018612 | L47: 14135445 | M47: 360000000 | N47: 0
B48: =ROW()-10 -> 38 | C48: A | D48: Regular | E48: R-133 | F48: 김*희 | H48: 순수개인 | I48: 116004352 | J48: 0 | K48: 116004352 | L48: 2938545 | M48: 139920000 | N48: 0
B49: =ROW()-10 -> 39 | C49: A | D49: Regular | E49: R-139 | F49: 김*규 | H49: 순수개인 | I49: 99690595 | J49: 0 | K49: 99690595 | L49: 3111062 | M49: 120000000 | N49: 0
B50: =ROW()-10 -> 40 | C50: A | D50: Regular | E50: R-141 | F50: 최*윤 | H50: 순수개인 | I50: 100000000 | J50: 0 | K50: 100000000 | L50: 5659015 | M50: 120000000 | N50: 0
B51: =ROW()-10 -> 41 | C51: A | D51: Regular | E51: R-146 | F51: 주* | H51: 중소개인 | I51: 54051773 | J51: 337120 | K51: 54388893 | L51: 2043949 | M51: 31200000 | N51: 55900000
B52: =ROW()-10 -> 42 | C52: A | D52: Regular | E52: R-151 | F52: 조*열 | H52: 순수개인 | I52: 30000000 | J52: 0 | K52: 30000000 | L52: 1198138 | M52: 36000000 | N52: 162000000
B53: =ROW()-10 -> 43 | C53: A | D53: Regular | E53: R-152 | F53: 신*국 | H53: 순수개인 | I53: 29813954 | J53: 0 | K53: 29813954 | L53: 1140736 | M53: 36000000 | N53: 0
B54: =ROW()-10 -> 44 | C54: A | D54: Special | E54: S-003 | F54: 에*****티(주) | G54: R-020, S-001, S-018 | H54: 중소법인 | I54: 8379246071 | J54: 1518000 | K54: 8380764071 | L54: 145731833 | M54: 16584420000 | N54: 0 | O54: 대전지방법원 2024회합5030
B55: =ROW()-10 -> 45 | C55: A | D55: Special | E55: S-007 | F55: (주)태* | H55: 중소법인 | I55: 2507267904 | J55: 0 | K55: 2507267904 | L55: 40724237 | M55: 2.2686537e+09 | N55: 86500000 | O55: 수원회생법원 2024간회합207
B56: =ROW()-10 -> 46 | C56: A | D56: Special | E56: S-009 | F56: (주)태****일 | H56: 중소법인 | I56: 1880851103 | J56: 733700 | K56: 1881584803 | L56: 48905516 | M56: 1872000000 | N56: 0 | O56: 대구지방법원 2024간회합1024
B57: =ROW()-10 -> 47 | C57: A | D57: Special | E57: S-010 | F57: 법*****어조합법인 | H57: 중소법인 | I57: 1657069935 | J57: 3345982 | K57: 1660415917 | L57: 86081899 | M57: 1700000000 | N57: 200000000 | O57: 광주지방법원 2024회합5017
B58: =ROW()-10 -> 48 | C58: A | D58: Special | E58: S-012 | F58: (주)다*********즈 | H58: 중소법인 | I58: 1171746964 | J58: 0 | K58: 1171746964 | L58: 21526727 | M58: 648000000 | N58: 204000000 | O58: 서울회생법원 2024간회합100155
B59: =ROW()-10 -> 49 | C59: A | D59: Special | E59: S-015 | F59: 현**역 | G59: S-017 | H59: 중소개인 | I59: 775202071 | J59: 0 | K59: 775202071 | L59: 22266745 | M59: 777000000 | N59: 0 | O59: 서울회생법원 2024간회단100055
B60: =ROW()-10 -> 50 | C60: A | D60: Special | E60: S-017 | F60: 정*채 | G60: S-015 | H60: 순수개인 | I60: 22429672 | J60: 0 | K60: 22429672 | L60: 1263540 | M60: 0 | N60: 0 | O60: 무담보

Sheet 일반여신
A2: IBK 2025-1 Program
A4: 일반여신 상계 및 회수내역(Pool A)
A5: 채권회수정보(Collection Information)-Cut-Off 이후
B7: 차주기본정보 | H7: 회수정보 | P7: 비고
B8: ="Field "& COLUMN()-1 -> Field 1 | C8: ="Field "& COLUMN()-1 -> Field 2 | D8: ="Field "& COLUMN()-1 -> Field 3 | E8: ="Field "& COLUMN()-1 -> Field 4 | F8: ="Field "& COLUMN()-1 -> Field 5 | H8: ="Field "& COLUMN()-1 -> Field 7 | I8: ="Field "& COLUMN()-1 -> Field 8 | J8: ="Field "& COLUMN()-1 -> Field 9 | K8: ="Field "& COLUMN()-1 -> Field 10 | L8: ="Field "& COLUMN()-1 -> Field 11 | M8: ="Field "& COLUMN()-1 -> Field 12 | N8: ="Field "& COLUMN()-1 -> Field 13 | O8: ="Field "& COLUMN()-1 -> Field 14 | P8: ="Field "& COLUMN()-1 -> Field 15
B9: 일련번호 | C9: Pool | D9: 자산유형 | E9: 차주일련번호 | F9: 차주명 | G9: 어싸인 | H9: 채권일련번호 | I9: 대출과목 | J9: 계좌번호 | K9: 상계여부 | L9: 회수일자 | M9: 회수원금 | N9: 회수이자 | O9: 총회수액 | P9: 비고
B10: =ROW()-9 -> 1 | C10: A | D10: Regular | E10: R-009 | F10: 제**술(주) | G10: 고희정 | H10: 20 | I10: 기타운전자금대출 | J10: 151**599634**034 | K10: N | L10: 2025-02-25 | M10: 0 | N10: 1811670 | O10: 1811670 | P10: 임금채권보장기금대출
B11: =ROW()-9 -> 2 | C11: A | D11: Regular | E11: R-009 | F11: 제**술(주) | G11: 고희정 | H11: 20 | I11: 기타운전자금대출 | J11: 151**599634**034 | K11: N | L11: 2025-02-25 | M11: 120756000 | N11: 0 | O11: 120756000 | P11: 임금채권보장기금대출
B12: =ROW()-9 -> 3 | C12: A | D12: Regular | E12: R-012 | F12: (주)효**공 | G12: 권오현 | H12: 2,3 | I12: 중소기업자금대출 | J12: 223**246732**022 | K12: N | L12: 2025-02-11 | M12: 320000000 | N12: 0 | O12: 320000000 | P12: 신용보증서 대위변제
B13: =ROW()-9 -> 4 | C13: A | D13: Regular | E13: R-012 | F13: (주)효**공 | G13: 권오현 | H13: 2,3 | I13: 중소기업자금대출 | J13: 223**246732**022 | K13: N | L13: 2025-02-11 | M13: 0 | N13: 12474943 | O13: 12474943 | P13: 신용보증서 대위변제
B14: =ROW()-9 -> 5 | C14: A | D14: Regular | E14: R-012 | F14: (주)효**공 | G14: 권오현 | H14: 7,8 | I14: 중소기업자금대출 | J14: 223**246732**036 | K14: N | L14: 2025-02-11 | M14: 96000000 | N14: 0 | O14: 96000000 | P14: 신용보증서 대위변제
B15: =ROW()-9 -> 6 | C15: A | D15: Regular | E15: R-012 | F15: (주)효**공 | G15: 권오현 | H15: 7,8 | I15: 중소기업자금대출 | J15: 223**246732**036 | K15: N | L15: 2025-02-11 | M15: 0 | N15: 2827191 | O15: 2827191 | P15: 신용보증서 대위변제
B16: =ROW()-9 -> 7 | C16: A | D16: Regular | E16: R-050 | F16: 대**장 | G16: 문선영 | H16: 1 | I16: 중소기업시설자금대출 | J16: 173**149532**033 | K16: N | L16: 2025-02-19 | M16: 250000000 | N16: 0 | O16: 250000000 | P16: 신용보증서 대위변제
B17: =ROW()-9 -> 8 | C17: A | D17: Regular | E17: R-050 | F17: 대**장 | G17: 문선영 | H17: 1 | I17: 중소기업시설자금대출 | J17: 173**149532**033 | K17: N | L17: 2025-02-19 | M17: 0 | N17: 6066264 | O17: 6066264 | P17: 신용보증서 대위변제
B18: =ROW()-9 -> 9 | C18: A | D18: Regular | E18: R-050 | F18: 대**장 | G18: 문선영 | H18: 2 | I18: 중소기업시설자금대출 | J18: 173**149532**034 | K18: N | L18: 2025-02-19 | M18: 0 | N18: 6220179 | O18: 6220179 | P18: 신용보증서 대위변제
B19: =ROW()-9 -> 10 | C19: A | D19: Regular | E19: R-050 | F19: 대**장 | G19: 문선영 | H19: 2 | I19: 중소기업시설자금대출 | J19: 173**149532**034 | K19: N | L19: 2025-02-19 | M19: 237500000 | N19: 0 | O19: 237500000 | P19: 신용보증서 대위변제
B20: =ROW()-9 -> 11 | C20: A | D20: Regular | E20: R-050 | F20: 대**장 | G20: 문선영 | H20: 3 | I20: 중소기업자금대출 | J20: 173**149532**037 | K20: N | L20: 2025-02-19 | M20: 0 | N20: 2653288 | O20: 2653288 | P20: 신용보증서 대위변제
B21: =ROW()-9 -> 12 | C21: A | D21: Regular | E21: R-050 | F21: 대**장 | G21: 문선영 | H21: 3 | I21: 중소기업자금대출 | J21: 173**149532**037 | K21: N | L21: 2025-02-19 | M21: 90000000 | N21: 0 | O21: 90000000 | P21: 신용보증서 대위변제
B22: =ROW()-9 -> 13 | C22: A | D22: Regular | E22: R-063 | F22: 주식회사 보***알 | G22: 장영현 | H22: 4 | I22: 중소기업자금대출 | J22: 564**706432**037 | K22: N | L22: 2025-02-20 | M22: 0 | N22: 4187219 | O22: 4187219 | P22: 신용보증서 대위변제
B23: =ROW()-9 -> 14 | C23: A | D23: Regular | E23: R-063 | F23: 주식회사 보***알 | G23: 장영현 | H23: 4 | I23: 중소기업자금대출 | J23: 564**706432**037 | K23: N | L23: 2025-02-20 | M23: 209950000 | N23: 0 | O23: 209950000 | P23: 신용보증서 대위변제
B24: =ROW()-9 -> 15 | C24: A | D24: Regular | E24: R-087 | F24: 그**크주식회사 | G24: 정은혜 | H24: 4 | I24: 기타운전자금대출 | J24: 608**296934**031 | K24: N | L24: 2025-02-25 | M24: 64404000 | N24: 0 | O24: 64404000 | P24: 임금채권보장기금대출
B25: =ROW()-9 -> 16 | C25: A | D25: Regular | E25: R-087 | F25: 그**크주식회사 | G25: 정은혜 | H25: 4 | I25: 기타운전자금대출 | J25: 608**296934**031 | K25: N | L25: 2025-02-25 | M25: 0 | N25: 1064165 | O25: 1064165 | P25: 임금채권보장기금대출
B26: =ROW()-9 -> 17 | C26: A | D26: Regular | E26: R-146 | F26: 주* | G26: 강효정 | H26: 3 | I26: 중소기업자금대출 | J26: 492**420132**032 | K26: N | L26: 2025-02-25 | M26: 4951773 | N26: 0 | O26: 4951773 | P26: 신용보증서 대위변제
B27: =ROW()-9 -> 18 | C27: A | D27: Regular | E27: R-146 | F27: 주* | G27: 강효정 | H27: 3 | I27: 중소기업자금대출 | J27: 492**420132**032 | K27: N | L27: 2025-02-25 | M27: 0 | N27: 100585 | O27: 100585 | P27: 신용보증서 대위변제
... B35: =ROW()-9 -> 26 | C35: A | D35: Special | E35: S-009 | F35: (주)태****일 | G35: 권오현 | H35: 4 | I35: 중소기업자금대출 | J35: 545**172732**043 | K35: N | L35: 2025-02-24 | M35: 4960000 | N35: 0 | O35: 4960000 | P35: 신용보증서 대위변제
B36: =ROW()-9 -> 27 | C36: A | D36: Regular | E36: R-001 | F36: (주)코***업 | G36: 장영현 | H36: 1 | I36: 중소기업당좌대출 | J36: 221**085506**022 | K36: Y | L36: 45706 | M36: 81497192 | N36: 0 | O36: 81497192 | P36: 강제상계
B37: =ROW()-9 -> 28 | C37: A | D37: Regular | E37: R-001 | F37: (주)코***업 | G37: 장영현 | H37: 92 | I37: 원화융자담보지급보증대지급금 | J37: 221**085538**515 | K37: Y | L37: 2025-02-11 | M37: 44000000 | N37: 0 | O37: 44000000 | P37: 강제상계
B38: =ROW()-9 -> 29 | C38: A | D38: Regular | E38: R-001 | F38: (주)코***업 | G38: 장영현 | H38: 92 | I38: 원화융자담보지급보증대지급금 | J38: 221**085538**515 | K38: Y | L38: 2025-02-11 | M38: 30000000 | N38: 0 | O38: 30000000 | P38: 강제상계
B39: =ROW()-9 -> 30 | C39: A | D39: Regular | E39: R-001 | F39: (주)코***업 | G39: 장영현 | H39: 93 | I39: 기타원화지급보증대지급금 | J39: 221**085538**517 | K39: Y | L39: 2025-02-18 | M39: 149560167 | N39: 0 | O39: 149560167 | P39: 강제상계
B40: =ROW()-9 -> 31 | C40: A | D40: Regular | E40: R-001 | F40: (주)코***업 | G40: 장영현 | H40: 93 | I40: 기타원화지급보증대지급금 | J40: 221**085538**517 | K40: Y | L40: 2025-02-24 | M40: 46632732 | N40: 0 | O40: 46632732 | P40: 강제상계
B41: =ROW()-9 -> 32 | C41: A | D41: Regular | E41: R-001 | F41: (주)코***업 | G41: 장영현 | H41: 94 | I41: 무역어음대출 | J41: 221**085558**049 | K41: Y | L41: 2025-02-24 | M41: 49081911 | N41: 0 | O41: 49081911 | P41: 강제상계
B42: =ROW()-9 -> 33 | C42: A | D42: Regular | E42: R-009 | F42: 제**술(주) | G42: 고희정 | H42: 6 | I42: 중소기업자금대출 | J42: 151**599632**042 | K42: Y | L42: 45707 | M42: 11279512 | N42: 0 | O42: 11279512 | P42: 강제상계
B43: =ROW()-9 -> 34 | C43: A | D43: Regular | E43: R-018 | F43: (주)경**유 | G43: 정은혜 | H43: 4 | I43: 중소기업자금대출 | J43: 460**080132**036 | K43: Y | L43: 45706 | M43: 29286 | N43: 0 | O43: 29286 | P43: 강제상계
B44: =ROW()-9 -> 35 | C44: A | D44: Regular | E44: R-020 | F44: (주)에*****로 | G44: 권오현 | H44: 1 | I44: 중소기업시설자금대출 | J44: 461**320732**905 | K44: Y | L44: 2025-02-19 | M44: 1294031 | N44: 0 | O44: 1294031 | P44: 강제상계
B45: =ROW()-9 -> 36 | C45: A | D45: Regular | E45: R-020 | F45: (주)에*****로 | G45: 권오현 | H45: 1 | I45: 중소기업시설자금대출 | J45: 461**320732**905 | K45: Y | L45: 2025-02-20 | M45: 41562 | N45: 0 | O45: 41562 | P45: 강제상계
B46: =ROW()-9 -> 37 | C46: A | D46: Regular | E46: R-045 | F46: (주)리**텍 | G46: 고희정 | H46: 1 | I46: 중소기업시설자금대출 | J46: 219**283732**034 | K46: Y | L46: 2025-02-18 | M46: 40881 | N46: 0 | O46: 40881 | P46: 강제상계
B47: =ROW()-9 -> 38 | C47: A | D47: Regular | E47: R-065 | F47: (주)대***씨 | G47: 권오현 | H47: 1 | I47: 중소기업자금대출 | J47: 012**574101**013 | K47: Y | L47: 45712 | M47: 397090 | N47: 0 | O47: 397090 | P47: 강제상계
B48: =ROW()-9 -> 39 | C48: A | D48: Regular | E48: R-065 | F48: (주)대***씨 | G48: 권오현 | H48: 3 | I48: 중소기업자금대출 | J48: 012**574132**357 | K48: Y | L48: 2025-02-18 | M48: 17903 | N48: 0 | O48: 17903 | P48: 강제상계
B49: =ROW()-9 -> 40 | C49: A | D49: Regular | E49: R-078 | F49: (주)중**속 | G49: 강효정 | H49: 2 | I49: 중소기업시설자금대출 | J49: 557**598132**035 | K49: Y | L49: 2025-02-20 | M49: 188738 | N49: 0 | O49: 188738 | P49: 강제상계
B50: =ROW()-9 -> 41 | C50: A | D50: Regular | E50: R-080 | F50: 두*텍 | G50: 장영현 | H50: 1,2 | I50: 중소기업자금대출 | J50: 107**325604**010 | K50: Y | L50: 45692 | M50: 3467110 | N50: 0 | O50: 3467110 | P50: 강제상계
B51: =ROW()-9 -> 42 | C51: A | D51: Regular | E51: R-080 | F51: 두*텍 | G51: 장영현 | H51: 8 | I51: 중소기업자금대출 | J51: 107**325632**010 | K51: Y | L51: 45712 | M51: 2057211 | N51: 0 | O51: 2057211 | P51: 강제상계
B52: =ROW()-9 -> 43 | C52: A | D52: Regular | E52: R-093 | F52: 삼****업(주) | G52: 정은혜 | H52: 2 | I52: 중소기업자금대출 | J52: 020**943732**039 | K52: Y | L52: 2025-02-18 | M52: 1839679 | N52: 0 | O52: 1839679 | P52: 강제상계
B53: =ROW()-9 -> 44 | C53: A | D53: Regular | E53: R-093 | F53: 삼****업(주) | G53: 정은혜 | H53: 3 | I53: 중소기업자금대출 | J53: 020**943732**040 | K53: Y | L53: 45706 | M53: 385031 | N53: 0 | O53: 385031 | P53: 강제상계
B54: =ROW()-9 -> 45 | C54: A | D54: Regular | E54: R-108 | F54: 김*현 | G54: 장영현 | H54: 1 | I54: 가계일반자금대출 | J54: 658**033132**031 | K54: Y | L54: 2025-02-24 | M54: 9912 | N54: 0 | O54: 9912 | P54: 강제상계
B55: =ROW()-9 -> 46 | C55: A | D55: Regular | E55: R-115 | F55: 정*호 | G55: 장영현 | H55: 1 | I55: 주택자금대출 | J55: 969**363532**031 | K55: Y | L55: 2025-02-24 | M55: 163526 | N55: 0 | O55: 163526 | P55: 강제상계
B56: =ROW()-9 -> 47 | C56: A | D56: Regular | E56: R-115 | F56: 정*호 | G56: 장영현 | H56: 2 | I56: 연체카드론 | J56: 969**363532**032 | K56: Y | L56: 2025-02-24 | M56: 0 | N56: 13199 | O56: 13199 | P56: 강제상계
B57: =ROW()-9 -> 48 | C57: A | D57: Regular | E57: R-115 | F57: 정*호 | G57: 장영현 | H57: 2 | I57: 연체카드론 | J57: 969**363532**032 | K57: Y | L57: 2025-02-25 | M57: 0 | N57: 543 | O57: 543 | P57: 강제상계
B58: =ROW()-9 -> 49 | C58: A | D58: Regular | E58: R-115 | F58: 정*호 | G58: 장영현 | H58: 2 | I58: 연체카드론 | J58: 969**363532**032 | K58: Y | L58: 2025-02-25 | M58: 306258 | N58: 0 | O58: 306258 | P58: 강제상계
B59: =ROW()-9 -> 50 | C59: A | D59: Regular | E59: R-146 | F59: 주* | G59: 강효정 | H59: 1 | I59: 중소기업자금대출 | J59: 132**653932**032 | K59: Y | L59: 2025-02-24 | M59: 374092 | N59: 0 | O59: 374092 | P59: 강제상계
B60: =ROW()-9 -> 51 | C60: A | D60: Regular | E60: R-151 | F60: 조*열 | G60: 권오현 | H60: 1 | I60: 가계일반자금대출 | J60: 123**696632**033 | K60: Y | L60: 45714 | M60: 2753270 | N60: 0 | O60: 2753270 | P60: 강제상계
B61: =ROW()-9 -> 52 | C61: A | D61: Special | E61: S-007 | F61: (주)태* | G61: 정은혜 | H61: 4 | I61: 중소기업자금대출 | J61: 109**142332**656 | K61: Y | L61: 2025-02-18 | M61: 1589597 | N61: 0 | O61: 1589597 | P61: 강제상계
B62: =ROW()-9 -> 53 | C62: A | D62: Special | E62: S-010 | F62: 법*****어조합법인 | G62: 정은혜 | H62: 6 | I62: 신용카드계정 | J62: 943**316780**963 | K62: Y | L62: 45712 | M62: 2000000 | N62: 0 | O62: 2000000 | P62: 강제상계
B63: =ROW()-9 -> 54 | C63: A | D63: Special | E63: S-010 | F63: 법*****어조합법인 | G63: 정은혜 | H63: 6 | I63: 신용카드계정 | J63: 943**316780**963 | K63: Y | L63: 45712 | M63: 19662 | N63: 0 | O63: 19662 | P63: 강제상계

Sheet 가지급금
A2: IBK 2025-1 Program
A4: 가지급금 발생 및 회수내역(Pool A)
A5: 채권회수정보(Collection Information)-Cut-Off 이후
B7: 차주기본정보 | H7: 회수정보 | Q7: 비고
B8: ="Field "& COLUMN()-1 -> Field 1 | C8: ="Field "& COLUMN()-1 -> Field 2 | D8: ="Field "& COLUMN()-1 -> Field 3 | E8: ="Field "& COLUMN()-1 -> Field 4 | F8: ="Field "& COLUMN()-1 -> Field 5 | H8: ="Field "& COLUMN()-1 -> Field 7 | I8: ="Field "& COLUMN()-1 -> Field 8 | J8: ="Field "& COLUMN()-1 -> Field 9 | K8: ="Field "& COLUMN()-1 -> Field 10 | L8: ="Field "& COLUMN()-1 -> Field 11 | M8: ="Field "& COLUMN()-1 -> Field 12 | N8: ="Field "& COLUMN()-1 -> Field 13 | O8: ="Field "& COLUMN()-1 -> Field 14 | ... Q8: ="Field "& COLUMN()-1 -> Field 16
B9: 일련번호 | C9: Pool | D9: 자산유형 | E9: 차주일련번호 | F9: 차주명 | G9: 어싸인 | H9: 대출과목 | I9: 발생일자 | J9: 가지급금잔액 (자산확정일현재) | K9: 신규발생금액 (자산확정일이후) | L9: 회수일자 | M9: 회수원금 | N9: 회수이자 | O9: 총회수액 | P9: 최종잔액 | Q9: 비고
B10: =ROW()-9 -> 1 | C10: A | D10: Regular | E10: R-001 | F10: (주)코***업 | G10: 장영현 | H10: 원화가지급금 | I10: 45644 | J10: 26139500 | K10: 0 | M10: 0 | N10: 0 | O10: 0 | P10: 26139500 | Q10: 화재보험료체당금
B11: =ROW()-9 -> 2 | C11: A | D11: Regular | E11: R-001 | F11: (주)코***업 | G11: 장영현 | H11: 원화가지급금 | I11: 45646 | J11: 14158800 | K11: 0 | M11: 0 | N11: 0 | O11: 0 | P11: 14158800 | Q11: 화재보험료체당금
B12: =ROW()-9 -> 3 | C12: A | D12: Regular | E12: R-001 | F12: (주)코***업 | G12: 장영현 | H12: 원화가지급금 | I12: 45635 | J12: 2970990 | K12: 0 | M12: 0 | N12: 0 | O12: 0 | P12: 2970990 | Q12: 담보물경비원보수
B13: =ROW()-9 -> 4 | C13: A | D13: Regular | E13: R-001 | F13: (주)코***업 | G13: 장영현 | H13: 원화가지급금 | I13: 45671 | J13: 3066690 | K13: 0 | M13: 0 | N13: 0 | O13: 0 | P13: 3066690 | Q13: 담보물경비원보수
B14: =ROW()-9 -> 5 | C14: A | D14: Regular | E14: R-012 | F14: (주)효**공 | G14: 권오현 | H14: 원화가지급금 | I14: 45663 | J14: 21001150 | K14: 0 | M14: 0 | N14: 0 | O14: 0 | P14: 21001150 | Q14: 경매비용
B15: =ROW()-9 -> 6 | C15: A | D15: Regular | E15: R-012 | F15: (주)효**공 | G15: 권오현 | H15: 원화가지급금 | I15: 45679 | J15: 2651040 | K15: 0 | M15: 0 | N15: 0 | O15: 0 | P15: 2651040 | Q15: 강제집행보전처분비
B16: =ROW()-9 -> 7 | C16: A | D16: Regular | E16: R-012 | F16: (주)효**공 | G16: 권오현 | H16: 원화가지급금 | I16: 45679 | J16: 722500 | K16: 0 | M16: 0 | N16: 0 | O16: 0 | P16: 722500 | Q16: 강제집행보전처분비
B17: =ROW()-9 -> 8 | C17: A | D17: Regular | E17: R-012 | F17: (주)효**공 | G17: 권오현 | H17: 원화가지급금 | I17: 45679 | J17: 520140 | K17: 0 | M17: 0 | N17: 0 | O17: 0 | P17: 520140 | Q17: 강제집행보전처분비
B18: =ROW()-9 -> 9 | C18: A | D18: Regular | E18: R-018 | F18: (주)경**유 | G18: 정은혜 | H18: 원화가지급금 | I18: 45614 | J18: 20395570 | K18: 0 | M18: 0 | N18: 0 | O18: 0 | P18: 20395570 | Q18: 경매비용
B19: =ROW()-9 -> 10 | C19: A | D19: Regular | E19: R-018 | F19: (주)경**유 | G19: 정은혜 | H19: 원화가지급금 | I19: 45635 | J19: 478280 | K19: 0 | M19: 0 | N19: 0 | O19: 0 | P19: 478280 | Q19: 담보물경비원보수
B20: =ROW()-9 -> 11 | C20: A | D20: Regular | E20: R-018 | F20: (주)경**유 | G20: 정은혜 | H20: 원화가지급금 | I20: 45635 | J20: 2871600 | K20: 0 | M20: 0 | N20: 0 | O20: 0 | P20: 2871600 | Q20: 담보물경비원보수
B21: =ROW()-9 -> 12 | C21: A | D21: Regular | E21: R-018 | F21: (주)경**유 | G21: 정은혜 | H21: 원화가지급금 | I21: 45635 | J21: 1188400 | K21: 0 | M21: 0 | N21: 0 | O21: 0 | P21: 1188400 | Q21: 담보물경비원보수
... B30: =ROW()-9 -> 21 | C30: A | D30: Regular | E30: R-031 | F30: 봄**인 | G30: 문선영 | H30: 원화가지급금 | I30: 45499 | J30: 868652 | K30: 0 | M30: 0 | N30: 0 | O30: 0 | P30: 868652 | Q30: 강제집행보전처분비
B31: =ROW()-9 -> 22 | C31: A | D31: Regular | E31: R-039 | F31: 주식회사 청****스 | G31: 구본명 | H31: 원화가지급금 | I31: 45646 | J31: 524200 | K31: 0 | L31: 2025-02-10, 2025-02-24 | M31: 162498 | N31: 0 | O31: 162498 | P31: 361702 | Q31: 강제집행보전처분비
B32: =ROW()-9 -> 23 | C32: A | D32: Regular | E32: R-039 | F32: 주식회사 청****스 | G32: 구본명 | H32: 원화가지급금 | I32: 45646 | J32: 2903680 | K32: 0 | L32: 45698 | M32: 25738 | N32: 0 | O32: 25738 | P32: 2877942 | Q32: 강제집행보전처분비
B33: =ROW()-9 -> 24 | C33: A | D33: Regular | E33: R-039 | F33: 주식회사 청****스 | G33: 구본명 | H33: 원화가지급금 | I33: 45659 | J33: 2670990 | K33: 0 | M33: 0 | N33: 0 | O33: 0 | P33: 2670990 | Q33: 담보물경비원보수
B34: =ROW()-9 -> 25 | C34: A | D34: Regular | E34: R-040 | F34: 오***템 | G34: 이나미 | H34: 원화가지급금 | I34: 45639 | J34: 770000 | K34: 0 | M34: 0 | N34: 0 | O34: 0 | P34: 770000 | Q34: 담보물경비원보수
B35: =ROW()-9 -> 26 | C35: A | D35: Regular | E35: R-040 | F35: 오***템 | G35: 이나미 | H35: 원화가지급금 | I35: 45670 | J35: 770000 | K35: 0 | M35: 0 | N35: 0 | O35: 0 | P35: 770000 | Q35: 담보물경비원보수
B36: =ROW()-9 -> 27 | C36: A | D36: Regular | E36: R-045 | F36: (주)리**텍 | G36: 고희정 | H36: 원화가지급금 | I36: 45635 | J36: 508115 | K36: 0 | M36: 0 | N36: 0 | O36: 0 | P36: 508115 | Q36: 강제집행보전처분비
B37: =ROW()-9 -> 28 | C37: A | D37: Regular | E37: R-049 | F37: 한***텍 | G37: 문선영 | H37: 원화가지급금 | I37: 45657 | J37: 474100 | K37: 0 | M37: 0 | N37: 0 | O37: 0 | P37: 474100 | Q37: 화재보험료체당금
B38: =ROW()-9 -> 29 | C38: A | D38: Regular | E38: R-049 | F38: 한***텍 | G38: 문선영 | H38: 원화가지급금 | I38: 45588 | J38: 10035120 | K38: 0 | M38: 0 | N38: 0 | O38: 0 | P38: 10035120 | Q38: 경매비용
B39: =ROW()-9 -> 30 | C39: A | D39: Regular | E39: R-049 | F39: 한***텍 | G39: 문선영 | H39: 원화가지급금 | I39: 45631 | J39: 1089360 | K39: 0 | M39: 0 | N39: 0 | O39: 0 | P39: 1089360 | Q39: 담보물경비원보수
B40: =ROW()-9 -> 31 | C40: A | D40: Regular | E40: R-049 | F40: 한***텍 | G40: 문선영 | H40: 원화가지급금 | I40: 45664 | J40: 3066700 | K40: 0 | M40: 0 | N40: 0 | O40: 0 | P40: 3066700 | Q40: 담보물경비원보수
B41: =ROW()-9 -> 32 | C41: A | D41: Regular | E41: R-050 | F41: 대**장 | G41: 문선영 | H41: 원화가지급금 | I41: 45636 | J41: 460790 | K41: 0 | L41: 45706 | M41: 25768 | N41: 0 | O41: 25768 | P41: 435022 | Q41: 강제집행보전처분비
B42: =ROW()-9 -> 33 | C42: A | D42: Regular | E42: R-050 | F42: 대**장 | G42: 문선영 | H42: 원화가지급금 | I42: 45659 | J42: 759000 | K42: 0 | M42: 0 | N42: 0 | O42: 0 | P42: 759000 | Q42: 담보물경비원보수
B43: =ROW()-9 -> 34 | C43: A | D43: Regular | E43: R-056 | F43: 주식회사 훈* | G43: 김은선 | H43: 원화가지급금 | I43: 45604 | J43: 5886510 | K43: 0 | M43: 0 | N43: 0 | O43: 0 | P43: 5886510 | Q43: 경매비용
B44: =ROW()-9 -> 35 | C44: A | D44: Regular | E44: R-056 | F44: 주식회사 훈* | G44: 김은선 | H44: 원화가지급금 | I44: 45604 | J44: 3121830 | K44: 0 | M44: 0 | N44: 0 | O44: 0 | P44: 3121830 | Q44: 경매비용
B45: =ROW()-9 -> 36 | C45: A | D45: Regular | E45: R-056 | F45: 주식회사 훈* | G45: 김은선 | H45: 원화가지급금 | I45: 45594 | J45: 753732 | K45: 0 | M45: 0 | N45: 0 | O45: 0 | P45: 753732 | Q45: 강제집행보전처분비
B46: =ROW()-9 -> 37 | C46: A | D46: Regular | E46: R-057 | F46: 대**크 | G46: 김은선 | H46: 원화가지급금 | I46: 45628 | J46: 506000 | K46: 0 | M46: 0 | N46: 0 | O46: 0 | P46: 506000 | Q46: 담보물경비원보수
B47: =ROW()-9 -> 38 | C47: A | D47: Regular | E47: R-057 | F47: 대**크 | G47: 김은선 | H47: 원화가지급금 | I47: 45659 | J47: 784300 | K47: 0 | M47: 0 | N47: 0 | O47: 0 | P47: 784300 | Q47: 담보물경비원보수
B48: =ROW()-9 -> 39 | C48: A | D48: Regular | E48: R-063 | F48: 주식회사 보***알 | G48: 장영현 | H48: 원화가지급금 | I48: 45635 | J48: 404800 | K48: 0 | M48: 0 | N48: 0 | O48: 0 | P48: 404800 | Q48: 담보물경비원보수
B49: =ROW()-9 -> 40 | C49: A | D49: Regular | E49: R-063 | F49: 주식회사 보***알 | G49: 장영현 | H49: 원화가지급금 | I49: 45671 | J49: 784300 | K49: 0 | M49: 0 | N49: 0 | O49: 0 | P49: 784300 | Q49: 담보물경비원보수
B50: =ROW()-9 -> 41 | C50: A | D50: Regular | E50: R-065 | F50: (주)대***씨 | G50: 권오현 | H50: 원화가지급금 | I50: 45517 | J50: 116400 | K50: 0 | M50: 0 | N50: 0 | O50: 0 | P50: 116400 | Q50: 화재보험료체당금
B51: =ROW()-9 -> 42 | C51: A | D51: Regular | E51: R-065 | F51: (주)대***씨 | G51: 권오현 | H51: 원화가지급금 | I51: 45644 | J51: 5555600 | K51: 0 | M51: 0 | N51: 0 | O51: 0 | P51: 5555600 | Q51: 경매비용
B52: =ROW()-9 -> 43 | C52: A | D52: Regular | E52: R-065 | F52: (주)대***씨 | G52: 권오현 | H52: 원화가지급금 | I52: 45645 | J52: 3302160 | K52: 0 | M52: 0 | N52: 0 | O52: 0 | P52: 3302160 | Q52: 경매비용
B53: =ROW()-9 -> 44 | C53: A | D53: Regular | E53: R-065 | F53: (주)대***씨 | G53: 권오현 | H53: 원화가지급금 | I53: 45531 | J53: 1379812 | K53: 0 | M53: 0 | N53: 0 | O53: 0 | P53: 1379812 | Q53: 강제집행보전처분비
... B133: =ROW()-9 -> 124 | C133: A | D133: Regular | E133: R-128 | F133: 농업회사법인 주식회사 엠*엠 | G133: 장영현 | H133: 원화가지급금 | I133: 45503 | J133: 327112 | K133: 0 | M133: 0 | N133: 0 | O133: 0 | P133: 327112 | Q133: 강제집행보전처분비
B134: =ROW()-9 -> 125 | C134: A | D134: Regular | E134: R-146 | F134: 주* | G134: 강효정 | H134: 원화가지급금 | I134: 45621 | J134: 337120 | K134: 0 | L134: 45694 | M134: 25785 | N134: 0 | O134: 25785 | P134: 311335 | Q134: 강제집행보전처분비
B135: =ROW()-9 -> 126 | C135: A | D135: Special | E135: S-003 | F135: 에*****티(주) | G135: 권오현 | H135: 원화가지급금 | I135: 45679 | J135: 1518000 | K135: 0 | M135: 0 | N135: 0 | O135: 0 | P135: 1518000 | Q135: 담보물경비원보수
B136: =ROW()-9 -> 127 | C136: A | D136: Special | E136: S-009 | F136: (주)태****일 | G136: 권오현 | H136: 원화가지급금 | I136: 45679 | J136: 733700 | K136: 0 | M136: 0 | N136: 0 | O136: 0 | P136: 733700 | Q136: 담보물경비원보수
B137: =ROW()-9 -> 128 | C137: A | D137: Special | E137: S-010 | F137: 법*****어조합법인 | G137: 정은혜 | H137: 원화가지급금 | I137: 45527 | J137: 3345982 | K137: 0 | M137: 0 | N137: 0 | O137: 0 | P137: 3345982 | Q137: 강제집행보전처분비
B138: =ROW()-9 -> 129 | C138: A | D138: Regular | E138: R-109 | F138: 이*희 | G138: 권오현 | H138: 원화가지급금 | I138: 45712 | J138: 0 | K138: 1820910 | M138: 0 | N138: 0 | O138: 0 | P138: 1820910 | Q138: 경매비용
B139: =ROW()-9 -> 130 | C139: A | D139: Regular | E139: R-050 | F139: 대**장 | G139: 문선영 | H139: 원화가지급금 | I139: 45691 | J139: 0 | K139: 12340450 | M139: 0 | N139: 0 | O139: 0 | P139: 12340450 | Q139: 경매비용
B140: =ROW()-9 -> 131 | C140: A | D140: Regular | E140: R-030 | F140: 나**크 | G140: 문선영 | H140: 원화가지급금 | I140: 45691 | J140: 0 | K140: 784300 | M140: 0 | N140: 0 | O140: 0 | P140: 784300 | Q140: 담보물경비원보수
B141: =ROW()-9 -> 132 | C141: A | D141: Regular | E141: R-087 | F141: 그**크주식회사 | G141: 정은혜 | H141: 원화가지급금 | I141: 45691 | J141: 0 | K141: 784300 | M141: 0 | N141: 0 | O141: 0 | P141: 784300 | Q141: 담보물경비원보수
B142: =ROW()-9 -> 133 | C142: A | D142: Regular | E142: R-057 | F142: 대**크 | G142: 김은선 | H142: 원화가지급금 | I142: 45691 | J142: 0 | K142: 11721040 | M142: 0 | N142: 0 | O142: 0 | P142: 11721040 | Q142: 경매비용
B143: =ROW()-9 -> 134 | C143: A | D143: Regular | E143: R-050 | F143: 대**장 | G143: 문선영 | H143: 원화가지급금 | I143: 45691 | J143: 0 | K143: 784300 | M143: 0 | N143: 0 | O143: 0 | P143: 784300 | Q143: 담보물경비원보수
B144: =ROW()-9 -> 135 | C144: A | D144: Regular | E144: R-057 | F144: 대**크 | G144: 김은선 | H144: 원화가지급금 | I144: 45691 | J144: 0 | K144: 784300 | M144: 0 | N144: 0 | O144: 0 | P144: 784300 | Q144: 담보물경비원보수
B145: =ROW()-9 -> 136 | C145: A | D145: Regular | E145: R-087 | F145: 그**크주식회사 | G145: 정은혜 | H145: 원화가지급금 | I145: 45691 | J145: 0 | K145: 8897580 | M145: 0 | N145: 0 | O145: 0 | P145: 8897580 | Q145: 경매비용
B146: =ROW()-9 -> 137 | C146: A | D146: Regular | E146: R-139 | F146: 김*규 | G146: 김은선 | H146: 원화가지급금 | I146: 45692 | J146: 0 | K146: 2384470 | M146: 0 | N146: 0 | O146: 0 | P146: 2384470 | Q146: 경매비용
... B180: =ROW()-9 -> 171 | C180: A | D180: Regular | E180: R-081 | F180: 주식회사 테****션 | G180: 강효정 | H180: 원화가지급금 | I180: 45713 | J180: 0 | K180: 7205440 | M180: 0 | N180: 0 | O180: 0 | P180: 7205440 | Q180: 경매비용

Sheet Sheet D
A2: IBK 2025-1 Program
A3: Pool A | I3: 자산확정일 | J3: 45688
A4: Sheet D | I4: 적용환율(1 USD) | J4: 1446.9
A5: 신용보증서 정보 | I5: 적용환율(1 EUR) | J5: 1502.98
I6: 적용환율(1 JPY) | J6: 936.69
B8: 차주기본정보 | G8: 신용보증서정보 | S8: 비고
B9: ="Field "&COLUMN()-1 -> Field 1 | C9: ="Field "&COLUMN()-1-COUNTBLANK($B$9:B9) -> Field 2 | D9: ="Field "&COLUMN()-1-COUNTBLANK($B$9:C9) -> Field 3 | E9: ="Field "&COLUMN()-1-COUNTBLANK($B$9:D9) -> Field 4 | F9: ="Field "&COLUMN()-1-COUNTBLANK($B$9:E9) -> Field 5 | G9: ="Field "&COLUMN()-1-COUNTBLANK($B$9:F9) -> Field 6 | H9: ="Field "&COLUMN()-1-COUNTBLANK($B$9:G9) -> Field 7 | I9: ="Field "&COLUMN()-1-COUNTBLANK($B$9:H9) -> Field 8 | J9: ="Field "&COLUMN()-1-COUNTBLANK($B$9:I9) -> Field 9 | ... S9: ="Field "&COLUMN()-1-COUNTBLANK($B$9:R9) -> Field 18
B10: 일련번호 | C10: Pool 구분 | D10: 차주구분 | E10: 차주일련번호 | F10: 차주명 | G10: 보증기관 | H10: 보증종류 | I10: 보증기일 | J10: 보증서번호 | K10: 보증비율 | L10: 통화표시 | M10: 보증금액 | N10: 환산후 보증금액 | O10: 보증잔액 | P10: 환산후 보증잔액 | Q10: 관련 대출채권 일련번호 | R10: 관련 대출채권 계좌번호 | S10: 비고
B11: =ROW()-10 -> 1 | C11: A | D11: Regular | E11: R-001 | F11: (주)코***업 | G11: 기술보증기금 | H11: 기술부분신용보증 | I11: 45709 | J11: 321201600036 | K11: 0.85 | L11: KRW | M11: 399500000 | N11: 399500000 | O11: 161500000 | P11: 161500000 | Q11: 2 | R11: 221**085532***162
B12: =ROW()-10 -> 2 | C12: A | D12: Regular | E12: R-001 | F12: (주)코***업 | G12: 무역보험공사 | H12: 무보전자_선적전 | I12: 45933 | J12: 1515019830 | K12: 0.9 | L12: KRW | M12: 720000000 | N12: 720000000 | O12: 720000000 | P12: 720000000 | Q12: 94~95,97 | R12: 221**085599***036
B13: =ROW()-10 -> 3 | C13: A | D13: Regular | E13: R-001 | F13: (주)코***업 | G13: 무역보험공사 | H13: 무보전자_선적전 | I13: 45933 | J13: 1516019691 | K13: 0.9 | L13: KRW | M13: 108000000 | N13: 108000000 | O13: 108000000 | P13: 108000000 | Q13: 98 | R13: 221**085599***037
B14: =ROW()-10 -> 4 | C14: A | D14: Regular | E14: R-009 | F14: 제**술(주) | G14: 신용보증기금 | H14: 기금부분신용보증 | I14: 45597 | J14: TPA202201565 | K14: 0.9 | L14: KRW | M14: 360000000 | N14: 360000000 | O14: 360000000 | P14: 360000000 | Q14: 16~17 | R14: 151**599632***057
B15: =ROW()-10 -> 5 | C15: A | D15: Regular | E15: R-009 | F15: 제**술(주) | G15: 신용보증기금 | H15: 기금부분신용보증 | I15: 45625 | J15: TPA202201561 | K15: 0.85 | L15: KRW | M15: 190000000 | N15: 190000000 | O15: 170000000 | P15: 170000000 | Q15: 1~2 | R15: 151**599632***033
B16: =ROW()-10 -> 6 | C16: A | D16: Regular | E16: R-009 | F16: 제**술(주) | G16: 신용보증기금 | H16: 기금부분신용보증 | I16: 45625 | J16: TPA202201560 | K16: 0.9 | L16: KRW | M16: 350000000 | N16: 350000000 | O16: 315000000 | P16: 315000000 | Q16: 3~4 | R16: 151**599632***034
B17: =ROW()-10 -> 7 | C17: A | D17: Regular | E17: R-009 | F17: 제**술(주) | G17: 신용보증기금 | H17: 기금부분신용보증 | I17: 45688 | J17: TPA202201559 | K17: 0.85 | L17: KRW | M17: 76500000 | N17: 76500000 | O17: 76500000 | P17: 76500000 | Q17: 9~10 | R17: 151**599632***048
B18: =ROW()-10 -> 8 | C18: A | D18: Regular | E18: R-009 | F18: 제**술(주) | G18: 신용보증기금 | H18: 기금부분신용보증 | I18: 45688 | J18: TPA202201562 | K18: 0.8 | L18: KRW | M18: 274400000 | N18: 274400000 | O18: 274400000 | P18: 274400000 | Q18: 7~8 | R18: 151**599632***047
B19: =ROW()-10 -> 9 | C19: A | D19: Regular | E19: R-012 | F19: (주)효**공 | G19: 기술보증기금 | H19: 기술부분신용보증 | I19: 45807 | J19: 309201300282 | K19: 0.8 | L19: KRW | M19: 360000000 | N19: 360000000 | O19: 320000000 | P19: 320000000 | Q19: 2~3 | R19: 223**246732***022
B20: =ROW()-10 -> 10 | C20: A | D20: Regular | E20: R-012 | F20: (주)효**공 | G20: 기술보증기금 | H20: 기술부분신용보증 | I20: 45807 | J20: 309201700298 | K20: 0.8 | L20: KRW | M20: 127500000 | N20: 127500000 | O20: 96000000 | P20: 96000000 | Q20: 7~8 | R20: 223**246732***036
B21: =ROW()-10 -> 11 | C21: A | D21: Regular | E21: R-018 | F21: (주)경**유 | G21: 경기신용보증재단 | H21: 지역부분보증서 | I21: 45870 | J21: 280201400851 | K21: 0.9 | L21: KRW | M21: 180000000 | N21: 180000000 | O21: 162450000 | P21: 162450000 | Q21: 2~3 | R21: 460**080132***031
B22: =ROW()-10 -> 12 | C22: A | D22: Regular | E22: R-030 | F22: 나**크 | G22: 신용보증기금 | H22: 기금부분신용보증 | I22: 46444 | J22: TQL201900087 | K22: 0.9 | L22: KRW | M22: 1341000000 | N22: 1341000000 | O22: 333900000 | P22: 333900000 | Q22: 3 | R22: 608**918032***035
B23: =ROW()-10 -> 13 | C23: A | D23: Regular | E23: R-030 | F23: 나**크 | G23: 신용보증기금 | H23: 기금부분신용보증 | I23: 45709 | J23: TQL201900082 | K23: 0.9 | L23: KRW | M23: 360000000 | N23: 360000000 | O23: 360000000 | P23: 360000000 | Q23: 1 | R23: 608**918032***032
B24: =ROW()-10 -> 14 | C24: A | D24: Regular | E24: R-030 | F24: 나**크 | G24: 신용보증기금 | H24: 기금부분신용보증 | I24: 46514 | J24: TQL201900279 | K24: 0.9 | L24: KRW | M24: 335700000 | N24: 335700000 | O24: 201420000 | P24: 201420000 | Q24: 4 | R24: 608**918032***036
B25: =ROW()-10 -> 15 | C25: A | D25: Regular | E25: R-030 | F25: 나**크 | G25: 신용보증기금 | H25: 기금부분신용보증 | I25: 46883 | J25: TQL202000299 | K25: 0.9 | L25: KRW | M25: 540000000 | N25: 540000000 | O25: 324000000 | P25: 324000000 | Q25: 5 | R25: 608**918032***038
B26: =ROW()-10 -> 16 | C26: A | D26: Regular | E26: R-040 | F26: 오***템 | G26: 기술보증기금 | H26: 기술부분신용보증 | I26: 45919 | J26: 409070429 | K26: 0.85 | L26: KRW | M26: 255000000 | N26: 255000000 | O26: 84995750 | P26: 84995750 | Q26: 14~35 | R26: 243**267299***002
B27: =ROW()-10 -> 17 | C27: A | D27: Regular | E27: R-040 | F27: 오***템 | G27: 기술보증기금 | H27: 기술부분신용보증 | I27: 45919 | J27: 409201500995 | K27: 0.95 | L27: KRW | M27: 190000000 | N27: 190000000 | O27: 190000000 | P27: 190000000 | Q27: 12 | R27: 243**267232***031
B28: =ROW()-10 -> 18 | C28: A | D28: Regular | E28: R-040 | F28: 오***템 | G28: 기술보증기금 | H28: 기술부분신용보증 | I28: 45772 | J28: 418202300119 | K28: 0.85 | L28: KRW | M28: 170000000 | N28: 170000000 | O28: 170000000 | P28: 170000000 | Q28: 6 | R28: 031**267232***042
B29: =ROW()-10 -> 19 | C29: A | D29: Regular | E29: R-040 | F29: 오***템 | G29: 기술보증기금 | H29: 기술부분신용보증 | I29: 45772 | J29: 418202300120 | K29: 0.85 | L29: KRW | M29: 127500000 | N29: 127500000 | O29: 127500000 | P29: 127500000 | Q29: 5 | R29: 031**267232***040
B30: =ROW()-10 -> 20 | C30: A | D30: Regular | E30: R-040 | F30: 오***템 | G30: 기술보증기금 | H30: 기술부분신용보증 | I30: 45772 | J30: 418202300121 | K30: 0.8 | L30: KRW | M30: 88000000 | N30: 88000000 | O30: 88000000 | P30: 88000000 | Q30: 7 | R30: 031**267232***043
B31: =ROW()-10 -> 21 | C31: A | D31: Regular | E31: R-040 | F31: 오***템 | G31: 기술보증기금 | H31: 기술부분신용보증 | I31: 45772 | J31: 418202300117 | K31: 0.95 | L31: KRW | M31: 95000000 | N31: 95000000 | O31: 95000000 | P31: 95000000 | Q31: 4 | R31: 031**267232***039
B32: =ROW()-10 -> 22 | C32: A | D32: Regular | E32: R-040 | F32: 오***템 | G32: 기술보증기금 | H32: 기술부분신용보증 | I32: 45772 | J32: 418202300118 | K32: 0.85 | L32: KRW | M32: 170000000 | N32: 170000000 | O32: 166526475 | P32: 166526475 | Q32: 13 | R32: 412**322002***016
B33: =ROW()-10 -> 23 | C33: A | D33: Regular | E33: R-040 | F33: 오***템 | G33: 기술보증기금 | H33: 기술부분신용보증 | I33: 45919 | J33: 418202300275 | K33: 0.85 | L33: KRW | M33: 21250000 | N33: 21250000 | O33: 21250000 | P33: 21250000 | Q33: 11 | R33: 031**267232***049
B34: =ROW()-10 -> 24 | C34: A | D34: Regular | E34: R-040 | F34: 오***템 | G34: 기술보증기금 | H34: 기술부분신용보증 | I34: 45919 | J34: 418202300274 | K34: 0.85 | L34: KRW | M34: 148750000 | N34: 148750000 | O34: 148750000 | P34: 148750000 | Q34: 10 | R34: 031**267232***048
B35: =ROW()-10 -> 25 | C35: A | D35: Regular | E35: R-045 | F35: (주)리**텍 | G35: 신용보증기금 | H35: 기금부분신용보증 | I35: 45604 | J35: TME202200963 | K35: 0.85 | L35: KRW | M35: 323000000 | N35: 323000000 | O35: 323000000 | P35: 323000000 | Q35: 2~3 | R35: 219**283732***045
B36: =ROW()-10 -> 26 | C36: A | D36: Regular | E36: R-050 | F36: 대**장 | G36: 기술보증기금 | H36: 기술전액신용보증 | I36: 48085 | J36: 416202300213 | K36: 1 | L36: KRW | M36: 1000000000 | N36: 1000000000 | O36: 250000000 | P36: 250000000 | Q36: 1 | R36: 173**149532***033
B37: =ROW()-10 -> 27 | C37: A | D37: Regular | E37: R-050 | F37: 대**장 | G37: 기술보증기금 | H37: 기술부분신용보증 | I37: 48085 | J37: 416202300214 | K37: 0.95 | L37: KRW | M37: 950000000 | N37: 950000000 | O37: 237500000 | P37: 237500000 | Q37: 2 | R37: 173**149532***034
B38: =ROW()-10 -> 28 | C38: A | D38: Regular | E38: R-050 | F38: 대**장 | G38: 기술보증기금 | H38: 기술부분신용보증 | I38: 47141 | J38: 416202400019 | K38: 0.9 | L38: KRW | M38: 90000000 | N38: 90000000 | O38: 90000000 | P38: 90000000 | Q38: 3 | R38: 173**149532***037
B39: =ROW()-10 -> 29 | C39: A | D39: Regular | E39: R-053 | F39: (주)대**업 | G39: 신용보증기금 | H39: 기금부분신용보증 | I39: 45653 | J39: TPH201800751 | K39: 0.85 | L39: KRW | M39: 464525000 | N39: 464525000 | O39: 464525000 | P39: 464525000 | Q39: 4 | R39: 159**744432***323
B40: =ROW()-10 -> 30 | C40: A | D40: Regular | E40: R-063 | F40: 주식회사 보***알 | G40: 신용보증기금 | H40: 기금부분신용보증 | I40: 45618 | J40: TAN202301054 | K40: 0.85 | L40: KRW | M40: 209950000 | N40: 209950000 | O40: 209950000 | P40: 209950000 | Q40: 4 | R40: 564**706432***037
B41: =ROW()-10 -> 31 | C41: A | D41: Regular | E41: R-065 | F41: (주)대***씨 | G41: 신용보증기금 | H41: 기금부분신용보증 | I41: 45779 | J41: TAU201600390 | K41: 0.8 | L41: KRW | M41: 90880000 | N41: 90880000 | O41: 58752000 | P41: 58752000 | Q41: 2 | R41: 012**574101***091
B42: =ROW()-10 -> 32 | C42: A | D42: Regular | E42: R-065 | F42: (주)대***씨 | G42: 신용보증기금 | H42: 기금부분신용보증 | I42: 45779 | J42: TAU201800273 | K42: 0.8 | L42: KRW | M42: 68000000 | N42: 68000000 | O42: 48960000 | P42: 48960000 | Q42: 4 | R42: 012**574132***385
B43: =ROW()-10 -> 33 | C43: A | D43: Regular | E43: R-080 | F43: 두*텍 | G43: 기술보증기금 | H43: 기술부분신용보증 | I43: 45730 | J43: 306060281 | K43: 0.9 | L43: JPY | M43: 30510000 | N43: 285784119 | O43: 6972300 | P43: 65308837 | Q43: 14 | R43: 107**325635***830
B44: =ROW()-10 -> 34 | C44: A | D44: Regular | E44: R-087 | F44: 그**크주식회사 | G44: 신용보증기금 | H44: 기금부분신용보증 | I44: 48033 | J44: TQA202103198 | K44: 0.9 | L44: KRW | M44: 900000000 | N44: 900000000 | O44: 396000000 | P44: 396000000 | Q44: 2 | R44: 608**296932***034
B45: =ROW()-10 -> 35 | C45: A | D45: Regular | E45: R-098 | F45: (주)유**크 | G45: 기술보증기금 | H45: 기술부분신용보증 | I45: 48880 | J45: 415202300363 | K45: 0.95 | L45: KRW | M45: 560500000 | N45: 560500000 | O45: 336300000 | P45: 336300000 | Q45: 1 | R45: 161**949532***031
B46: =ROW()-10 -> 36 | C46: A | D46: Regular | E46: R-146 | F46: 주* | G46: 경기신용보증재단 | H46: 지역전액보증서 | I46: 45770 | J46: 250202001604 | K46: 1 | L46: KRW | M46: 30000000 | N46: 30000000 | O46: 4951773 | P46: 4951773 | Q46: 3 | R46: 492**420132***032
B47: =ROW()-10 -> 37 | C47: A | D47: Special | E47: S-003 | F47: 에*****티(주) | G47: 기술보증기금 | H47: 기술부분신용보증 | I47: 45842 | J47: 321201700299 | K47: 0.85 | L47: KRW | M47: 255000000 | N47: 255000000 | O47: 73769081 | P47: 73769081 | Q47: 1 | R47: 461**288401***013
... B55: =ROW()-10 -> 45 | C55: A | D55: Special | E55: S-009 | F55: (주)태****일 | G55: 경북신용보증재단 | H55: 지역전액보증서 | I55: 45813 | J55: GBF202050000 | K55: 1 | L55: KRW | M55: 30000000 | N55: 30000000 | O55: 4960000 | P55: 4960000 | Q55: 4 | R55: 545**172732***043
B56: =ROW()-10 -> 46 | C56: A | D56: Special | E56: S-012 | F56: (주)다*********즈 | G56: 신용보증기금 | H56: 기금부분신용보증 | I56: 45793 | J56: TIZ201600231 | K56: 0.85 | L56: USD | M56: 137700 | N56: 199238130 | O56: 110500 | P56: 164059350 | Q56: 5~14 | R56: 395**713199***002
B57: =ROW()-10 -> 47 | C57: A | D57: Special | E57: S-012 | F57: (주)다*********즈 | G57: 신용보증기금 | H57: 기금부분신용보증 | I57: 45625 | J57: TIZ201600538 | K57: 0.8 | L57: KRW | M57: 383200000 | N57: 383200000 | O57: 319999638 | P57: 319999638 | Q57: 1 | R57: 395**713104***023
B58: =ROW()-10 -> 48 | C58: A | D58: Special | E58: S-015 | F58: 현**역 | G58: 신용보증기금 | H58: 기금부분신용보증 | I58: 45702 | J58: TAT201500141 | K58: 0.8 | L58: KRW | M58: 40000000 | N58: 40000000 | O58: 35928225 | P58: 35928225 | Q58: 2 | R58: 081**936232***350
B59: =ROW()-10 -> 49 | C59: A | D59: Special | E59: S-015 | F59: 현**역 | G59: 신용보증기금 | H59: 기금부분신용보증 | I59: 45646 | J59: TAW201701443 | K59: 0.85 | L59: KRW | M59: 68850000 | N59: 68850000 | O59: 64600000 | P59: 64600000 | Q59: 3 | R59: 081**936232***354
B60: =ROW()-10 -> 50 | C60: A | D60: Special | E60: S-015 | F60: 현**역 | G60: 신용보증기금 | H60: 수탁부분신용보증 | I60: 46015 | J60: TAW202006367 | K60: 0.95 | L60: KRW | M60: 19000000 | N60: 19000000 | O60: 7695000 | P60: 7695000 | Q60: 7 | R60: 081**936232***359
