Workbook
Name adate: 'Loan(Ⅰ)_일반+해지부보증'!$N$13
Name adate: 'Loan(Ⅰ)_일반보증'!$O$21
Name adate: 'Loan(Ⅰ)_일반'!$AB$13
Name cdate: 'Loan(Ⅰ)_일반+해지부보증'!$N$14
Name cdate: 'Loan(Ⅰ)_일반보증'!$O$22
Name cdate: 'Loan(Ⅰ)_일반'!$AB$14
Name 감정수수료: '경매일정(Ⅶ)'!$A$34:$N$41
Name 감정수수료: #REF!
Name 평: 등기부!$B$74

Sheet Login

Sheet 사용자 구성
F2: 관리자 (회사) | G2: 사원1
G3: 사원2
G4: 사원3
G5: 사원4
G6: 사원5
G7: 사원6
G8: 사원7
G9: 사원8
G10: 사원9
G11: 사원10
B15: 회계법인1 | C15: PM | E15: 회계법인2 | F15: PM | H15: 회계법인3 | I15: PM | K15: 회계법인 4 | L15: PM
C16: 평가자1 | F16: 평가자1 | I16: 평가자1 | L16: 평가자1
C17: 평가자2 | F17: 평가자2 | I17: 평가자2 | L17: 평가자2
C18: 평가자3 | F18: 평가자3 | I18: 평가자3 | L18: 평가자3
C19: 평가자4 | F19: 평가자4 | I19: 평가자4 | L19: 평가자4
A23: 권한설정 | B23: 수식걸린 엑셀다운로드 | E23: 관리자(회사)와 담당 회계법인 PM
B24: POOL별 전체차주 접근 | E24: 관리자(회사)와 담당 회계법인 PM
B25: 개별차주 접근 | E25: 관리자(회사)와 담당 회계법인 PM. 담당 회계법인 평가자
B26: FIX 회차 | E26: 관리자(회사)와 담당 회계법인 PM. 담당 회계법인 평가자
B27: FIX 회차별 현금흐름집계 | E27: 관리자(회사)와 담당 회계법인 PM. 담당 회계법인 평가자 | K27: 다운로드 가능
B28: FIX 회차별 전후 수정사항 | E28: 관리자(회사)와 담당 회계법인 PM. 담당 회계법인 평가자 | K28: 다운로드 가능
B29: 마감 | E29: 관리자(회사)
B30: 입찰지도 | E30: 관리자(회사)

Sheet 관리자모드
Q4: Log in 화면 | Y4: 프로그램별 진행사항
Q6: 진행중인 프로그램 | Y6: 프로그램 선택 | AA6: SHB-2025-03 | AL6: Assgin, 전체 | AN6: 롤업 | AP6: 현금흐름 집계
Q8: 프로그램명 | R8: 담당팀 | S8: 담당 회계법인 | T8: 차주수 | U8: 물건수 | V8: cut-off | W8: 입찰일 | Y8: 차주번호 | Z8: 차주명 | AA8: Assign | AB8: 담보번호 | AC8: 물건종류 | AD8: 약정서 | AE8: 보증서 | AF8: 경개개시여부 | AG8: 경개개시여부 | AH8: 경매열람자료 | AI8: 전입/상가임대차 열람 | AJ8: 선순위검토 | AK8: 평가액확정 | AL8: 경(공)매일정 | AM8: QA_미회신 | AN8: 권리분석

Sheet PM
A29: PM화면
A30: 프로그램별 진행사항
A32: 프로그램 선택 | C32: SHB-2025-03
A35: 차주번호 | B35: 차주명 | C35: Assign | D35: 담보번호 | E35: 물건종류 | F35: 약정서 | G35: 보증서 | H35: 경개개시여부 | I35: 경개개시여부 | J35: 경매열람자료 | K35: 전입/상가임대차 열람 | L35: 선순위검토 | M35: 평가액확정 | N35: 경(공)매일정 | O35: QA_미회신 | P35: 권리분석

Sheet 평가자
B28: 차주번호 | C28: 차주명 | D28: 담보번호 | E28: 물건종류 | F28: 약정서 | G28: 보증서 | H28: 경개개시여부 | I28: 경개개시여부 | J28: 경매열람자료 | K28: 전입/상가임대차 열람 | L28: 선순위검토 | M28: 평가액확정 | N28: 경(공)매일정 | O28: QA_미회신 | P28: 권리분석

Sheet 기초테이터
A31: 지역소득수익률* | C31: 공공데이터 다운어디서 하는지 확인필요
A37: QA 입력 | D37: QA 알람
A38: 실사 Assign 입력 | D38: 추가자료 알람

Sheet 등기부
B74: 3.305785
A78: 물건번호 | B78: R-150_1 | C78: DD정보 (sheet C-1)
A79: 지번일련번호 | B79: 물건지(등기부등본) | E79: 물건지 (DD) | H79: 일치여부 | I79: 담보물형태 | J79: 대지면적 (평) | K79: 건물면적(평) | L79: 소유자 | M79: 등록번호 | N79: 최종지분 | O79: 소유자 주소 | P79: >> 기본 5행, 내용이 많아지면 내용+1칸
A80: R-150_1_1 | E80: DD정보 (sheet c-2) | I80: DD정보 | J80: DD정보/평*대지권비율 | K80: DD정보/평*건물비율 | L80: 지분소유일경우 소유자 모두 이름, 지분율 기재, 최다지분소유자 주소기재
A81: R-150_1_2
A82: R-150_1_3
A83: R-150_1_4
A84: R-150_1_5
A85: 소유지분을 제외한 소유권에 관한 사항 (갑구) | D85: >> 기본 5행, 내용이 많아지면 내용+1칸
A86: 순위번호 | B86: 등기목적 | C86: 접수정보 | D86: 권리자/채권자 | E86: 청구금액 | F86: 대상소유자 | G86: 비고 | H86: 지번
B87: 가압류 | C87: 45316 | D87: 케이비케피탈주식회사 | E87: 15161923
B88: 압류 | C88: 45682 | D88: 국민건강보험공단
B90: 가압류/ 압류/ 이외
A92: (근)저당권 및 전세권 등 (을구) | D92: >> 기본 5행, 내용이 많아지면 내용+1칸
A93: 순위번호 | B93: 등기목적 | C93: 접수정보 | D93: 근저당권자 | E93: 채권최고액 | F93: 대상소유자 | G93: 채무자 | H93: 지번
B94: 근저당권 | C94: 42901

Sheet 권리분석
B28: 권리분석 업데이트분 어떻게 반영할건지 | G28: >> 알람

Sheet 마감
B28: 권리분석 업데이트분 어떻게 반영할건지 | G28: >> 알람

Sheet 비핵심

Sheet 비핵심 전체
A2: 차주번호 | B2: SheetA(차주일반정보) | C2: 차주명 | D2: SheetA(차주일반정보) | E2: 차주유형 | F2: SheetA(차주일반정보) | G2: 사업자번호 | H2: 기본 : 개인사업자, 법인(주황색 평가자 입력), 개인(N/A흰색)
A3: 물건갯수 | B3: SheetC-1(물건번호 총갯수) | C3: OPB | D3: SheetA(차주일반정보) | E3: 근저당설정액 | F3: DD
A4: 회생 | B4: S 차주 | C4: 개회 | D4: 체크 | E4: 차주사망
A5: XNPV 1안 | B5: 평과결과 | C5: 1안 Ratio | D5: 평과결과 | E5: XNPV 2안 | F5: 평과결과 | G5: 2안 Ratio | H5: 평과결과
A7: 채권정보 | B7: Loan의 경우
A8: 피담보채무범위 :
A9: 계좌일련번호 (A) | B9: 대출과목 (B) | C9: 대출종류 (C) | D9: 계좌번호 (D) | E9: 최초대출일 (E) | F9: 최초대출원금 (F) | G9: 대출원금잔액 (G) | H9: 가지급금 (H) | I9: 미수이자 (I) | J9: 채권액 합계 (J) | K9: 최종이수일 (K) | L9: 정상이자율 (L) | M9: 연체이자율 (M) | N9: 약정서 확인 | O9: 경매비용, 대위등기비용 | P9: 1순위 피담보(N) | Q9: 2순위 피담보(N2) | R9: 3순위 피담보(N3) | S9: 유효보증서여부(O) | T9: 기 대위변제 (P) | U9: 해지부보증여부 (Q) | V9: MCI보증 * | W9: 원금 상계 (R) | X9: 원금회수 (S) | Y9: 이자 상계 (T) | Z9: 이자회수(U) | AB9: 연체이자 계산에 따른 Loan Cap계산
A10: R-101_1 | B10: 기업 일반시설자금 (KB커머셜모기지론) | C10: 대출과목과 기본일치 세팅 | D10: 574*******5684 | E10: 45008 | F10: 440000000 | G10: 440000000 | H10: 0 | I10: 16213886 | J10: =SUM(G10:I10) -> 456213886 | K10: 45672 | L10: 0.0445 | M10: 0.0745 | P10: 체크박스*1 | Q10: 체크박스*1 | R10: 체크박스*1 | S10: DD정보 | T10: 개별체크 | U10: 체크박스*3 | V10: DD정보 | W10: Loan Cap 계산시 차감 | X10: Loan Cap 계산시 차감, | Y10: Loan Cap 계산시 차감 | Z10: Loan Cap 계산시 차감
A11: R-101_2 | B11: 가지급금 | C11: 가지급금은 대출종류 없음 | D11: 574*******2954 | E11: 45835 | F11: 2975020 | G11: 0 | H11: 2975020 | I11: 0 | J11: =SUM(G11:I11) -> 2975020 | N11: 체크박스 | O11: 체크박스 | P11: 개별체크 | Q11: 개별체크 | R11: 개별체크 | S11: DD정보 | T11: 개별체크 | U11: 체크박스*3 | V11: DD정보
T12: 최초대출원금, 대출원금잔액 다르때는 주확색 표시, 체크후 컬러 변경 | AB12: 보증서
AB13: 1. 보증기관, 보증잔액, 보증율, 대위변제여부, 대위변제일자 표시할수있도록
AB14: 1. 보증기관, 보증잔액, 보증율, 대위변제여부, 대위변제일자 표시할수있도록
A15: 합계 | W15: =SUM(W10:W14) -> 0 | X15: =SUM(X10:X14) -> 0 | Y15: =SUM(Y10:Y14) -> 0 | Z15: =SUM(Z10:Z14) -> 0
W16: => Cash In 반영 | Y16: => Cash In 반영
A17: 일반보증 | B17: 해지부보증 | C17: 유효 일반보증 | D17: 유효 해지부보증 | E17: MCI 보증 | F17: DD신용보증
A19: N | B19: N | C19: N | D19: N | F19: => 일반
A20: Y | B20: N | C20: Y | D20: N | F20: => 일반보증
A21: N | B21: Y | C21: N | D21: Y | F21: => 해지부보증
A22: Y | B22: Y | C22: Y | D22: Y | F22: =>일반+해지부보증
A24: 보증서요약 | O24: 대위변제일~배당일 | Q24: 대위변제일~배당일
A25: 계좌일련번호 (A) | B25: 보증기관(X) | C25: 보증잔액(Y) | D25: 해지부 해지채권(Z) | E25: 보증비율(AA) | F25: 대위변제여부(AB) | G25: 대위변제금 수령 예상일(AC) | H25: 연체이자율 (M) | I25: 정상이자율 (L) | J25: 대위변제원금(AD) | K25: 이자계산일수(AE) | L25: 약정이자(AF) | M25: 대위변제금액(AG) | N25: 연체이자, 약정이자 차이(AH) | O25: 1안 예상배당일(DD1) | P25: 1안 연체이자(AI) | Q25: 2안 예상배당일(DD2) | R25: 2안 연체이자(AJ) | S25: 1안 보증기관 Loan Cap(XLC1) | T25: 2안 보증기관 Loan Cap(XLC2)
A26: R-101_1 | C26: n/a | D26: n/a | E26: n/a | F26: n/a | G26: n/a | H26: 0.075 | I26: =H26-0.03 -> 0.045 | J26: n/a | K26: n/a | L26: n/a | M26: n/a | N26: n/a | O26: n/a | P26: n/a | Q26: n/a | R26: n/a | S26: n/a | T26: n/a
A27: R-101_2 | F27: Y / N | H27: 0.075 | I27: =H27-0.03 -> 0.045 | J27: 보증잔액 | K27: IF 대위변제여부(AB) Y : 주황색 키인 화면, 대위변제여부(AB) N : adate-최종이수일 | L27: IF 대위변제여부(AB) Y : 주황색 키인 화면, 대위변제여부(AB) N : 정상이자율(L)*대위변제원금(AD)*이자계산일수(AE)/1년일수(365일때는 365, 366 일때는 366) | M27: 약정이자(AF)+대위변제원금(AD) | N27: 3%*대위변제원금(AD)*이자계산일수(AE)/1년일수 | P27: (1안 예상배당일(DD1)-대위변제금 수령 예상일(AC))*연체이자율(M)*대위변제금액(AG)/1년일수 | R27: (2안 예상배당일(DD2)-대위변제금 수령 예상일(AC))*연체이자율(M)*대위변제금액(AG)/1년일수 | S27: 대위변제금액(AG)+1안 연체이자(AI) | T27: 대위변제금액(AG)+2안 연체이자(AJ)
A28: R-101_3 | F28: Y / N | H28: 0.075 | I28: =H28-0.03 -> 0.045 | J28: 보증잔액 | K28: IF 대위변제여부(AB) Y : 주황색 키인 화면, 대위변제여부(AB) N : adate-최종이수일 | L28: IF 대위변제여부(AB) Y : 주황색 키인 화면, 대위변제여부(AB) N : 정상이자율(L)*대위변제원금(AD)*이자계산일수(AE)/1년일수(365일때는 365, 366 일때는 366) | M28: 약정이자(AF)+대위변제원금(AD) | N28: 3%*대위변제원금(AD)*이자계산일수(AE)/1년일수 | P28: (1안 예상배당일(DD1)-대위변제금 수령 예상일(AC))*연체이자율(M)*대위변제금액(AG)/1년일수 | R28: (2안 예상배당일(DD2)-대위변제금 수령 예상일(AC))*연체이자율(M)*대위변제금액(AG)/1년일수 | S28: 대위변제금액(AG)+1안 연체이자(AI) | T28: 대위변제금액(AG)+2안 연체이자(AJ)
A29: R-101_4 | F29: Y / N | H29: 0.075 | I29: =H29-0.03 -> 0.045 | J29: 보증잔액 | K29: IF 대위변제여부(AB) Y : 주황색 키인 화면, 대위변제여부(AB) N : adate-최종이수일 | L29: IF 대위변제여부(AB) Y : 주황색 키인 화면, 대위변제여부(AB) N : 정상이자율(L)*대위변제원금(AD)*이자계산일수(AE)/1년일수(365일때는 365, 366 일때는 366) | M29: 약정이자(AF)+대위변제원금(AD) | N29: 3%*대위변제원금(AD)*이자계산일수(AE)/1년일수 | P29: (1안 예상배당일(DD1)-대위변제금 수령 예상일(AC))*연체이자율(M)*대위변제금액(AG)/1년일수 | R29: (2안 예상배당일(DD2)-대위변제금 수령 예상일(AC))*연체이자율(M)*대위변제금액(AG)/1년일수 | S29: 대위변제금액(AG)+1안 연체이자(AI) | T29: 대위변제금액(AG)+2안 연체이자(AJ) | W29: => 대위변제금액 Cash in 반영
A30: R-101_5 | F30: Y / N | H30: 0.075 | I30: =H30-0.03 -> 0.045 | J30: 보증잔액 | K30: IF 대위변제여부(AB) Y : 주황색 키인 화면, 대위변제여부(AB) N : adate-최종이수일 | L30: IF 대위변제여부(AB) Y : 주황색 키인 화면, 대위변제여부(AB) N : 정상이자율(L)*대위변제원금(AD)*이자계산일수(AE)/1년일수(365일때는 365, 366 일때는 366) | M30: 약정이자(AF)+대위변제원금(AD) | N30: 3%*대위변제원금(AD)*이자계산일수(AE)/1년일수 | P30: (1안 예상배당일(DD1)-대위변제금 수령 예상일(AC))*연체이자율(M)*대위변제금액(AG)/1년일수 | R30: (2안 예상배당일(DD2)-대위변제금 수령 예상일(AC))*연체이자율(M)*대위변제금액(AG)/1년일수 | S30: 대위변제금액(AG)+1안 연체이자(AI) | T30: 대위변제금액(AG)+2안 연체이자(AJ) | W30: => 대위변제금액 Cash in 반영
J32: Loan cap1 | K32: Loan cap1
A33: 계좌일련번호 (A) | B33: 보증여부(AK) | C33: 대출원금잔액 (AL) | D33: 미수이자 (AM) | E33: 연체이자율 (M) | F33: 1안 예상배당일(DD1) | G33: 1안 연체이자(AN) | H33: 2안 예상배당일(DD2) | I33: 2안 연체이자(AO) | J33: 1안 Loan Cap(LC11) | K33: 2안 Loan Cap(LC12) | M33: 보증서 등 | P33: 기타항목 및 전송 | X33: 연체이자 계산에 따른 Loan Cap계산
A34: R-101_1 | B34: (피담보Y, 유효보증서N, 기대위변제N)=>비보증부 | C34: G1 | D34: I1 | E34: =E33 -> 연체이자율 (M) | F34: =F33 -> 1안 예상배당일(DD1) | G34: (1안 예상배당일(DD1)-CDATE)*연체이자율(M)*대출원금잔액(AL)/1년일수 | H34: =H33 -> 2안 예상배당일(DD2) | I34: (2안 예상배당일(DD1)-CDATE)*연체이자율(M)*대출원금잔액(AL)/1년일수 | J34: 대출원금잔액(AL)+미수이자(AM)+1안 연체이자 AN | K34: 대출원금잔액(AL)+미수이자(AM)+2안 연체이자 AD
A35: R-101_2 | B35: (피담보Y, 유효보증서N, 기대위변제Y, 해지부N)=>일반보증 | C35: G2 | D35: I2 | E35: =E34 -> 연체이자율 (M) | F35: =F34 -> 1안 예상배당일(DD1) | G35: (1안 예상배당일(DD1)-CDATE)*연체이자율(M)*대출원금잔액(AL)/1년일수 | H35: =H34 -> 2안 예상배당일(DD2) | I35: (2안 예상배당일(DD1)-CDATE)*연체이자율(M)*대출원금잔액(AL)/1년일수 | J35: 대출원금잔액(AL)+미수이자(AM)+1안 연체이자 AN | K35: 대출원금잔액(AL)+미수이자(AM)+2안 연체이자 AD
A36: R-101_3 | B36: (피담보Y, 유효보증서N, 기대위변제Y, 해지부Y)=>해지부보증 | C36: G3-Z3 | D36: I3/G3*(G3-Z3) | E36: =E35 -> 연체이자율 (M) | F36: =F35 -> 1안 예상배당일(DD1) | G36: (1안 예상배당일(DD1)-CDATE)*연체이자율(M)*대출원금잔액(AL)/1년일수 | H36: =H35 -> 2안 예상배당일(DD2) | I36: (2안 예상배당일(DD1)-CDATE)*연체이자율(M)*대출원금잔액(AL)/1년일수 | J36: 대출원금잔액(AL)+미수이자(AM)+1안 연체이자 AN | K36: 대출원금잔액(AL)+미수이자(AM)+2안 연체이자 AD | X36: 보증서
A37: R-101_3 (2) | B37: 해지부해지채권 | C37: Z3 | D37: I3/G3*Z3 | E37: =E36 -> 연체이자율 (M) | F37: =F36 -> 1안 예상배당일(DD1) | G37: (1안 예상배당일(DD1)-CDATE)*연체이자율(M)*대출원금잔액(AL)/1년일수 | H37: =H36 -> 2안 예상배당일(DD2) | I37: (2안 예상배당일(DD1)-CDATE)*연체이자율(M)*대출원금잔액(AL)/1년일수 | J37: 대출원금잔액(AL)+미수이자(AM)+1안 연체이자 AN | K37: 대출원금잔액(AL)+미수이자(AM)+2안 연체이자 AD
A38: R-101_4 | B38: (피담보Y, 유효보증서Y, 기대위변제N, 해지부N)=>일반 유효보증 | C38: G4-Y4 | D38: I4/G4*(G4-Y4) | E38: =E37 -> 연체이자율 (M) | F38: =F37 -> 1안 예상배당일(DD1) | G38: (1안 예상배당일(DD1)-CDATE)*연체이자율(M)*대출원금잔액(AL)/1년일수 | H38: =H37 -> 2안 예상배당일(DD2) | I38: (2안 예상배당일(DD1)-CDATE)*연체이자율(M)*대출원금잔액(AL)/1년일수 | J38: 대출원금잔액(AL)+미수이자(AM)+1안 연체이자 AN | K38: 대출원금잔액(AL)+미수이자(AM)+2안 연체이자 AD | X38: 1. 보증기관, 보증잔액, 보증율, 대위변제여부, 대위변제일자 표시할수있도록
A39: R-101_5 | B39: (피담보Y, 유효보증서Y, 기대위변제N, 해지부Y)=>해지부 유효보증 | C39: G5-Y5-Z5 | D39: I5/G5*(G5-Y5-Z5) | E39: =E38 -> 연체이자율 (M) | F39: =F38 -> 1안 예상배당일(DD1) | G39: (1안 예상배당일(DD1)-CDATE)*연체이자율(M)*대출원금잔액(AL)/1년일수 | H39: =H38 -> 2안 예상배당일(DD2) | I39: (2안 예상배당일(DD1)-CDATE)*연체이자율(M)*대출원금잔액(AL)/1년일수 | J39: 대출원금잔액(AL)+미수이자(AM)+1안 연체이자 AN | K39: 대출원금잔액(AL)+미수이자(AM)+2안 연체이자 AD | X39: 1. 보증기관, 보증잔액, 보증율, 대위변제여부, 대위변제일자 표시할수있도록
A40: R-101_5 (2) | B40: 해지부해지채권 | C40: Z5 | D40: I5/F5*Z5 | E40: =E39 -> 연체이자율 (M) | F40: =F39 -> 1안 예상배당일(DD1) | G40: (1안 예상배당일(DD1)-CDATE)*연체이자율(M)*대출원금잔액(AL)/1년일수 | H40: =H39 -> 2안 예상배당일(DD2) | I40: (2안 예상배당일(DD1)-CDATE)*연체이자율(M)*대출원금잔액(AL)/1년일수 | J40: 대출원금잔액(AL)+미수이자(AM)+1안 연체이자 AN | K40: 대출원금잔액(AL)+미수이자(AM)+2안 연체이자 AD
A41: 합계 | J41: =SUM(J34:J40) -> 0 | K41: =SUM(K34:K40) -> 0 | L41: << Loan cap1
A43: 보증여부(AK) | B43: 대출원금잔액 (AL) | C43: 미수이자 (AM) | D43: 1안 연체이자(AN) | E43: 2안 연체이자(AO) | F43: 1안 Loan Cap(LC11) | G43: 2안 Loan Cap(LC12)
A44: 비보증부 | B44: 보증여부 (AK)에 따른 합계 | C44: 보증여부 (AK)에 따른 합계 | D44: 보증여부 (AK)에 따른 합계 | E44: 보증여부 (AK)에 따른 합계 | F44: 비보증부 LC11 | G44: 비보증부 LC12
A45: 일반보증 | B45: 보증여부 (AK)에 따른 합계 | C45: 보증여부 (AK)에 따른 합계 | D45: 보증여부 (AK)에 따른 합계 | E45: 보증여부 (AK)에 따른 합계 | F45: 일반보증 LC11 | G45: 일반보증 LC12
A46: 해지부보증 | B46: 보증여부 (AK)에 따른 합계 | C46: 보증여부 (AK)에 따른 합계 | D46: 보증여부 (AK)에 따른 합계 | E46: 보증여부 (AK)에 따른 합계 | F46: 해지부보증 LC11 | G46: 해지부보증 LC12
A47: 일반 유효보증 | B47: 보증여부 (AK)에 따른 합계 | C47: 보증여부 (AK)에 따른 합계 | D47: 보증여부 (AK)에 따른 합계 | E47: 보증여부 (AK)에 따른 합계 | F47: 일반 유효보증 LC11 | G47: 일반 유효보증 LC12
A48: 해지부 유효보증 | B48: 보증여부 (AK)에 따른 합계 | C48: 보증여부 (AK)에 따른 합계 | D48: 보증여부 (AK)에 따른 합계 | E48: 보증여부 (AK)에 따른 합계 | F48: 해지부 유효보증 LC11 | G48: 해지부 유효보증 LC12
A49: 해지부해지채권 | B49: 보증여부 (AK)에 따른 합계 | C49: 보증여부 (AK)에 따른 합계 | D49: 보증여부 (AK)에 따른 합계 | E49: 보증여부 (AK)에 따른 합계 | F49: 해지부 해지채권 LC11 | G49: 해지부 해지채권 LC12
A50: 합계 | F50: =SUM(F44:F48) -> 0 | G50: =SUM(G44:G48) -> 0
B52: 1안배당가능재원(DM1) | C52: 2안배당가능재원(DM2) | D52: : min(선순위 차감후 배당가능재원, Mortgage cap)
A53: 비보증부대출합계(AP) | B53: 비보증부 LC11 | C53: 비보증부 LC12 | H53: 대위변제일까지의 연체이자 차감
A54: 연체이자, 약정이자차이(AH) | B54: 일반보증, 일반 유효보증연체이자, 약정이자 차이(AH) | C54: 일반보증, 일반 유효보증연체이자, 약정이자 차이(AH)
A55: 안분대상금액(AQ) | B55: max(DM1-AP1-AH1,0) | C55: max(DM2-AP2-AH2,0)
A57: 안분비율(AR) | E57: 보증기관 안분액(XD)
A58: 보증기관(X) | B58: 대위변제원금(AD) | C58: 안분비율(AR) | E58: 보증기관(S) | F58: 1안 | G58: 2안
A59: 보증기관 | B59: =J25 -> 대위변제원금(AD) | C59: AR1 | E59: 보증기관 | F59: min(AQ1*AR1,XLC1) | G59: min(AQ2*AR1,XLC2)
A60: 보증기관2 | B60: =B59 -> 대위변제원금(AD) | C60: AR2 | E60: 보증기관2 | F60: min(AQ1*AR2,XLC1) | G60: min(AQ2*AR2,XLC2)
A61: 은행 | B61: 대출원금잔액 (F)-대위변제원금(AD)-비보증부 대출원금잔액 | C61: AR3 | E61: Total | F61: XD1 | G61: XD2
A62: Total | B62: =SUM(B59:B61) -> 0 | C62: 1
E63: Loan cap2 | F63: DM1-XD1 | G63: DM2-XD2
A67: MCI 보증 * | B67: (있는경우만 표시)
A68: 1안
A69: MCI최초가입금액 | B69: 보증서번호 | C69: 채권번호 | D69: 계좌번호 | E69: MCI최초가입금액 | F69: MCI가입잔액
A70: DD sheetD | B70: DD sheetD | C70: DD sheetD | D70: DD sheetD | E70: DD | F70: DD
A71: 최종이수일 | B71: 예상배당일 | C71: 일수 | D71: 정상이자율
A72: 계좌의 최종이수일 | B72: 1안 예상배당일 | C72: 예상배당일-최종이수일 | D72: 계좌정상이자율
A73: 인수대상원금 | B73: 유효담보가 | C73: 유효담보가의 이자 | D73: 유효담보가의 이자한도 | E73: 유효담보가 배당액
A74: 채권잔액 | B74: 인수대상원금-MCI 가입잔액 | C74: (미수이자+1안연체이자)/인수대상원금*유효담보가 | D74: 유효담보가의 20% | E74: 유효담보가+유휴담보가의 이자(Max 한도)
A75: 예상배당금 | B75: MCI 정상이자 | C75: 배당으로 충당되지 않은 MCI 잔액 | D75: 청구가능금액 | E75: 배당후 손실액 | F75: MCI 청구액
A76: 1안 배당가능재원 | B76: 유효담보가*일수*정상이자율/365 | C76: max(MCI가입잔액+MCI정상이자-(예상배당금-유효담보가 배당액),0) | D76: min(MCI최초가입금액, 배당으로 충당되지 않은 MCI 잔액) | E76: 예상배당금-Loan cap1 | F76: min(청구가능금액, 배당후 손실액) | H76: >> 1안 배당일에 MCI 회수 반영
A77: 2안
A78: MCI최초가입금액 | B78: 보증서번호 | C78: 채권번호 | D78: 계좌번호 | E78: MCI최초가입금액 | F78: MCI가입잔액
A79: DD sheetD | B79: DD sheetD | C79: DD sheetD | D79: DD sheetD | E79: DD | F79: DD
A80: 최종이수일 | B80: 예상배당일 | C80: 일수 | D80: 정상이자율
A81: 계좌의 최종이수일 | B81: 2안 예상배당일 | C81: 예상배당일-최종이수일 | D81: 계좌정상이자율
A82: 인수대상원금 | B82: 유효담보가 | C82: 유효담보가의 이자 | D82: 유효담보가의 이자한도 | E82: 유효담보가 배당액
A83: 채권잔액 | B83: 인수대상원금-MCI 가입잔액 | C83: (미수이자+1안연체이자)/인수대상원금*유효담보가 | D83: 유효담보가의 20% | E83: 유효담보가+유휴담보가의 이자(Max 한도)
A84: 예상배당금 | B84: MCI 정상이자 | C84: 배당으로 충당되지 않은 MCI 잔액 | D84: 청구가능금액 | E84: 배당후 손실액 | F84: MCI 청구액
A85: 2안 배당가능재원 | B85: 유효담보가*일수*정상이자율/365 | C85: max(MCI가입잔액+MCI정상이자-(예상배당금-유효담보가 배당액),0) | D85: min(MCI최초가입금액, 배당으로 충당되지 않은 MCI 잔액) | E85: 예상배당금-Loan cap1 | F85: min(청구가능금액, 배당후 손실액) | H85: >> 2안 배당일에 MCI 회수 반영
A88: 담보총괄
A89: 물건번호 | B89: 담보소재지 | D89: 담보종류 | E89: 토지면적 | F89: 건물면적 | G89: 기계기구 | H89: 공장저당여부
A90: R-150_1 | B90: SheetC-1(담보소재지)
A91: R-150_2 | B91: SheetC-1(담보소재지)
A92: R-150_3 | B92: SheetC-1(담보소재지)
A93: R-150_4 | B93: SheetC-1(담보소재지)
A94: R-150_5 | B94: SheetC-1(담보소재지)
A96: 등기부등본 요약
A97: 물건번호 | B97: R-150_1 | C97: DD정보 (sheet C-1)
A98: 지번일련번호 | B98: 물건지 (DD) | E98: 담보물형태 | F98: 대지면적 (평) | G98: 건물면적(평) | H98: 소유자 | I98: 등록번호 | J98: 최종지분 | K98: 소유자 주소 | P98: >> 기본 5행, 내용이 많아지면 내용+1칸
A99: R-150_1_1 | B99: DD정보 (sheet c-2) | E99: DD정보 | F99: DD정보/평*대지권비율 | G99: DD정보/평*건물비율 | H99: 지분소유일경우 소유자 모두 이름, 지분율 기재, 최다지분소유자 주소기재
A100: R-150_1_2
A101: R-150_1_3
A102: R-150_1_4
A103: R-150_1_5
A104: 소유지분을 제외한 소유권에 관한 사항 (갑구) | D104: >> 기본 5행, 내용이 많아지면 내용+1칸
A105: 순위번호 | B105: 등기목적 | C105: 접수정보 | D105: 권리자/채권자 | E105: 청구금액 | F105: 비고 | G105: 임금채권추정 | H105: 대상소유자 | I105: 지번번호 | N105: 등기부등본 | T105: 공장저당 | Z105: 신탁원부
B106: 가압류 | C106: 45316 | D106: 케이비케피탈주식회사 | E106: 15161923
B107: 압류 | C107: 45682 | D107: 국민건강보험공단
B109: 가압류/ 압류/ 이외
A111: (근)저당권 및 전세권 등 (을구) | D111: >> 기본 5행, 내용이 많아지면 내용+1칸
A112: 순위번호 | B112: 등기목적 | C112: 접수정보 | D112: 근저당권자 | E112: 채권최고액 | F112: 채무자 | G112: 담보종류 | H112: 공장저당 | I112: 대상소유자 | J112: 지번번호
B113: 근저당권 | C113: 42901
A118: 순위번호 1번 가압류의 접수일은 지번번호 01, 02, 03 각각 2025-01-03, 2025-01-03, 2025-01-09 입니다. 순위번호 1번 근저당권의 접수일은 지번번호 01, 02, 03, 04 각각 2025-01-03, 2025-01-03, 2025-01-09, 2025-01-09 입니다. 순위번호 2번 근저당권의 접수일은 지번번호 01, 02, 03, 04 각각 2025-01-03, 2025-01-03, 2025-01-09, 2025-01-09 입니다.
A121: 위치도
A122: 지적도 & 위치도 | D122: 로드뷰 | G122: 토지이용계획확인원 | J122: 요약건축물대장
...

Sheet 차주개요(０)
A1: 맨 윗하면 기본 세팅
A3: 차주번호 | B3: SheetA(차주일반정보) | C3: 차주명 | D3: SheetA(차주일반정보) | E3: 차주유형 | F3: SheetA(차주일반정보) | G3: 사업자번호 | H3: 기본 : 개인사업자, 법인(주황색 평가자 입력), 개인(N/A흰색)
A4: 물건갯수 | B4: SheetC-1(물건번호 총갯수) | C4: OPB | D4: SheetA(차주일반정보) | E4: 근저당설정액 | F4: DD
A5: 회생 | B5: S 차주 | C5: 개회 | D5: 체크 | E5: 차주사망
A6: XNPV 1안 | B6: 평과결과 | C6: 1안 Ratio | D6: 평과결과 | E6: XNPV 2안 | F6: 평과결과 | G6: 2안 Ratio | H6: 평과결과
B10: 링크
B11: DD
B12: 평가자
B13: DD+ 평가자
B14: interim
B15: 시스템상 계산
B16: 등기부요약, 경매추천, 지도

Sheet Loan(Ⅰ)_일반
A1: 채권정보
A2: 피담보채무범위 | W2: Interim 정보
A3: 계좌일련번호 (A) | B3: 대출과목 (B) | C3: 대출종류 (C) | D3: 계좌번호 (D) | E3: 최초대출일 (E) | F3: 최초대출원금 (F) | G3: 대출원금잔액 (G) | H3: 가지급금 (H) | I3: 미수이자 (I) | J3: 채권액 합계 (J) | K3: 최종이수일 (K) | L3: 정상이자율 (L) | M3: 연체이자율 (M) | N3: 약정서 확인 | O3: 경매비용, 대위등기비용 | P3: 1순위 피담보(N) | Q3: 2순위 피담보(N2) | R3: 3순위 피담보(N3) | S3: 유효보증서여부(O) | T3: 기 대위변제 (P) | U3: 해지부보증여부 (Q) | V3: MCI보증 * | W3: 원금 상계 (R) | X3: 원금회수 (S) | Y3: 이자 상계 (T) | Z3: 이자회수(U) | AB3: 연체이자 계산에 따른 Loan Cap계산
A4: R-101_1 | B4: 기업 일반시설자금 (KB커머셜모기지론) | C4: 대출과목과 기본일치 세팅 | D4: 574*******5684 | E4: 45008 | F4: 440000000 | G4: 440000000 | H4: 0 | I4: 16213886 | J4: =SUM(G4:I4) -> 456213886 | K4: 45672 | L4: 0.0445 | M4: 0.0745 | P4: 체크박스*1 | Q4: 체크박스*1 | R4: 체크박스*1 | S4: DD정보 | T4: 개별체크 | U4: 체크박스*3 | V4: DD정보 | W4: Loan Cap 계산시 차감 | X4: Loan Cap 계산시 차감, | Y4: Loan Cap 계산시 차감 | Z4: Loan Cap 계산시 차감
A5: R-101_2 | B5: 가지급금 | C5: 가지급금은 대출종류 없음 | D5: 574*******2954 | E5: 45835 | F5: 2975020 | G5: 0 | H5: 2975020 | I5: 0 | J5: =SUM(G5:I5) -> 2975020 | N5: 체크박스 | O5: 체크박스 | P5: 개별체크 | Q5: 개별체크 | R5: 개별체크 | S5: DD정보 | T5: 개별체크 | U5: 체크박스*3 | V5: DD정보
T6: 최초대출원금, 대출원금잔액 다르때는 주확색 표시, 체크후 컬러 변경 | AB6: 보증서
AB7: 1. 보증기관, 보증잔액, 보증율, 대위변제여부, 대위변제일자 표시할수있도록
AB8: 1. 보증기관, 보증잔액, 보증율, 대위변제여부, 대위변제일자 표시할수있도록
A9: 합계 | W9: =SUM(W4:W8) -> 0 | X9: =SUM(X4:X8) -> 0 | Y9: =SUM(Y4:Y8) -> 0 | Z9: =SUM(Z4:Z8) -> 0
W10: => Cash In 반영 | Y10: => Cash In 반영
A11: Loan Cap 1 | L11: 보증서 등 | O11: 기타항목 및 전송
A12: (유효보증서 N and 기대위변제N) | I12: Loan Cap1 | J12: Loan Cap1 | K12: (Loan Cap2 일치)
A13: 계좌일련번호 (A) | B13: 대출원금잔액 (G) | C13: 미수이자 (I) | D13: 연체이자율 (M) | E13: 1안 예상배당일(DD1) | F13: 1안 연체이자(V) | G13: 2안 예상배당일(DD2) | H13: 2안 연체이자(W) | I13: 1안 Loan Cap(LC1) | J13: 2안 Loan Cap(LC2) | AB13: 45961 | AC13: >> adate
A14: R-101_1 | B14: 440000000 | C14: 16213886 | D14: 0.0745 | E14: 46417 | F14: =(E14-cdate)*B14*D14/365 -> 43736603 | G14: 46558 | H14: =(G14-cdate)*B14*D14/365 -> 56399562 | I14: =F14+C14+B14 -> 4.9995049e+08 | J14: =H14+C14+B14 -> 5.1261345e+08 | AA14: 가정 | AB14: 45930 | AC14: >> Cdate
A15: R-101_2
A19: 합계 | B19: =SUM(B14:B18) -> 440000000 | C19: =SUM(C14:C18) -> 16213886 | F19: =SUM(F14:F18) -> 43736603 | H19: =SUM(H14:H18) -> 56399562 | I19: =SUM(I14:I18) -> 4.9995049e+08 | J19: =SUM(J14:J18) -> 5.1261345e+08
A23: MCI 보증 * | B23: (있는경우만 표시)
A24: 1안
A25: MCI최초가입금액 | B25: 보증서번호 | C25: 채권번호 | D25: 계좌번호 | E25: MCI최초가입금액 | F25: MCI가입잔액
A26: DD sheetD | B26: DD sheetD | C26: DD sheetD | D26: DD sheetD | E26: DD | F26: DD
A27: 최종이수일 | B27: 예상배당일 | C27: 일수 | D27: 정상이자율
A28: 계좌의 최종이수일 | B28: 1안 예상배당일 | C28: 예상배당일-최종이수일 | D28: 계좌정상이자율
A29: 인수대상원금 | B29: 유효담보가 | C29: 유효담보가의 이자 | D29: 유효담보가의 이자한도 | E29: 유효담보가 배당액
A30: 채권잔액 | B30: 인수대상원금-MCI 가입잔액 | C30: (미수이자+1안연체이자)/인수대상원금*유효담보가 | D30: 유효담보가의 20% | E30: 유효담보가+유휴담보가의 이자(Max 한도)
A31: 예상배당금 | B31: MCI 정상이자 | C31: 배당으로 충당되지 않은 MCI 잔액 | D31: 청구가능금액 | E31: 배당후 손실액 | F31: MCI 청구액
A32: 1안 배당가능재원 | B32: 유효담보가*일수*정상이자율/365 | C32: max(MCI가입잔액+MCI정상이자-(예상배당금-유효담보가 배당액),0) | D32: min(MCI최초가입금액, 배당으로 충당되지 않은 MCI 잔액) | E32: 예상배당금-Loan cap1 | F32: min(청구가능금액, 배당후 손실액) | H32: >> 1안 배당일에 MCI 회수 반영
A33: 2안
A34: MCI최초가입금액 | B34: 보증서번호 | C34: 채권번호 | D34: 계좌번호 | E34: MCI최초가입금액 | F34: MCI가입잔액
A35: DD sheetD | B35: DD sheetD | C35: DD sheetD | D35: DD sheetD | E35: DD | F35: DD
A36: 최종이수일 | B36: 예상배당일 | C36: 일수 | D36: 정상이자율
A37: 계좌의 최종이수일 | B37: 2안 예상배당일 | C37: 예상배당일-최종이수일 | D37: 계좌정상이자율
A38: 인수대상원금 | B38: 유효담보가 | C38: 유효담보가의 이자 | D38: 유효담보가의 이자한도 | E38: 유효담보가 배당액
A39: 채권잔액 | B39: 인수대상원금-MCI 가입잔액 | C39: (미수이자+1안연체이자)/인수대상원금*유효담보가 | D39: 유효담보가의 20% | E39: 유효담보가+유휴담보가의 이자(Max 한도)
A40: 예상배당금 | B40: MCI 정상이자 | C40: 배당으로 충당되지 않은 MCI 잔액 | D40: 청구가능금액 | E40: 배당후 손실액 | F40: MCI 청구액
A41: 2안 배당가능재원 | B41: 유효담보가*일수*정상이자율/365 | C41: max(MCI가입잔액+MCI정상이자-(예상배당금-유효담보가 배당액),0) | D41: min(MCI최초가입금액, 배당으로 충당되지 않은 MCI 잔액) | E41: 예상배당금-Loan cap1 | F41: min(청구가능금액, 배당후 손실액) | H41: >> 2안 배당일에 MCI 회수 반영

Sheet Loan(Ⅰ)_일반보증
A1: 채권정보
A2: 피담보채무범위 | W2: Interim 정보
A3: 계좌일련번호 (A) | B3: 대출과목 (B) | C3: 대출종류 (C) | D3: 계좌번호 (D) | E3: 최초대출일 (E) | F3: 최초대출원금 (F) | G3: 대출원금잔액 (G) | H3: 가지급금 (H) | I3: 미수이자 (I) | J3: 채권액 합계 (J) | K3: 최종이수일 (K) | L3: 정상이자율 (L) | M3: 연체이자율 (M) | N3: 약정서 확인 | O3: 경매비용, 대위등기비용 | P3: 1순위 피담보(N) | Q3: 2순위 피담보(N2) | R3: 3순위 피담보(N3) | S3: 유효보증서여부(O) | T3: 기 대위변제 (P) | U3: 해지부보증여부 (Q) | V3: MCI보증 * | W3: 원금 상계 (R) | X3: 원금회수 (S) | Y3: 이자 상계 (T) | Z3: 이자회수(U) | AB3: 연체이자 계산에 따른 Loan Cap계산
A4: R-101_1 | B4: 기업 일반시설자금 (KB커머셜모기지론) | C4: 대출과목과 기본일치 세팅 | D4: 574*******5684 | E4: 45008 | F4: 440000000 | G4: 440000000 | H4: 0 | I4: 16213886 | J4: =SUM(G4:I4) -> 456213886 | K4: 45672 | L4: 0.0445 | M4: 0.0745 | P4: 체크박스*1 | Q4: 체크박스*1 | R4: 체크박스*1 | S4: DD정보 | T4: 개별체크 | U4: 체크박스*3 | V4: DD정보 | W4: Loan Cap 계산시 차감 | X4: Loan Cap 계산시 차감, | Y4: Loan Cap 계산시 차감 | Z4: Loan Cap 계산시 차감
A5: R-101_2 | B5: 가지급금 | C5: 가지급금은 대출종류 없음 | D5: 574*******2954 | E5: 45835 | F5: 2975020 | G5: 0 | H5: 2975020 | I5: 0 | J5: =SUM(G5:I5) -> 2975020 | N5: 체크박스 | O5: 체크박스 | P5: 개별체크 | Q5: 개별체크 | R5: 개별체크 | S5: DD정보 | T5: 개별체크 | U5: 체크박스*3 | V5: DD정보
T6: 최초대출원금, 대출원금잔액 다르때는 주확색 표시, 체크후 컬러 변경 | AB6: 보증서
AB7: 1. 보증기관, 보증잔액, 보증율, 대위변제여부, 대위변제일자 표시할수있도록
AB8: 1. 보증기관, 보증잔액, 보증율, 대위변제여부, 대위변제일자 표시할수있도록
A9: 합계 | W9: =SUM(W4:W8) -> 0 | X9: =SUM(X4:X8) -> 0 | Y9: =SUM(Y4:Y8) -> 0 | Z9: =SUM(Z4:Z8) -> 0
W10: => Cash In 반영 | Y10: => Cash In 반영
A11: 보증서요약 | O11: 대위변제일~배당일 | Q11: 대위변제일~배당일
A12: 계좌일련번호 (A) | B12: 보증기관(X) | C12: 보증잔액(Y) | D12: 해지부 해지채권(Z) | E12: 보증비율(AA) | F12: 대위변제여부(AB) | G12: 대위변제금 수령 예상일(AC) | H12: 연체이자율 (M) | I12: 정상이자율 (L) | J12: 대위변제원금(AD) | K12: 이자계산일수(AE) | L12: 약정이자(AF) | M12: 대위변제금액(AG) | N12: 연체이자, 약정이자 차이(AH) | O12: 1안 예상배당일(DD1) | P12: 1안 연체이자(AI) | Q12: 2안 예상배당일(DD2) | R12: 2안 연체이자(AJ) | S12: 1안 보증기관 Loan Cap(XLC1) | T12: 2안 보증기관 Loan Cap(XLC2)
A13: R-101_1 | C13: n/a | D13: n/a | E13: n/a | F13: n/a | G13: n/a | H13: 0.075 | I13: =H13-0.03 -> 0.045 | J13: n/a | K13: n/a | L13: n/a | M13: n/a | N13: n/a | O13: n/a | P13: n/a | Q13: n/a | R13: n/a | S13: n/a | T13: n/a
A14: R-101_2 | F14: Y / N | H14: 0.075 | I14: =H14-0.03 -> 0.045 | J14: 보증잔액 | K14: IF 대위변제여부(AB) Y : 주황색 키인 화면, 대위변제여부(AB) N : adate-최종이수일 | L14: IF 대위변제여부(AB) Y : 주황색 키인 화면, 대위변제여부(AB) N : 정상이자율(L)*대위변제원금(AD)*이자계산일수(AE)/1년일수(365일때는 365, 366 일때는 366) | M14: 약정이자(AF)+대위변제원금(AD) | N14: 3%*대위변제원금(AD)*이자계산일수(AE)/1년일수 | P14: (1안 예상배당일(DD1)-대위변제금 수령 예상일(AC))*연체이자율(M)*대위변제금액(AG)/1년일수 | R14: (2안 예상배당일(DD2)-대위변제금 수령 예상일(AC))*연체이자율(M)*대위변제금액(AG)/1년일수 | S14: 대위변제금액(AG)+1안 연체이자(AI) | T14: 대위변제금액(AG)+2안 연체이자(AJ)
A15: R-101_3 | F15: Y / N | H15: 0.075 | I15: =H15-0.03 -> 0.045 | J15: 보증잔액 | K15: IF 대위변제여부(AB) Y : 주황색 키인 화면, 대위변제여부(AB) N : adate-최종이수일 | L15: IF 대위변제여부(AB) Y : 주황색 키인 화면, 대위변제여부(AB) N : 정상이자율(L)*대위변제원금(AD)*이자계산일수(AE)/1년일수(365일때는 365, 366 일때는 366) | M15: 약정이자(AF)+대위변제원금(AD) | N15: 3%*대위변제원금(AD)*이자계산일수(AE)/1년일수 | P15: (1안 예상배당일(DD1)-대위변제금 수령 예상일(AC))*연체이자율(M)*대위변제금액(AG)/1년일수 | R15: (2안 예상배당일(DD2)-대위변제금 수령 예상일(AC))*연체이자율(M)*대위변제금액(AG)/1년일수 | S15: 대위변제금액(AG)+1안 연체이자(AI) | T15: 대위변제금액(AG)+2안 연체이자(AJ)
A16: R-101_4 | F16: Y / N | H16: 0.075 | I16: =H16-0.03 -> 0.045 | J16: 보증잔액 | K16: IF 대위변제여부(AB) Y : 주황색 키인 화면, 대위변제여부(AB) N : adate-최종이수일 | L16: IF 대위변제여부(AB) Y : 주황색 키인 화면, 대위변제여부(AB) N : 정상이자율(L)*대위변제원금(AD)*이자계산일수(AE)/1년일수(365일때는 365, 366 일때는 366) | M16: 약정이자(AF)+대위변제원금(AD) | N16: 3%*대위변제원금(AD)*이자계산일수(AE)/1년일수 | P16: (1안 예상배당일(DD1)-대위변제금 수령 예상일(AC))*연체이자율(M)*대위변제금액(AG)/1년일수 | R16: (2안 예상배당일(DD2)-대위변제금 수령 예상일(AC))*연체이자율(M)*대위변제금액(AG)/1년일수 | S16: 대위변제금액(AG)+1안 연체이자(AI) | T16: 대위변제금액(AG)+2안 연체이자(AJ) | W16: => 대위변제금액 Cash in 반영
A17: R-101_5 | F17: Y / N | H17: 0.075 | I17: =H17-0.03 -> 0.045 | J17: 보증잔액 | K17: IF 대위변제여부(AB) Y : 주황색 키인 화면, 대위변제여부(AB) N : adate-최종이수일 | L17: IF 대위변제여부(AB) Y : 주황색 키인 화면, 대위변제여부(AB) N : 정상이자율(L)*대위변제원금(AD)*이자계산일수(AE)/1년일수(365일때는 365, 366 일때는 366) | M17: 약정이자(AF)+대위변제원금(AD) | N17: 3%*대위변제원금(AD)*이자계산일수(AE)/1년일수 | P17: (1안 예상배당일(DD1)-대위변제금 수령 예상일(AC))*연체이자율(M)*대위변제금액(AG)/1년일수 | R17: (2안 예상배당일(DD2)-대위변제금 수령 예상일(AC))*연체이자율(M)*대위변제금액(AG)/1년일수 | S17: 대위변제금액(AG)+1안 연체이자(AI) | T17: 대위변제금액(AG)+2안 연체이자(AJ) | W17: => 대위변제금액 Cash in 반영
J19: Loan cap1 | K19: Loan cap1
A20: 계좌일련번호 (A) | B20: 보증여부(AK) | C20: 대출원금잔액 (AL) | D20: 미수이자 (AM) | E20: 연체이자율 (M) | F20: 1안 예상배당일(DD1) | G20: 1안 연체이자(AN) | H20: 2안 예상배당일(DD2) | I20: 2안 연체이자(AO) | J20: 1안 Loan Cap(LC11) | K20: 2안 Loan Cap(LC12) | M20: 보증서 등 | P20: 기타항목 및 전송 | X20: 연체이자 계산에 따른 Loan Cap계산
A21: R-101_1 | B21: (피담보Y, 유효보증서N, 기대위변제N)=>비보증부 | C21: G1 | D21: I1 | E21: =E20 -> 연체이자율 (M) | F21: =F20 -> 1안 예상배당일(DD1) | G21: (1안 예상배당일(DD1)-CDATE)*연체이자율(M)*대출원금잔액(AL)/1년일수 | H21: =H20 -> 2안 예상배당일(DD2) | I21: (2안 예상배당일(DD1)-CDATE)*연체이자율(M)*대출원금잔액(AL)/1년일수 | J21: 대출원금잔액(AL)+미수이자(AM)+1안 연체이자 AN | K21: 대출원금잔액(AL)+미수이자(AM)+2안 연체이자 AD
A22: R-101_2 | B22: (피담보Y, 유효보증서N, 기대위변제Y, 해지부N)=>일반보증 | C22: G2 | D22: I2 | E22: =E21 -> 연체이자율 (M) | F22: =F21 -> 1안 예상배당일(DD1) | G22: (1안 예상배당일(DD1)-CDATE)*연체이자율(M)*대출원금잔액(AL)/1년일수 | H22: =H21 -> 2안 예상배당일(DD2) | I22: (2안 예상배당일(DD1)-CDATE)*연체이자율(M)*대출원금잔액(AL)/1년일수 | J22: 대출원금잔액(AL)+미수이자(AM)+1안 연체이자 AN | K22: 대출원금잔액(AL)+미수이자(AM)+2안 연체이자 AD
A23: R-101_3 | B23: (피담보Y, 유효보증서N, 기대위변제Y, 해지부Y)=>해지부보증 | C23: G3-Z3 | D23: I3/G3*(G3-Z3) | E23: =E22 -> 연체이자율 (M) | F23: =F22 -> 1안 예상배당일(DD1) | G23: (1안 예상배당일(DD1)-CDATE)*연체이자율(M)*대출원금잔액(AL)/1년일수 | H23: =H22 -> 2안 예상배당일(DD2) | I23: (2안 예상배당일(DD1)-CDATE)*연체이자율(M)*대출원금잔액(AL)/1년일수 | J23: 대출원금잔액(AL)+미수이자(AM)+1안 연체이자 AN | K23: 대출원금잔액(AL)+미수이자(AM)+2안 연체이자 AD | X23: 보증서
A24: R-101_3 (2) | B24: 해지부해지채권 | C24: Z3 | D24: I3/G3*Z3 | E24: =E23 -> 연체이자율 (M) | F24: =F23 -> 1안 예상배당일(DD1) | G24: (1안 예상배당일(DD1)-CDATE)*연체이자율(M)*대출원금잔액(AL)/1년일수 | H24: =H23 -> 2안 예상배당일(DD2) | I24: (2안 예상배당일(DD1)-CDATE)*연체이자율(M)*대출원금잔액(AL)/1년일수 | J24: 대출원금잔액(AL)+미수이자(AM)+1안 연체이자 AN | K24: 대출원금잔액(AL)+미수이자(AM)+2안 연체이자 AD
A25: R-101_4 | B25: (피담보Y, 유효보증서Y, 기대위변제N, 해지부N)=>일반 유효보증 | C25: G4-Y4 | D25: I4/G4*(G4-Y4) | E25: =E24 -> 연체이자율 (M) | F25: =F24 -> 1안 예상배당일(DD1) | G25: (1안 예상배당일(DD1)-CDATE)*연체이자율(M)*대출원금잔액(AL)/1년일수 | H25: =H24 -> 2안 예상배당일(DD2) | I25: (2안 예상배당일(DD1)-CDATE)*연체이자율(M)*대출원금잔액(AL)/1년일수 | J25: 대출원금잔액(AL)+미수이자(AM)+1안 연체이자 AN | K25: 대출원금잔액(AL)+미수이자(AM)+2안 연체이자 AD | X25: 1. 보증기관, 보증잔액, 보증율, 대위변제여부, 대위변제일자 표시할수있도록
A26: R-101_5 | B26: (피담보Y, 유효보증서Y, 기대위변제N, 해지부Y)=>해지부 유효보증 | C26: G5-Y5-Z5 | D26: I5/G5*(G5-Y5-Z5) | E26: =E25 -> 연체이자율 (M) | F26: =F25 -> 1안 예상배당일(DD1) | G26: (1안 예상배당일(DD1)-CDATE)*연체이자율(M)*대출원금잔액(AL)/1년일수 | H26: =H25 -> 2안 예상배당일(DD2) | I26: (2안 예상배당일(DD1)-CDATE)*연체이자율(M)*대출원금잔액(AL)/1년일수 | J26: 대출원금잔액(AL)+미수이자(AM)+1안 연체이자 AN | K26: 대출원금잔액(AL)+미수이자(AM)+2안 연체이자 AD | X26: 1. 보증기관, 보증잔액, 보증율, 대위변제여부, 대위변제일자 표시할수있도록
A27: R-101_5 (2) | B27: 해지부해지채권 | C27: Z5 | D27: I5/F5*Z5 | E27: =E26 -> 연체이자율 (M) | F27: =F26 -> 1안 예상배당일(DD1) | G27: (1안 예상배당일(DD1)-CDATE)*연체이자율(M)*대출원금잔액(AL)/1년일수 | H27: =H26 -> 2안 예상배당일(DD2) | I27: (2안 예상배당일(DD1)-CDATE)*연체이자율(M)*대출원금잔액(AL)/1년일수 | J27: 대출원금잔액(AL)+미수이자(AM)+1안 연체이자 AN | K27: 대출원금잔액(AL)+미수이자(AM)+2안 연체이자 AD
A28: 합계 | J28: =SUM(J21:J27) -> 0 | K28: =SUM(K21:K27) -> 0 | L28: << Loan cap1
A30: 보증여부(AK) | B30: 대출원금잔액 (AL) | C30: 미수이자 (AM) | D30: 1안 연체이자(AN) | E30: 2안 연체이자(AO) | F30: 1안 Loan Cap(LC11) | G30: 2안 Loan Cap(LC12)
A31: 비보증부 | B31: 보증여부 (AK)에 따른 합계 | C31: 보증여부 (AK)에 따른 합계 | D31: 보증여부 (AK)에 따른 합계 | E31: 보증여부 (AK)에 따른 합계 | F31: 비보증부 LC11 | G31: 비보증부 LC12
A32: 일반보증 | B32: 보증여부 (AK)에 따른 합계 | C32: 보증여부 (AK)에 따른 합계 | D32: 보증여부 (AK)에 따른 합계 | E32: 보증여부 (AK)에 따른 합계 | F32: 일반보증 LC11 | G32: 일반보증 LC12
A33: 해지부보증 | B33: 보증여부 (AK)에 따른 합계 | C33: 보증여부 (AK)에 따른 합계 | D33: 보증여부 (AK)에 따른 합계 | E33: 보증여부 (AK)에 따른 합계 | F33: 해지부보증 LC11 | G33: 해지부보증 LC12
A34: 일반 유효보증 | B34: 보증여부 (AK)에 따른 합계 | C34: 보증여부 (AK)에 따른 합계 | D34: 보증여부 (AK)에 따른 합계 | E34: 보증여부 (AK)에 따른 합계 | F34: 일반 유효보증 LC11 | G34: 일반 유효보증 LC12
A35: 해지부 유효보증 | B35: 보증여부 (AK)에 따른 합계 | C35: 보증여부 (AK)에 따른 합계 | D35: 보증여부 (AK)에 따른 합계 | E35: 보증여부 (AK)에 따른 합계 | F35: 해지부 유효보증 LC11 | G35: 해지부 유효보증 LC12
A36: 해지부해지채권 | B36: 보증여부 (AK)에 따른 합계 | C36: 보증여부 (AK)에 따른 합계 | D36: 보증여부 (AK)에 따른 합계 | E36: 보증여부 (AK)에 따른 합계 | F36: 해지부 해지채권 LC11 | G36: 해지부 해지채권 LC12
A37: 합계 | F37: =SUM(F31:F35) -> 0 | G37: =SUM(G31:G35) -> 0
B39: 1안배당가능재원(DM1) | C39: 2안배당가능재원(DM2) | D39: : min(선순위 차감후 배당가능재원, Mortgage cap)
A40: 비보증부대출합계(AP) | B40: 비보증부 LC11 | C40: 비보증부 LC12 | H40: 대위변제일까지의 연체이자 차감
A41: 연체이자, 약정이자차이(AH) | B41: 일반보증, 일반 유효보증연체이자, 약정이자 차이(AH) | C41: 일반보증, 일반 유효보증연체이자, 약정이자 차이(AH)
A42: 안분대상금액(AQ) | B42: max(DM1-AP1-AH1,0) | C42: max(DM2-AP2-AH2,0)
A44: 안분비율(AR) | E44: 보증기관 안분액(XD)
A45: 보증기관(X) | B45: 대위변제원금(AD) | C45: 안분비율(AR) | E45: 보증기관(S) | F45: 1안 | G45: 2안
A46: 보증기관 | B46: =J12 -> 대위변제원금(AD) | C46: AR1 | E46: 보증기관 | F46: min(AQ1*AR1,XLC1) | G46: min(AQ2*AR1,XLC2)
A47: 보증기관2 | B47: =B46 -> 대위변제원금(AD) | C47: AR2 | E47: 보증기관2 | F47: min(AQ1*AR2,XLC1) | G47: min(AQ2*AR2,XLC2)
A48: 은행 | B48: 대출원금잔액 (F)-대위변제원금(AD)-비보증부 대출원금잔액 | C48: AR3 | E48: Total | F48: XD1 | G48: XD2
A49: Total | B49: =SUM(B46:B48) -> 0 | C49: 1
E50: Loan cap2 | F50: DM1-XD1 | G50: DM2-XD2
A54: MCI 보증 * | B54: (있는경우만 표시)
A55: 1안
A56: MCI최초가입금액 | B56: 보증서번호 | C56: 채권번호 | D56: 계좌번호 | E56: MCI최초가입금액 | F56: MCI가입잔액
A57: DD sheetD | B57: DD sheetD | C57: DD sheetD | D57: DD sheetD | E57: DD | F57: DD
A58: 최종이수일 | B58: 예상배당일 | C58: 일수 | D58: 정상이자율
A59: 계좌의 최종이수일 | B59: 1안 예상배당일 | C59: 예상배당일-최종이수일 | D59: 계좌정상이자율
A60: 인수대상원금 | B60: 유효담보가 | C60: 유효담보가의 이자 | D60: 유효담보가의 이자한도 | E60: 유효담보가 배당액
A61: 채권잔액 | B61: 인수대상원금-MCI 가입잔액 | C61: (미수이자+1안연체이자)/인수대상원금*유효담보가 | D61: 유효담보가의 20% | E61: 유효담보가+유휴담보가의 이자(Max 한도)
A62: 예상배당금 | B62: MCI 정상이자 | C62: 배당으로 충당되지 않은 MCI 잔액 | D62: 청구가능금액 | E62: 배당후 손실액 | F62: MCI 청구액
A63: 1안 배당가능재원 | B63: 유효담보가*일수*정상이자율/365 | C63: max(MCI가입잔액+MCI정상이자-(예상배당금-유효담보가 배당액),0) | D63: min(MCI최초가입금액, 배당으로 충당되지 않은 MCI 잔액) | E63: 예상배당금-Loan cap1 | F63: min(청구가능금액, 배당후 손실액) | H63: >> 1안 배당일에 MCI 회수 반영
A64: 2안
A65: MCI최초가입금액 | B65: 보증서번호 | C65: 채권번호 | D65: 계좌번호 | E65: MCI최초가입금액 | F65: MCI가입잔액
A66: DD sheetD | B66: DD sheetD | C66: DD sheetD | D66: DD sheetD | E66: DD | F66: DD
A67: 최종이수일 | B67: 예상배당일 | C67: 일수 | D67: 정상이자율
A68: 계좌의 최종이수일 | B68: 2안 예상배당일 | C68: 예상배당일-최종이수일 | D68: 계좌정상이자율
A69: 인수대상원금 | B69: 유효담보가 | C69: 유효담보가의 이자 | D69: 유효담보가의 이자한도 | E69: 유효담보가 배당액
A70: 채권잔액 | B70: 인수대상원금-MCI 가입잔액 | C70: (미수이자+1안연체이자)/인수대상원금*유효담보가 | D70: 유효담보가의 20% | E70: 유효담보가+유휴담보가의 이자(Max 한도)
A71: 예상배당금 | B71: MCI 정상이자 | C71: 배당으로 충당되지 않은 MCI 잔액 | D71: 청구가능금액 | E71: 배당후 손실액 | F71: MCI 청구액
A72: 2안 배당가능재원 | B72: 유효담보가*일수*정상이자율/365 | C72: max(MCI가입잔액+MCI정상이자-(예상배당금-유효담보가 배당액),0) | D72: min(MCI최초가입금액, 배당으로 충당되지 않은 MCI 잔액) | E72: 예상배당금-Loan cap1 | F72: min(청구가능금액, 배당후 손실액) | H72: >> 2안 배당일에 MCI 회수 반영

Sheet Loan(Ⅰ)_해지부보증
A1: 채권정보
A2: 피담보채무범위 | W2: Interim 정보
A3: 계좌일련번호 (A) | B3: 대출과목 (B) | C3: 대출종류 (C) | D3: 계좌번호 (D) | E3: 최초대출일 (E) | F3: 최초대출원금 (F) | G3: 대출원금잔액 (G) | H3: 가지급금 (H) | I3: 미수이자 (I) | J3: 채권액 합계 (J) | K3: 최종이수일 (K) | L3: 정상이자율 (L) | M3: 연체이자율 (M) | N3: 약정서 확인 | O3: 경매비용, 대위등기비용 | P3: 1순위 피담보(N) | Q3: 2순위 피담보(N2) | R3: 3순위 피담보(N3) | S3: 유효보증서여부(O) | T3: 기 대위변제 (P) | U3: 해지부보증여부 (Q) | V3: MCI보증 * | W3: 원금 상계 (R) | X3: 원금회수 (S) | Y3: 이자 상계 (T) | Z3: 이자회수(U) | AB3: 연체이자 계산에 따른 Loan Cap계산
A4: R-101_1 | B4: 기업 일반시설자금 (KB커머셜모기지론) | C4: 대출과목과 기본일치 세팅 | D4: 574*******5684 | E4: 45008 | F4: 440000000 | G4: 440000000 | H4: 0 | I4: 16213886 | J4: =SUM(G4:I4) -> 456213886 | K4: 45672 | L4: 0.0445 | M4: 0.0745 | P4: 체크박스*1 | Q4: 체크박스*1 | R4: 체크박스*1 | S4: DD정보 | T4: 개별체크 | U4: 체크박스*3 | V4: DD정보 | W4: Loan Cap 계산시 차감 | X4: Loan Cap 계산시 차감, | Y4: Loan Cap 계산시 차감 | Z4: Loan Cap 계산시 차감
A5: R-101_2 | B5: 가지급금 | C5: 가지급금은 대출종류 없음 | D5: 574*******2954 | E5: 45835 | F5: 2975020 | G5: 0 | H5: 2975020 | I5: 0 | J5: =SUM(G5:I5) -> 2975020 | N5: 체크박스 | O5: 체크박스 | P5: 개별체크 | Q5: 개별체크 | R5: 개별체크 | S5: DD정보 | T5: 개별체크 | U5: 체크박스*3 | V5: DD정보
T6: 최초대출원금, 대출원금잔액 다르때는 주확색 표시, 체크후 컬러 변경 | AB6: 보증서
AB7: 1. 보증기관, 보증잔액, 보증율, 대위변제여부, 대위변제일자 표시할수있도록
AB8: 1. 보증기관, 보증잔액, 보증율, 대위변제여부, 대위변제일자 표시할수있도록
A9: 합계 | W9: =SUM(W4:W8) -> 0 | X9: =SUM(X4:X8) -> 0 | Y9: =SUM(Y4:Y8) -> 0 | Z9: =SUM(Z4:Z8) -> 0
W10: => Cash In 반영 | Y10: => Cash In 반영
A11: 보증서요약 | O11: 대위변제일~배당일 | Q11: 대위변제일~배당일
A12: 계좌일련번호 (A) | B12: 보증기관(X) | C12: 보증잔액(Y) | D12: 해지부 해지채권(Z) | E12: 보증비율(AA) | F12: 대위변제여부(AB) | G12: 대위변제금 수령 예상일(AC) | H12: 연체이자율 (M) | I12: 정상이자율 (L) | J12: 대위변제원금(AD) | K12: 이자계산일수(AE) | L12: 약정이자(AF) | M12: 대위변제금액(AG) | N12: 연체이자, 약정이자 차이(AH) | O12: 1안 예상배당일(DD1) | P12: 1안 연체이자(AI) | Q12: 2안 예상배당일(DD2) | R12: 2안 연체이자(AJ) | S12: 1안 보증기관 Loan Cap(XLC1) | T12: 2안 보증기관 Loan Cap(XLC2)
A13: R-101_1 | C13: n/a | D13: n/a | E13: n/a | F13: n/a | G13: n/a | H13: 0.075 | I13: =H13-0.03 -> 0.045 | J13: n/a | K13: n/a | L13: n/a | M13: n/a | N13: n/a | O13: n/a | P13: n/a | Q13: n/a | R13: n/a | S13: n/a | T13: n/a
A14: R-101_2 | F14: Y / N | H14: 0.075 | I14: =H14-0.03 -> 0.045 | J14: 보증잔액 | K14: IF 대위변제여부(AB) Y : 주황색 키인 화면, 대위변제여부(AB) N : adate-최종이수일 | L14: IF 대위변제여부(AB) Y : 주황색 키인 화면, 대위변제여부(AB) N : 정상이자율(L)*대위변제원금(AD)*이자계산일수(AE)/1년일수(365일때는 365, 366 일때는 366) | M14: 약정이자(AF)+대위변제원금(AD) | N14: 3%*대위변제원금(AD)*이자계산일수(AE)/1년일수 | P14: (1안 예상배당일(DD1)-대위변제금 수령 예상일(AC))*연체이자율(M)*대위변제금액(AG)/1년일수 | R14: (2안 예상배당일(DD2)-대위변제금 수령 예상일(AC))*연체이자율(M)*대위변제금액(AG)/1년일수 | S14: 대위변제금액(AG)+1안 연체이자(AI) | T14: 대위변제금액(AG)+2안 연체이자(AJ)
A15: R-101_3 | F15: Y / N | H15: 0.075 | I15: =H15-0.03 -> 0.045 | J15: 보증잔액 | K15: IF 대위변제여부(AB) Y : 주황색 키인 화면, 대위변제여부(AB) N : adate-최종이수일 | L15: IF 대위변제여부(AB) Y : 주황색 키인 화면, 대위변제여부(AB) N : 정상이자율(L)*대위변제원금(AD)*이자계산일수(AE)/1년일수(365일때는 365, 366 일때는 366) | M15: 약정이자(AF)+대위변제원금(AD) | N15: 3%*대위변제원금(AD)*이자계산일수(AE)/1년일수 | P15: (1안 예상배당일(DD1)-대위변제금 수령 예상일(AC))*연체이자율(M)*대위변제금액(AG)/1년일수 | R15: (2안 예상배당일(DD2)-대위변제금 수령 예상일(AC))*연체이자율(M)*대위변제금액(AG)/1년일수 | S15: 대위변제금액(AG)+1안 연체이자(AI) | T15: 대위변제금액(AG)+2안 연체이자(AJ)
A16: R-101_4 | F16: Y / N | H16: 0.075 | I16: =H16-0.03 -> 0.045 | J16: 보증잔액 | K16: IF 대위변제여부(AB) Y : 주황색 키인 화면, 대위변제여부(AB) N : adate-최종이수일 | L16: IF 대위변제여부(AB) Y : 주황색 키인 화면, 대위변제여부(AB) N : 정상이자율(L)*대위변제원금(AD)*이자계산일수(AE)/1년일수(365일때는 365, 366 일때는 366) | M16: 약정이자(AF)+대위변제원금(AD) | N16: 3%*대위변제원금(AD)*이자계산일수(AE)/1년일수 | P16: (1안 예상배당일(DD1)-대위변제금 수령 예상일(AC))*연체이자율(M)*대위변제금액(AG)/1년일수 | R16: (2안 예상배당일(DD2)-대위변제금 수령 예상일(AC))*연체이자율(M)*대위변제금액(AG)/1년일수 | S16: 대위변제금액(AG)+1안 연체이자(AI) | T16: 대위변제금액(AG)+2안 연체이자(AJ) | W16: => 대위변제금액 Cash in 반영
A17: R-101_5 | F17: Y / N | H17: 0.075 | I17: =H17-0.03 -> 0.045 | J17: 보증잔액 | K17: IF 대위변제여부(AB) Y : 주황색 키인 화면, 대위변제여부(AB) N : adate-최종이수일 | L17: IF 대위변제여부(AB) Y : 주황색 키인 화면, 대위변제여부(AB) N : 정상이자율(L)*대위변제원금(AD)*이자계산일수(AE)/1년일수(365일때는 365, 366 일때는 366) | M17: 약정이자(AF)+대위변제원금(AD) | N17: 3%*대위변제원금(AD)*이자계산일수(AE)/1년일수 | P17: (1안 예상배당일(DD1)-대위변제금 수령 예상일(AC))*연체이자율(M)*대위변제금액(AG)/1년일수 | R17: (2안 예상배당일(DD2)-대위변제금 수령 예상일(AC))*연체이자율(M)*대위변제금액(AG)/1년일수 | S17: 대위변제금액(AG)+1안 연체이자(AI) | T17: 대위변제금액(AG)+2안 연체이자(AJ) | W17: => 대위변제금액 Cash in 반영
J19: Loan cap1 | K19: Loan cap1
A20: 계좌일련번호 (A) | B20: 보증여부(AK) | C20: 대출원금잔액 (AL) | D20: 미수이자 (AM) | E20: 연체이자율 (M) | F20: 1안 예상배당일(DD1) | G20: 1안 연체이자(AN) | H20: 2안 예상배당일(DD2) | I20: 2안 연체이자(AO) | J20: 1안 Loan Cap(LC11) | K20: 2안 Loan Cap(LC12) | M20: 보증서 등 | P20: 기타항목 및 전송 | X20: 연체이자 계산에 따른 Loan Cap계산
A21: R-101_1 | B21: (피담보Y, 유효보증서N, 기대위변제N)=>비보증부 | C21: G1 | D21: I1 | E21: =E20 -> 연체이자율 (M) | F21: =F20 -> 1안 예상배당일(DD1) | G21: (1안 예상배당일(DD1)-CDATE)*연체이자율(M)*대출원금잔액(AL)/1년일수 | H21: =H20 -> 2안 예상배당일(DD2) | I21: (2안 예상배당일(DD1)-CDATE)*연체이자율(M)*대출원금잔액(AL)/1년일수 | J21: 대출원금잔액(AL)+미수이자(AM)+1안 연체이자 AN | K21: 대출원금잔액(AL)+미수이자(AM)+2안 연체이자 AD
A22: R-101_2 | B22: (피담보Y, 유효보증서N, 기대위변제Y, 해지부N)=>일반보증 | C22: G2 | D22: I2 | E22: =E21 -> 연체이자율 (M) | F22: =F21 -> 1안 예상배당일(DD1) | G22: (1안 예상배당일(DD1)-CDATE)*연체이자율(M)*대출원금잔액(AL)/1년일수 | H22: =H21 -> 2안 예상배당일(DD2) | I22: (2안 예상배당일(DD1)-CDATE)*연체이자율(M)*대출원금잔액(AL)/1년일수 | J22: 대출원금잔액(AL)+미수이자(AM)+1안 연체이자 AN | K22: 대출원금잔액(AL)+미수이자(AM)+2안 연체이자 AD
A23: R-101_3 | B23: (피담보Y, 유효보증서N, 기대위변제Y, 해지부Y)=>해지부보증 | C23: G3-Z3 | D23: I3/G3*(G3-Z3) | E23: =E22 -> 연체이자율 (M) | F23: =F22 -> 1안 예상배당일(DD1) | G23: (1안 예상배당일(DD1)-CDATE)*연체이자율(M)*대출원금잔액(AL)/1년일수 | H23: =H22 -> 2안 예상배당일(DD2) | I23: (2안 예상배당일(DD1)-CDATE)*연체이자율(M)*대출원금잔액(AL)/1년일수 | J23: 대출원금잔액(AL)+미수이자(AM)+1안 연체이자 AN | K23: 대출원금잔액(AL)+미수이자(AM)+2안 연체이자 AD | X23: 보증서
A24: R-101_3 (2) | B24: 해지부해지채권 | C24: Z3 | D24: I3/G3*Z3 | E24: =E23 -> 연체이자율 (M) | F24: =F23 -> 1안 예상배당일(DD1) | G24: (1안 예상배당일(DD1)-CDATE)*연체이자율(M)*대출원금잔액(AL)/1년일수 | H24: =H23 -> 2안 예상배당일(DD2) | I24: (2안 예상배당일(DD1)-CDATE)*연체이자율(M)*대출원금잔액(AL)/1년일수 | J24: 대출원금잔액(AL)+미수이자(AM)+1안 연체이자 AN | K24: 대출원금잔액(AL)+미수이자(AM)+2안 연체이자 AD
A25: R-101_4 | B25: (피담보Y, 유효보증서Y, 기대위변제N, 해지부N)=>일반 유효보증 | C25: G4-Y4 | D25: I4/G4*(G4-Y4) | E25: =E24 -> 연체이자율 (M) | F25: =F24 -> 1안 예상배당일(DD1) | G25: (1안 예상배당일(DD1)-CDATE)*연체이자율(M)*대출원금잔액(AL)/1년일수 | H25: =H24 -> 2안 예상배당일(DD2) | I25: (2안 예상배당일(DD1)-CDATE)*연체이자율(M)*대출원금잔액(AL)/1년일수 | J25: 대출원금잔액(AL)+미수이자(AM)+1안 연체이자 AN | K25: 대출원금잔액(AL)+미수이자(AM)+2안 연체이자 AD | X25: 1. 보증기관, 보증잔액, 보증율, 대위변제여부, 대위변제일자 표시할수있도록
A26: R-101_5 | B26: (피담보Y, 유효보증서Y, 기대위변제N, 해지부Y)=>해지부 유효보증 | C26: G5-Y5-Z5 | D26: I5/G5*(G5-Y5-Z5) | E26: =E25 -> 연체이자율 (M) | F26: =F25 -> 1안 예상배당일(DD1) | G26: (1안 예상배당일(DD1)-CDATE)*연체이자율(M)*대출원금잔액(AL)/1년일수 | H26: =H25 -> 2안 예상배당일(DD2) | I26: (2안 예상배당일(DD1)-CDATE)*연체이자율(M)*대출원금잔액(AL)/1년일수 | J26: 대출원금잔액(AL)+미수이자(AM)+1안 연체이자 AN | K26: 대출원금잔액(AL)+미수이자(AM)+2안 연체이자 AD | X26: 1. 보증기관, 보증잔액, 보증율, 대위변제여부, 대위변제일자 표시할수있도록
A27: R-101_5 (2) | B27: 해지부해지채권 | C27: Z5 | D27: I5/F5*Z5 | E27: =E26 -> 연체이자율 (M) | F27: =F26 -> 1안 예상배당일(DD1) | G27: (1안 예상배당일(DD1)-CDATE)*연체이자율(M)*대출원금잔액(AL)/1년일수 | H27: =H26 -> 2안 예상배당일(DD2) | I27: (2안 예상배당일(DD1)-CDATE)*연체이자율(M)*대출원금잔액(AL)/1년일수 | J27: 대출원금잔액(AL)+미수이자(AM)+1안 연체이자 AN | K27: 대출원금잔액(AL)+미수이자(AM)+2안 연체이자 AD
A28: 합계 | J28: =SUM(J21:J27) -> 0 | K28: =SUM(K21:K27) -> 0 | L28: << Loan cap1
A30: 보증여부(AK) | B30: 대출원금잔액 (AL) | C30: 미수이자 (AM) | D30: 1안 연체이자(AN) | E30: 2안 연체이자(AO) | F30: 1안 Loan Cap(LC11) | G30: 2안 Loan Cap(LC12)
A31: 비보증부 | B31: 보증여부 (AK)에 따른 합계 | C31: 보증여부 (AK)에 따른 합계 | D31: 보증여부 (AK)에 따른 합계 | E31: 보증여부 (AK)에 따른 합계 | F31: 비보증부 LC11 | G31: 비보증부 LC12
A32: 일반보증 | B32: 보증여부 (AK)에 따른 합계 | C32: 보증여부 (AK)에 따른 합계 | D32: 보증여부 (AK)에 따른 합계 | E32: 보증여부 (AK)에 따른 합계 | F32: 일반보증 LC11 | G32: 일반보증 LC12
A33: 해지부보증 | B33: 보증여부 (AK)에 따른 합계 | C33: 보증여부 (AK)에 따른 합계 | D33: 보증여부 (AK)에 따른 합계 | E33: 보증여부 (AK)에 따른 합계 | F33: 해지부보증 LC11 | G33: 해지부보증 LC12
A34: 일반 유효보증 | B34: 보증여부 (AK)에 따른 합계 | C34: 보증여부 (AK)에 따른 합계 | D34: 보증여부 (AK)에 따른 합계 | E34: 보증여부 (AK)에 따른 합계 | F34: 일반 유효보증 LC11 | G34: 일반 유효보증 LC12
A35: 해지부 유효보증 | B35: 보증여부 (AK)에 따른 합계 | C35: 보증여부 (AK)에 따른 합계 | D35: 보증여부 (AK)에 따른 합계 | E35: 보증여부 (AK)에 따른 합계 | F35: 해지부 유효보증 LC11 | G35: 해지부 유효보증 LC12
A36: 해지부해지채권 | B36: 보증여부 (AK)에 따른 합계 | C36: 보증여부 (AK)에 따른 합계 | D36: 보증여부 (AK)에 따른 합계 | E36: 보증여부 (AK)에 따른 합계 | F36: 해지부 해지채권 LC11 | G36: 해지부 해지채권 LC12
A37: 합계 | F37: =SUM(F31:F35) -> 0 | G37: =SUM(G31:G35) -> 0
A40: 배분대상금액 안분
A41: 구분 | B41: 감정평가금액 | C41: 당해시설 여부 | D41: 1안배당가능재원(DM1) | E41: 2안배당가능재원(DM2) | F41: 1순위 근저당권 | G41: 2순위 근저당권 | H41: 3순위 근저당권
A42: 토지 | C42: 체크박스 | D42: 감정평가금액으로 안분 | E42: 감정평가금액으로 안분 | F42: 체크박스 | G42: 체크박스 | H42: 체크박스
A43: 건물 | C43: 체크박스 | D43: 감정평가금액으로 안분 | E43: 감정평가금액으로 안분 | F43: 체크박스 | G43: 체크박스 | H43: 체크박스
A44: 기계 | C44: 체크박스 | D44: 감정평가금액으로 안분 | E44: 감정평가금액으로 안분 | F44: 체크박스 | G44: 체크박스 | H44: 체크박스
A45: 제시외 | C45: 체크박스 | D45: 감정평가금액으로 안분 | E45: 감정평가금액으로 안분 | F45: 체크박스 | G45: 체크박스 | H45: 체크박스
A46: 당해시설 (일부인경우 평가자입력) | C46: 체크박스 | D46: 감정평가금액으로 안분 | E46: 감정평가금액으로 안분 | F46: 체크박스 | G46: 체크박스 | H46: 체크박스
A47: Total
B51: 1안배당가능재원(DM1)_당해시설 외 | C51: 2안배당가능재원(DM2)_당해시설 외 | D51: : min(선순위 차감후 배당가능재원, Mortgage cap)
A52: 당해시설 외 배당가능재원(AS)
A53: 비보증부대출합계(AP) | B53: 비보증부 LC11 | C53: 비보증부 LC12
B55: 1안배당가능재원(DM1)_당해시설 | C55: 2안배당가능재원(DM2)_당해시설 | G55: 대위변제일까지의 연체이자 차감
A56: 당해시설 배당가능재원(AT)
A57: 당해시설 외 배당가능재원 추가(AU) | B57: max(AS1-AP1,0) | C57: max(AS2-AP2,O)
A58: 해지부 해지채권(AV) | B58: 해지부 해지채권 LC11 | C58: 해지부 해지채권 LC12
A59: 연체이자, 약정이자차이(AH) | B59: 해지부보증, 해지부 유효보증 연체이자, 약정이자 차이(AH) | C59: 해지부보증, 해지부 유효보증 연체이자, 약정이자 차이(AH)
A60: 안분대상금액(AQ) | B60: max(AT1+AU1-AV1-AH1,0) | C60: max(AT2+AU2-AV2-AH2,0)
A62: 안분비율(AR) | E62: 보증기관 안분액(XD)
A63: 보증기관(X) | B63: 대위변제원금(AD) | C63: 안분비율(AR) | E63: 보증기관(S) | F63: 1안 | G63: 2안
A64: 보증기관 | B64: =J12 -> 대위변제원금(AD) | C64: AR1 | E64: 보증기관 | F64: min(AQ1*AR1,XLC1) | G64: min(AQ2*AR1,XLC2)
A65: 보증기관2 | B65: =B64 -> 대위변제원금(AD) | C65: AR2 | E65: 보증기관2 | F65: min(AQ1*AR2,XLC1) | G65: min(AQ2*AR2,XLC2)
A66: 은행 | B66: 대출원금잔액 (F)-대위변제원금(AD)-비보증부 대출원금잔액 | C66: AR3 | E66: Total | F66: XD1 | G66: XD2
A67: Total | B67: =SUM(B64:B66) -> 0 | C67: 1
E68: Loan cap2 | F68: DM1-XD1 | G68: DM2-XD2
A71: MCI 보증 * | B71: (있는경우만 표시)
A72: 1안
A73: MCI최초가입금액 | B73: 보증서번호 | C73: 채권번호 | D73: 계좌번호 | E73: MCI최초가입금액 | F73: MCI가입잔액
A74: DD sheetD | B74: DD sheetD | C74: DD sheetD | D74: DD sheetD | E74: DD | F74: DD
A75: 최종이수일 | B75: 예상배당일 | C75: 일수 | D75: 정상이자율
A76: 계좌의 최종이수일 | B76: 1안 예상배당일 | C76: 예상배당일-최종이수일 | D76: 계좌정상이자율
A77: 인수대상원금 | B77: 유효담보가 | C77: 유효담보가의 이자 | D77: 유효담보가의 이자한도 | E77: 유효담보가 배당액
A78: 채권잔액 | B78: 인수대상원금-MCI 가입잔액 | C78: (미수이자+1안연체이자)/인수대상원금*유효담보가 | D78: 유효담보가의 20% | E78: 유효담보가+유휴담보가의 이자(Max 한도)
A79: 예상배당금 | B79: MCI 정상이자 | C79: 배당으로 충당되지 않은 MCI 잔액 | D79: 청구가능금액 | E79: 배당후 손실액 | F79: MCI 청구액
A80: 1안 배당가능재원 | B80: 유효담보가*일수*정상이자율/365 | C80: max(MCI가입잔액+MCI정상이자-(예상배당금-유효담보가 배당액),0) | D80: min(MCI최초가입금액, 배당으로 충당되지 않은 MCI 잔액) | E80: 예상배당금-Loan cap1 | F80: min(청구가능금액, 배당후 손실액) | H80: >> 1안 배당일에 MCI 회수 반영
A81: 2안
A82: MCI최초가입금액 | B82: 보증서번호 | C82: 채권번호 | D82: 계좌번호 | E82: MCI최초가입금액 | F82: MCI가입잔액
A83: DD sheetD | B83: DD sheetD | C83: DD sheetD | D83: DD sheetD | E83: DD | F83: DD
A84: 최종이수일 | B84: 예상배당일 | C84: 일수 | D84: 정상이자율
A85: 계좌의 최종이수일 | B85: 2안 예상배당일 | C85: 예상배당일-최종이수일 | D85: 계좌정상이자율
A86: 인수대상원금 | B86: 유효담보가 | C86: 유효담보가의 이자 | D86: 유효담보가의 이자한도 | E86: 유효담보가 배당액
A87: 채권잔액 | B87: 인수대상원금-MCI 가입잔액 | C87: (미수이자+1안연체이자)/인수대상원금*유효담보가 | D87: 유효담보가의 20% | E87: 유효담보가+유휴담보가의 이자(Max 한도)
A88: 예상배당금 | B88: MCI 정상이자 | C88: 배당으로 충당되지 않은 MCI 잔액 | D88: 청구가능금액 | E88: 배당후 손실액 | F88: MCI 청구액
A89: 2안 배당가능재원 | B89: 유효담보가*일수*정상이자율/365 | C89: max(MCI가입잔액+MCI정상이자-(예상배당금-유효담보가 배당액),0) | D89: min(MCI최초가입금액, 배당으로 충당되지 않은 MCI 잔액) | E89: 예상배당금-Loan cap1 | F89: min(청구가능금액, 배당후 손실액) | H89: >> 2안 배당일에 MCI 회수 반영

Sheet Loan(Ⅰ)_일반+해지부보증
A1: 채권정보
A2: 피담보채무범위 | W2: Interim 정보
A3: 계좌일련번호 (A) | B3: 대출과목 (B) | C3: 대출종류 (C) | D3: 계좌번호 (D) | E3: 최초대출일 (E) | F3: 최초대출원금 (F) | G3: 대출원금잔액 (G) | H3: 가지급금 (H) | I3: 미수이자 (I) | J3: 채권액 합계 (J) | K3: 최종이수일 (K) | L3: 정상이자율 (L) | M3: 연체이자율 (M) | N3: 약정서 확인 | O3: 경매비용, 대위등기비용 | P3: 1순위 피담보(N) | Q3: 2순위 피담보(N2) | R3: 3순위 피담보(N3) | S3: 유효보증서여부(O) | T3: 기 대위변제 (P) | U3: 해지부보증여부 (Q) | V3: MCI보증 * | W3: 원금 상계 (R) | X3: 원금회수 (S) | Y3: 이자 상계 (T) | Z3: 이자회수(U) | AB3: 연체이자 계산에 따른 Loan Cap계산
A4: R-101_1 | B4: 기업 일반시설자금 (KB커머셜모기지론) | C4: 대출과목과 기본일치 세팅 | D4: 574*******5684 | E4: 45008 | F4: 440000000 | G4: 440000000 | H4: 0 | I4: 16213886 | J4: =SUM(G4:I4) -> 456213886 | K4: 45672 | L4: 0.0445 | M4: 0.0745 | P4: 체크박스*1 | Q4: 체크박스*1 | R4: 체크박스*1 | S4: DD정보 | T4: 개별체크 | U4: 체크박스*3 | V4: DD정보 | W4: Loan Cap 계산시 차감 | X4: Loan Cap 계산시 차감, | Y4: Loan Cap 계산시 차감 | Z4: Loan Cap 계산시 차감
A5: R-101_2 | B5: 가지급금 | C5: 가지급금은 대출종류 없음 | D5: 574*******2954 | E5: 45835 | F5: 2975020 | G5: 0 | H5: 2975020 | I5: 0 | J5: =SUM(G5:I5) -> 2975020 | N5: 체크박스 | O5: 체크박스 | P5: 개별체크 | Q5: 개별체크 | R5: 개별체크 | S5: DD정보 | T5: 개별체크 | U5: 체크박스*3 | V5: DD정보
T6: 최초대출원금, 대출원금잔액 다르때는 주확색 표시, 체크후 컬러 변경 | AB6: 보증서
AB7: 1. 보증기관, 보증잔액, 보증율, 대위변제여부, 대위변제일자 표시할수있도록
AB8: 1. 보증기관, 보증잔액, 보증율, 대위변제여부, 대위변제일자 표시할수있도록
A9: 합계 | W9: =SUM(W4:W8) -> 0 | X9: =SUM(X4:X8) -> 0 | Y9: =SUM(Y4:Y8) -> 0 | Z9: =SUM(Z4:Z8) -> 0
W10: => Cash In 반영 | Y10: => Cash In 반영
A11: 보증서요약 | O11: 대위변제일~배당일 | Q11: 대위변제일~배당일
A12: 계좌일련번호 (A) | B12: 보증기관(X) | C12: 보증잔액(Y) | D12: 해지부 해지채권(Z) | E12: 보증비율(AA) | F12: 대위변제여부(AB) | G12: 대위변제금 수령 예상일(AC) | H12: 연체이자율 (M) | I12: 정상이자율 (L) | J12: 대위변제원금(AD) | K12: 이자계산일수(AE) | L12: 약정이자(AF) | M12: 대위변제금액(AG) | N12: 연체이자, 약정이자 차이(AH) | O12: 1안 예상배당일(DD1) | P12: 1안 연체이자(AI) | Q12: 2안 예상배당일(DD2) | R12: 2안 연체이자(AJ) | S12: 1안 보증기관 Loan Cap(XLC1) | T12: 2안 보증기관 Loan Cap(XLC2)
A13: R-101_1 | C13: n/a | D13: n/a | E13: n/a | F13: n/a | G13: n/a | H13: 0.075 | I13: =H13-0.03 -> 0.045 | J13: n/a | K13: n/a | L13: n/a | M13: n/a | N13: n/a | O13: n/a | P13: n/a | Q13: n/a | R13: n/a | S13: n/a | T13: n/a
A14: R-101_2 | F14: Y / N | H14: 0.075 | I14: =H14-0.03 -> 0.045 | J14: 보증잔액 | K14: IF 대위변제여부(AB) Y : 주황색 키인 화면, 대위변제여부(AB) N : adate-최종이수일 | L14: IF 대위변제여부(AB) Y : 주황색 키인 화면, 대위변제여부(AB) N : 정상이자율(L)*대위변제원금(AD)*이자계산일수(AE)/1년일수(365일때는 365, 366 일때는 366) | M14: 약정이자(AF)+대위변제원금(AD) | N14: 3%*대위변제원금(AD)*이자계산일수(AE)/1년일수 | P14: (1안 예상배당일(DD1)-대위변제금 수령 예상일(AC))*연체이자율(M)*대위변제금액(AG)/1년일수 | R14: (2안 예상배당일(DD2)-대위변제금 수령 예상일(AC))*연체이자율(M)*대위변제금액(AG)/1년일수 | S14: 대위변제금액(AG)+1안 연체이자(AI) | T14: 대위변제금액(AG)+2안 연체이자(AJ)
A15: R-101_3 | F15: Y / N | H15: 0.075 | I15: =H15-0.03 -> 0.045 | J15: 보증잔액 | K15: IF 대위변제여부(AB) Y : 주황색 키인 화면, 대위변제여부(AB) N : adate-최종이수일 | L15: IF 대위변제여부(AB) Y : 주황색 키인 화면, 대위변제여부(AB) N : 정상이자율(L)*대위변제원금(AD)*이자계산일수(AE)/1년일수(365일때는 365, 366 일때는 366) | M15: 약정이자(AF)+대위변제원금(AD) | N15: 3%*대위변제원금(AD)*이자계산일수(AE)/1년일수 | P15: (1안 예상배당일(DD1)-대위변제금 수령 예상일(AC))*연체이자율(M)*대위변제금액(AG)/1년일수 | R15: (2안 예상배당일(DD2)-대위변제금 수령 예상일(AC))*연체이자율(M)*대위변제금액(AG)/1년일수 | S15: 대위변제금액(AG)+1안 연체이자(AI) | T15: 대위변제금액(AG)+2안 연체이자(AJ)
A16: R-101_4 | F16: Y / N | H16: 0.075 | I16: =H16-0.03 -> 0.045 | J16: 보증잔액 | K16: IF 대위변제여부(AB) Y : 주황색 키인 화면, 대위변제여부(AB) N : adate-최종이수일 | L16: IF 대위변제여부(AB) Y : 주황색 키인 화면, 대위변제여부(AB) N : 정상이자율(L)*대위변제원금(AD)*이자계산일수(AE)/1년일수(365일때는 365, 366 일때는 366) | M16: 약정이자(AF)+대위변제원금(AD) | N16: 3%*대위변제원금(AD)*이자계산일수(AE)/1년일수 | P16: (1안 예상배당일(DD1)-대위변제금 수령 예상일(AC))*연체이자율(M)*대위변제금액(AG)/1년일수 | R16: (2안 예상배당일(DD2)-대위변제금 수령 예상일(AC))*연체이자율(M)*대위변제금액(AG)/1년일수 | S16: 대위변제금액(AG)+1안 연체이자(AI) | T16: 대위변제금액(AG)+2안 연체이자(AJ) | W16: => 대위변제금액 Cash in 반영
A17: R-101_5 | F17: Y / N | H17: 0.075 | I17: =H17-0.03 -> 0.045 | J17: 보증잔액 | K17: IF 대위변제여부(AB) Y : 주황색 키인 화면, 대위변제여부(AB) N : adate-최종이수일 | L17: IF 대위변제여부(AB) Y : 주황색 키인 화면, 대위변제여부(AB) N : 정상이자율(L)*대위변제원금(AD)*이자계산일수(AE)/1년일수(365일때는 365, 366 일때는 366) | M17: 약정이자(AF)+대위변제원금(AD) | N17: 3%*대위변제원금(AD)*이자계산일수(AE)/1년일수 | P17: (1안 예상배당일(DD1)-대위변제금 수령 예상일(AC))*연체이자율(M)*대위변제금액(AG)/1년일수 | R17: (2안 예상배당일(DD2)-대위변제금 수령 예상일(AC))*연체이자율(M)*대위변제금액(AG)/1년일수 | S17: 대위변제금액(AG)+1안 연체이자(AI) | T17: 대위변제금액(AG)+2안 연체이자(AJ) | W17: => 대위변제금액 Cash in 반영
J19: Loan cap1 | K19: Loan cap1
A20: 계좌일련번호 (A) | B20: 보증여부(AK) | C20: 대출원금잔액 (AL) | D20: 미수이자 (AM) | E20: 연체이자율 (M) | F20: 1안 예상배당일(DD1) | G20: 1안 연체이자(AN) | H20: 2안 예상배당일(DD2) | I20: 2안 연체이자(AO) | J20: 1안 Loan Cap(LC11) | K20: 2안 Loan Cap(LC12) | M20: 보증서 등 | P20: 기타항목 및 전송 | X20: 연체이자 계산에 따른 Loan Cap계산
A21: R-101_1 | B21: (피담보Y, 유효보증서N, 기대위변제N)=>비보증부 | C21: G1 | D21: I1 | E21: =E20 -> 연체이자율 (M) | F21: =F20 -> 1안 예상배당일(DD1) | G21: (1안 예상배당일(DD1)-CDATE)*연체이자율(M)*대출원금잔액(AL)/1년일수 | H21: =H20 -> 2안 예상배당일(DD2) | I21: (2안 예상배당일(DD1)-CDATE)*연체이자율(M)*대출원금잔액(AL)/1년일수 | J21: 대출원금잔액(AL)+미수이자(AM)+1안 연체이자 AN | K21: 대출원금잔액(AL)+미수이자(AM)+2안 연체이자 AD
A22: R-101_2 | B22: (피담보Y, 유효보증서N, 기대위변제Y, 해지부N)=>일반보증 | C22: G2 | D22: I2 | E22: =E21 -> 연체이자율 (M) | F22: =F21 -> 1안 예상배당일(DD1) | G22: (1안 예상배당일(DD1)-CDATE)*연체이자율(M)*대출원금잔액(AL)/1년일수 | H22: =H21 -> 2안 예상배당일(DD2) | I22: (2안 예상배당일(DD1)-CDATE)*연체이자율(M)*대출원금잔액(AL)/1년일수 | J22: 대출원금잔액(AL)+미수이자(AM)+1안 연체이자 AN | K22: 대출원금잔액(AL)+미수이자(AM)+2안 연체이자 AD
A23: R-101_3 | B23: (피담보Y, 유효보증서N, 기대위변제Y, 해지부Y)=>해지부보증 | C23: G3-Z3 | D23: I3/G3*(G3-Z3) | E23: =E22 -> 연체이자율 (M) | F23: =F22 -> 1안 예상배당일(DD1) | G23: (1안 예상배당일(DD1)-CDATE)*연체이자율(M)*대출원금잔액(AL)/1년일수 | H23: =H22 -> 2안 예상배당일(DD2) | I23: (2안 예상배당일(DD1)-CDATE)*연체이자율(M)*대출원금잔액(AL)/1년일수 | J23: 대출원금잔액(AL)+미수이자(AM)+1안 연체이자 AN | K23: 대출원금잔액(AL)+미수이자(AM)+2안 연체이자 AD | X23: 보증서
A24: R-101_3 (2) | B24: 해지부해지채권 | C24: Z3 | D24: I3/G3*Z3 | E24: =E23 -> 연체이자율 (M) | F24: =F23 -> 1안 예상배당일(DD1) | G24: (1안 예상배당일(DD1)-CDATE)*연체이자율(M)*대출원금잔액(AL)/1년일수 | H24: =H23 -> 2안 예상배당일(DD2) | I24: (2안 예상배당일(DD1)-CDATE)*연체이자율(M)*대출원금잔액(AL)/1년일수 | J24: 대출원금잔액(AL)+미수이자(AM)+1안 연체이자 AN | K24: 대출원금잔액(AL)+미수이자(AM)+2안 연체이자 AD
A25: R-101_4 | B25: (피담보Y, 유효보증서Y, 기대위변제N, 해지부N)=>일반 유효보증 | C25: G4-Y4 | D25: I4/G4*(G4-Y4) | E25: =E24 -> 연체이자율 (M) | F25: =F24 -> 1안 예상배당일(DD1) | G25: (1안 예상배당일(DD1)-CDATE)*연체이자율(M)*대출원금잔액(AL)/1년일수 | H25: =H24 -> 2안 예상배당일(DD2) | I25: (2안 예상배당일(DD1)-CDATE)*연체이자율(M)*대출원금잔액(AL)/1년일수 | J25: 대출원금잔액(AL)+미수이자(AM)+1안 연체이자 AN | K25: 대출원금잔액(AL)+미수이자(AM)+2안 연체이자 AD | X25: 1. 보증기관, 보증잔액, 보증율, 대위변제여부, 대위변제일자 표시할수있도록
A26: R-101_5 | B26: (피담보Y, 유효보증서Y, 기대위변제N, 해지부Y)=>해지부 유효보증 | C26: G5-Y5-Z5 | D26: I5/G5*(G5-Y5-Z5) | E26: =E25 -> 연체이자율 (M) | F26: =F25 -> 1안 예상배당일(DD1) | G26: (1안 예상배당일(DD1)-CDATE)*연체이자율(M)*대출원금잔액(AL)/1년일수 | H26: =H25 -> 2안 예상배당일(DD2) | I26: (2안 예상배당일(DD1)-CDATE)*연체이자율(M)*대출원금잔액(AL)/1년일수 | J26: 대출원금잔액(AL)+미수이자(AM)+1안 연체이자 AN | K26: 대출원금잔액(AL)+미수이자(AM)+2안 연체이자 AD | X26: 1. 보증기관, 보증잔액, 보증율, 대위변제여부, 대위변제일자 표시할수있도록
A27: R-101_5 (2) | B27: 해지부해지채권 | C27: Z5 | D27: I5/F5*Z5 | E27: =E26 -> 연체이자율 (M) | F27: =F26 -> 1안 예상배당일(DD1) | G27: (1안 예상배당일(DD1)-CDATE)*연체이자율(M)*대출원금잔액(AL)/1년일수 | H27: =H26 -> 2안 예상배당일(DD2) | I27: (2안 예상배당일(DD1)-CDATE)*연체이자율(M)*대출원금잔액(AL)/1년일수 | J27: 대출원금잔액(AL)+미수이자(AM)+1안 연체이자 AN | K27: 대출원금잔액(AL)+미수이자(AM)+2안 연체이자 AD
A28: 합계 | J28: =SUM(J21:J27) -> 0 | K28: =SUM(K21:K27) -> 0 | L28: << Loan cap1
A30: 보증여부(AK) | B30: 대출원금잔액 (AL) | C30: 미수이자 (AM) | D30: 1안 연체이자(AN) | E30: 2안 연체이자(AO) | F30: 1안 Loan Cap(LC11) | G30: 2안 Loan Cap(LC12)
A31: 비보증부 | B31: 보증여부 (AK)에 따른 합계 | C31: 보증여부 (AK)에 따른 합계 | D31: 보증여부 (AK)에 따른 합계 | E31: 보증여부 (AK)에 따른 합계 | F31: 비보증부 LC11 | G31: 비보증부 LC12
A32: 일반보증 | B32: 보증여부 (AK)에 따른 합계 | C32: 보증여부 (AK)에 따른 합계 | D32: 보증여부 (AK)에 따른 합계 | E32: 보증여부 (AK)에 따른 합계 | F32: 일반보증 LC11 | G32: 일반보증 LC12
A33: 해지부보증 | B33: 보증여부 (AK)에 따른 합계 | C33: 보증여부 (AK)에 따른 합계 | D33: 보증여부 (AK)에 따른 합계 | E33: 보증여부 (AK)에 따른 합계 | F33: 해지부보증 LC11 | G33: 해지부보증 LC12
A34: 일반 유효보증 | B34: 보증여부 (AK)에 따른 합계 | C34: 보증여부 (AK)에 따른 합계 | D34: 보증여부 (AK)에 따른 합계 | E34: 보증여부 (AK)에 따른 합계 | F34: 일반 유효보증 LC11 | G34: 일반 유효보증 LC12
A35: 해지부 유효보증 | B35: 보증여부 (AK)에 따른 합계 | C35: 보증여부 (AK)에 따른 합계 | D35: 보증여부 (AK)에 따른 합계 | E35: 보증여부 (AK)에 따른 합계 | F35: 해지부 유효보증 LC11 | G35: 해지부 유효보증 LC12
A36: 해지부해지채권 | B36: 보증여부 (AK)에 따른 합계 | C36: 보증여부 (AK)에 따른 합계 | D36: 보증여부 (AK)에 따른 합계 | E36: 보증여부 (AK)에 따른 합계 | F36: 해지부 해지채권 LC11 | G36: 해지부 해지채권 LC12
A37: 합계 | F37: =SUM(F31:F35) -> 0 | G37: =SUM(G31:G35) -> 0
A40: 배분대상금액 안분
A41: 구분 | B41: 감정평가금액 | C41: 당해시설 여부 | D41: 1안배당가능재원(DM1) | E41: 2안배당가능재원(DM2) | F41: 1순위 근저당권 | G41: 2순위 근저당권 | H41: 3순위 근저당권
A42: 토지 | C42: 체크박스 | D42: 감정평가금액으로 안분 | E42: 감정평가금액으로 안분 | F42: 체크박스 | G42: 체크박스 | H42: 체크박스
A43: 건물 | C43: 체크박스 | D43: 감정평가금액으로 안분 | E43: 감정평가금액으로 안분 | F43: 체크박스 | G43: 체크박스 | H43: 체크박스
A44: 기계 | C44: 체크박스 | D44: 감정평가금액으로 안분 | E44: 감정평가금액으로 안분 | F44: 체크박스 | G44: 체크박스 | H44: 체크박스
A45: 제시외 | C45: 체크박스 | D45: 감정평가금액으로 안분 | E45: 감정평가금액으로 안분 | F45: 체크박스 | G45: 체크박스 | H45: 체크박스
A46: 당해시설 (일부인경우 평가자입력) | C46: 체크박스 | D46: 감정평가금액으로 안분 | E46: 감정평가금액으로 안분 | F46: 체크박스 | G46: 체크박스 | H46: 체크박스
A47: Total
B51: 1안배당가능재원(DM1)_당해시설 외 | C51: 2안배당가능재원(DM2)_당해시설 외 | D51: : min(선순위 차감후 배당가능재원, Mortgage cap)
A52: 당해시설 외 배당가능재원(AS)
A53: 비보증부대출합계(AP) | B53: 비보증부 LC11 | C53: 비보증부 LC12
A54: 연체이자, 약정이자차이(AH) | B54: 일반보증, 일반 유효보증연체이자, 약정이자 차이(AH) | C54: 일반보증, 일반 유효보증연체이자, 약정이자 차이(AH)
A55: 안분대상금액(AQ) | B55: max(AS1-AP1-AH1,0) | C55: max(AS2-AP2-AH2,0)
A57: 안분비율(AR) | E57: 보증기관 안분액(XD)
A58: 보증기관(X) | B58: 대위변제원금(AD) | C58: 안분비율(AR) | E58: 보증기관(S) | F58: 1안 | G58: 2안
A59: 보증기관 | B59: =J26 -> 대출원금잔액(AL)+미수이자(AM)+1안 연체이자 AN | C59: AR1 | E59: 보증기관 | F59: min(AQ1*AR1,XLC1) | G59: min(AQ2*AR1,XLC2)
A60: 보증기관2 | B60: =B59 -> 대출원금잔액(AL)+미수이자(AM)+1안 연체이자 AN | C60: AR2 | E60: 보증기관2 | F60: min(AQ1*AR2,XLC1) | G60: min(AQ2*AR2,XLC2)
A61: 은행 | B61: 대출원금잔액 (F)-대위변제원금(AD)-비보증부 대출원금잔액 | C61: AR3 | E61: Total | F61: XD1 | G61: XD2
A62: Total | B62: =SUM(B59:B61) -> 0 | C62: 1
B64: 1안배당가능재원(DM1)_당해시설 | C64: 2안배당가능재원(DM2)_당해시설
A65: 당해시설 배당가능재원(AT)
A66: 당해시설 외 배당가능재원 추가(AU) | B66: max(AS1-XD1-비보증부 LC11-일반보증 LC11-일반유효보증 LC11,0) | C66: max(AS2-XD2-비보증부 LC12-일반보증 LC12-일반유효보증 LC12,0)
A67: 해지부 해지채권(AV) | B67: 해지부 해지채권 LC11 | C67: 해지부 해지채권 LC12
A68: 연체이자, 약정이자차이(AH') | B68: 해지부보증, 해지부 유효보증 연체이자, 약정이자 차이(AH) | C68: 해지부보증, 해지부 유효보증 연체이자, 약정이자 차이(AH)
A69: 안분대상금액(AQ') | B69: max(AT1+AU1-AV1-AH1,0) | C69: max(AT2+AU2-AV2-AH2,0)
A71: 안분비율(AR') | E71: 보증기관 안분액(XD')
A72: 보증기관(X) | B72: 대위변제원금(AD) | C72: 안분비율(AR) | E72: 보증기관(S) | F72: 1안 | G72: 2안
A73: 보증기관 | B73: =J12 -> 대위변제원금(AD) | C73: AR1 | E73: 보증기관 | F73: min(AQ1*AR1,XLC1) | G73: min(AQ2*AR1,XLC2)
A74: 보증기관2 | B74: =B73 -> 대위변제원금(AD) | C74: AR2 | E74: 보증기관2 | F74: min(AQ1*AR2,XLC1) | G74: min(AQ2*AR2,XLC2)
A75: 은행 | B75: 대출원금잔액 (F)-대위변제원금(AD)-비보증부 대출원금잔액 | C75: AR3 | E75: Total | F75: XD'1 | G75: XD'2
A76: Total | B76: =SUM(B73:B75) -> 0 | C76: 1
E77: Loan cap2 | F77: DM1-XD1-XD'1 | G77: DM2-XD2-XD'2
A79: MCI 보증 * | B79: (있는경우만 표시)
A80: 1안
A81: MCI최초가입금액 | B81: 보증서번호 | C81: 채권번호 | D81: 계좌번호 | E81: MCI최초가입금액 | F81: MCI가입잔액
A82: DD sheetD | B82: DD sheetD | C82: DD sheetD | D82: DD sheetD | E82: DD | F82: DD
A83: 최종이수일 | B83: 예상배당일 | C83: 일수 | D83: 정상이자율
A84: 계좌의 최종이수일 | B84: 1안 예상배당일 | C84: 예상배당일-최종이수일 | D84: 계좌정상이자율
A85: 인수대상원금 | B85: 유효담보가 | C85: 유효담보가의 이자 | D85: 유효담보가의 이자한도 | E85: 유효담보가 배당액
A86: 채권잔액 | B86: 인수대상원금-MCI 가입잔액 | C86: (미수이자+1안연체이자)/인수대상원금*유효담보가 | D86: 유효담보가의 20% | E86: 유효담보가+유휴담보가의 이자(Max 한도)
A87: 예상배당금 | B87: MCI 정상이자 | C87: 배당으로 충당되지 않은 MCI 잔액 | D87: 청구가능금액 | E87: 배당후 손실액 | F87: MCI 청구액
A88: 1안 배당가능재원 | B88: 유효담보가*일수*정상이자율/365 | C88: max(MCI가입잔액+MCI정상이자-(예상배당금-유효담보가 배당액),0) | D88: min(MCI최초가입금액, 배당으로 충당되지 않은 MCI 잔액) | E88: 예상배당금-Loan cap1 | F88: min(청구가능금액, 배당후 손실액) | H88: >> 1안 배당일에 MCI 회수 반영
A89: 2안
A90: MCI최초가입금액 | B90: 보증서번호 | C90: 채권번호 | D90: 계좌번호 | E90: MCI최초가입금액 | F90: MCI가입잔액
A91: DD sheetD | B91: DD sheetD | C91: DD sheetD | D91: DD sheetD | E91: DD | F91: DD
A92: 최종이수일 | B92: 예상배당일 | C92: 일수 | D92: 정상이자율
A93: 계좌의 최종이수일 | B93: 2안 예상배당일 | C93: 예상배당일-최종이수일 | D93: 계좌정상이자율
A94: 인수대상원금 | B94: 유효담보가 | C94: 유효담보가의 이자 | D94: 유효담보가의 이자한도 | E94: 유효담보가 배당액
A95: 채권잔액 | B95: 인수대상원금-MCI 가입잔액 | C95: (미수이자+1안연체이자)/인수대상원금*유효담보가 | D95: 유효담보가의 20% | E95: 유효담보가+유휴담보가의 이자(Max 한도)
A96: 예상배당금 | B96: MCI 정상이자 | C96: 배당으로 충당되지 않은 MCI 잔액 | D96: 청구가능금액 | E96: 배당후 손실액 | F96: MCI 청구액
A97: 2안 배당가능재원 | B97: 유효담보가*일수*정상이자율/365 | C97: max(MCI가입잔액+MCI정상이자-(예상배당금-유효담보가 배당액),0) | D97: min(MCI최초가입금액, 배당으로 충당되지 않은 MCI 잔액) | E97: 예상배당금-Loan cap1 | F97: min(청구가능금액, 배당후 손실액) | H97: >> 2안 배당일에 MCI 회수 반영

Sheet 담보총괄(Ⅱ)
A2: 물건번호 | B2: 담보소재지 | G2: 담보종류 | H2: 토지면적 | I2: 건물면적 | J2: 기계기구 | K2: 공장저당여부
A3: R-150_1 | B3: SheetC-1(담보소재지)
A4: R-150_2 | B4: SheetC-1(담보소재지)
A5: R-150_3 | B5: SheetC-1(담보소재지)
A6: R-150_4 | B6: SheetC-1(담보소재지)
A7: R-150_5 | B7: SheetC-1(담보소재지)

Sheet 등기부(Ⅲ)
A1: 물건번호 | B1: R-150_1 | C1: DD정보 (sheet C-1)
A2: 지번일련번호 | B2: 물건지(등기부등본) | E2: 물건지 (DD) | H2: 일치여부 | I2: 담보물형태 | J2: 대지면적 (평) | K2: 건물면적(평) | L2: 소유자 | M2: 등록번호 | N2: 최종지분 | O2: 소유자 주소 | P2: >> 기본 5행, 내용이 많아지면 내용+1칸
A3: R-150_1_1 | E3: DD정보 (sheet c-2) | I3: DD정보 | J3: DD정보/평*대지권비율 | K3: DD정보/평*건물비율 | L3: 지분소유일경우 소유자 모두 이름, 지분율 기재, 최다지분소유자 주소기재
A4: R-150_1_2
A5: R-150_1_3
A6: R-150_1_4
A7: R-150_1_5
A8: 소유지분을 제외한 소유권에 관한 사항 (갑구) | D8: >> 기본 5행, 내용이 많아지면 내용+1칸
A9: 순위번호 | B9: 등기목적 | C9: 접수정보 | D9: 권리자/채권자 | E9: 청구금액 | F9: 비고 | G9: 임금채권추정 | H9: 대상소유자 | I9: 지번번호 | Q9: 등기부등본 | W9: 공장저당 | AC9: 신탁원부
B10: 가압류 | C10: 45316 | D10: 케이비케피탈주식회사 | E10: 15161923
B11: 압류 | C11: 45682 | D11: 국민건강보험공단
B13: 가압류/ 압류/ 이외
A15: (근)저당권 및 전세권 등 (을구) | D15: >> 기본 5행, 내용이 많아지면 내용+1칸
A16: 순위번호 | B16: 등기목적 | C16: 접수정보 | D16: 근저당권자 | E16: 채권최고액 | F16: 채무자 | G16: 담보종류 | H16: 공장저당 | I16: 대상소유자 | J16: 지번번호
B17: 근저당권 | C17: 42901
A22: 순위번호 1번 가압류의 접수일은 지번번호 01, 02, 03 각각 2025-01-03, 2025-01-03, 2025-01-09 입니다. 순위번호 1번 근저당권의 접수일은 지번번호 01, 02, 03, 04 각각 2025-01-03, 2025-01-03, 2025-01-09, 2025-01-09 입니다. 순위번호 2번 근저당권의 접수일은 지번번호 01, 02, 03, 04 각각 2025-01-03, 2025-01-03, 2025-01-09, 2025-01-09 입니다.

Sheet 담보물건(Ⅳ)
A1: 지적도 & 위치도 | D1: 로드뷰 | G1: 토지이용계획확인원 | J1: 요약건축물대장
A14: 감정평가정보
A15: 감정평가구분 | B15: 감정평가일자 | C15: 감정평가기관 | D15: 토지 감정평가액 | E15: 건물 감정평가액 | F15: 기계 감정평가액 | G15: 제시외 | H15: 감정평가액합계
I16: DD와 합계검증
A18: 아파트인경우 | B18: KB시세 | E18: KB시세 | F18: 분양면적
B19: KB시세 데이터로 공급받을수 없는지.. >>> 공급 안하는듯, 캡처 자동화 과정이 여의치 않다면 링크만 뛰어주고 캡처할수 있도록
A25: 근린상가, 아파트평공장의 경우 | C25: 분양면적 | D25: 분양가
D26: 토지 | E26: 건물 | F26: 합계 | G26: 부가세

Sheet 선순위(Ⅴ)
A1: 경매사건 및 선순위
B2: 선행 | C2: 후행 | D2: 최초법사가 | E2: DD Sheet C-1 | F2: 당사자내역 | K2: 경매사건검색 | N2: 기일내역검색 | Q2: 문건송달내역
A3: 경매개시여부 | B3: DD Sheet C-1 | C3: DD Sheet C-1 | D3: 최초경매기일 | E3: DD Sheet C-1 | F3: 캡처 | K3: 캡처 | N3: 캡처 | Q3: 캡처
A4: 관할법원 | B4: DD Sheet C-1 | C4: DD Sheet C-1 | D4: 최종경매회차 | E4: DD Sheet C-1
A5: 경매사건번호 | B5: DD Sheet C-1 | C5: DD Sheet C-1 | D5: 최종경매기일 | E5: DD Sheet C-1
A6: 경매신청기관 | B6: DD Sheet C-1 | C6: DD Sheet C-1 | D6: 최종경매결과 | E6: DD Sheet C-1
A7: 경매개시일자 | B7: DD Sheet C-1 | C7: DD Sheet C-1 | D7: 낙찰금액 | E7: DD Sheet C-1
A8: 배당요구종기일 | B8: DD Sheet C-1 | C8: DD Sheet C-1 | D8: 최종경매일의 최저입찰금액 | E8: DD Sheet C-1 | F8: 현황조사서 | G8: 감정평가서 | H8: 배당요구종기일경과
A9: 청구금액 | B9: DD Sheet C-1 | C9: DD Sheet C-1 | D9: 차후예정경매일의 최저입찰금액 | E9: DD Sheet C-1 | F9: 제출일자 => 기일내역검색에서 | G9: 제출일자 => 기일내역검색에서 | H9: Y,N check 박스=> DD에서 자동
A11: 물건지, 소유주 주소지 일치여부 | B11: 소유주 전입 | C11: 전입인(임차인) | D11: 전입일(임차시작일) | E11: 주택공시가격 | F11: 접수정보 | G11: 근저당권자 | H11: 채권최고액
A12: 등기부등본 | B12: Y,N check 박스 | C12: 평가자 입력 | D12: 평가자 입력 | E12: 조회 | F12: 등기부정보 | G12: 등기부정보 | H12: 등기부정보
A13: 경매열람자료 | B13: 전입세대열람, 상가임대차열람 | C13: 임차인 | D13: 임차인 배당요구신청 | F13: 등기부정보 | G13: 등기부정보 | H13: 등기부정보
A14: Y,N check 박스 | B14: 전, 상 check 박스 | C14: Y,N check 박스 | D14: Y,N check 박스 | F14: 등기부정보 | G14: 등기부정보 | H14: 등기부정보
A15: 임금채권 | B15: 임금채권 추정가압류 | C15: 임금채권 배당요구신청 | D15: 건출시가표준액 | E15: 공시지가 | F15: 등기부정보 | G15: 등기부정보 | H15: 등기부정보
A16: Y,N check 박스 | B16: Y,N check 박스 | C16: Y,N check 박스 | D16: 기본 (감평가의 70%), 평가자입력 | E16: 자동계산 | F16: 등기부정보 | G16: 등기부정보 | H16: 등기부정보
A17: 당해세 교부청구 | B17: 선순위조세 교부청구 | F17: 등기부정보 | G17: 등기부정보 | H17: 등기부정보
A18: Y,N check 박스 | B18: Y,N check 박스 | F18: 등기부정보 | G18: 등기부정보 | H18: 등기부정보 | K18: 전입세대열람 | N18: 상가임대차열람 | Q18: 권리분석 | T18: 임금자료
K19: (주택일경우) | N19: (주택외 건물의 경우) | Q19: 권리분석 | T19: 근로복지공단 임금자료
A20: 선순위 구분 | B20: DD | C20: 평가자 반영 금액 | D20: 상세추정 근거
A21: 선순위근저당권 | B21: SheetC-1 | C21: =B21 -> SheetC-1 | D21: 없는경우 : 해당사항 없음. 있는경우 : 선순위 근저당권 반영함.(있는경우만 주황색)
A22: 유치권 신고금액 | B22: SheetC-1 | C22: =B22 -> SheetC-1 | D22: 없는경우 : 해당사항 없음. 있는경우 : 유치권 확인 반영함.(있는경우만 주황색)
A23: 선순위소액보증금 | B23: SheetC-1
A24: 선순위임차보증금 | B24: SheetC-1
A25: 선순위 임금채권 | B25: SheetC-1
A26: 당해세 | B26: SheetC-1
A27: 선순위 조세채권 | B27: SheetC-1
A28: 합계 | B28: =SUM(B21:B27) -> 0 | C28: =SUM(C21:C27) -> 0
A32: 선순위 소액보증금, 임차보증금
A35: 담보물건종류 : | B35: 아파트, 근린주택, 단독주택, 다세대, 다가구
B37: 선순위 소액보증금 | C37: 경매개시 | D37: 배당요구종기일 경과 | E37: 현황조사서O | F37: 임차인O | G37: 임차인 배당요구신청O | K37: 배당요구종기일 경과 물건으로 현황조사서상 임차인 확인되며 경매열람자료상 임차인 배당요구신청금액 확인반영함.
B38: 선순위 소액보증금 | C38: 경매개시 | D38: 배당요구종기일 경과 | E38: 현황조사서O | F38: 임차인O | G38: 임차인 배당요구신청X | H38: 임차일 근저당설정일 이후 | K38: 배당요구종기일 경과 물건으로 현황조사서상 임차인 확인되며 임차인 배당요구신청 없어 미반영함.
B39: 선순위 임차보증금 | C39: 경매개시 | D39: 배당요구종기일 경과 | E39: 현황조사서O | F39: 임차인O | G39: 임차인 배당요구신청X | H39: 임차일 근저당설정일 이전 | K39: 배당요구종기일 경과 물건으로 현황조사서상 임차인 확인되며 임차인 배당요구신청 없어 미반영함. 임차일 고려하여 선순위 임차보증금 반영함.
B40: 선순위 소액보증금 | C40: 경매개시 | D40: 배당요구종기일 경과 | E40: 현황조사서O | F40: 임차인X | K40: 배당요구종기일 경과 물건으로 제시된 경매열람자료 현황조사서상 임차인 없어 미반영함.
B41: 선순위 소액보증금 | C41: 경매개시 | D41: 배당요구종기일 미경과 | E41: 현황조사서O | F41: 임차인O | G41: 임차인 배당요구신청O | K41: 경매개시되어 배당요구종기일 미경과 물건으로 현황조사서상 임차인 확인되며 경매열람자료상 임차인 배당요구신청금액 확인 반영함.
B42: 선순위 소액보증금 | C42: 경매개시 | D42: 배당요구종기일 미경과 | E42: 현황조사서O | F42: 임차인O | G42: 임차인 배당요구신청X | H42: 임차일 근저당설정일 이후 | K42: 경매개시되어 배당요구종기일 미경과 물건으로 현황조사서상 임차인 확인되어 선순위소액보증금 반영함.
B43: 선순위 임차보증금 | C43: 경매개시 | D43: 배당요구종기일 미경과 | E43: 현황조사서O | F43: 임차인O | G43: 임차인 배당요구신청X | H43: 임차일 근저당설정일 이전 | K43: 경매개시되어 배당요구종기일 미경과 물건으로 현황조사서상 선순위 임차인 확인되어 선순위보증금 반영함.
B44: 선순위 소액보증금 | C44: 경매개시 | D44: 배당요구종기일 미경과 | E44: 현황조사서O | F44: 임차인X | K44: 경매개시되어 배당요구종기일 미경과 물건으로 제시된 경매열람자료 현황조사서상 임차인 없어 미반영함.
B45: 선순위 소액보증금 | C45: 경매개시 | D45: 배당요구종기일 미경과 | E45: 현황조사서X | F45: 전입세대열람O | G45: 전입인O | H45: 임차일 근저당설정일 이후 | K45: 경매개시되어 배당요구종기일 미경과 물건으로 현황조사서 제출되지 않음. 전입세대열람서상 임차인 확인되어 소액보증금 추정 반영함.
B46: 선순위 임차보증금 | C46: 경매개시 | D46: 배당요구종기일 미경과 | E46: 현황조사서X | F46: 전입세대열람O | G46: 전입인O | H46: 임차일 근저당설정일 이전 | K46: 경매개시되어 배당요구종기일 미경과 물건으로 현황조사서 제출되지 않음. 전입세대열람서상 선순위 임차인 확인되어 선순위보증금 추정 반영함.
B47: 선순위 소액보증금 | C47: 경매개시 | D47: 배당요구종기일 미경과 | E47: 현황조사서X | F47: 전입세대열람O | G47: 전입인X | K47: 경매개시되어 배당요구종기일 미경과 물건으로 현황조사서 제출되지 않음. 전입세대열람서상 임차인 확인되지 않아 미반영함.
B48: 선순위 소액보증금 | C48: 경매개시 | D48: 배당요구종기일 미경과 | E48: 현황조사서X | F48: 전입세대열람X | G48: 물건지 주소지, 소유자 주소지 불일치 | K48: 경매개시되어 배당요구종기일 미경과 물건으로 현황조사서 제출되지 않았으며, 전입세대열람 제공되지 않음. 물건지주소지와 소유자주소지 불일치하여 보수적으로 소액보증금 추정반영함.
B49: 선순위 소액보증금 | C49: 경매개시 | D49: 배당요구종기일 미경과 | E49: 현황조사서X | F49: 전입세대열람X | G49: 물건지 주소지, 소유자 주소지 일치 | K49: 경매개시되어 배당요구종기일 미경과 물건으로 현황조사서 제출되지 않았으며, 전입세대열람 제공되지 않음. 물건지주소지와 소유자주소지 일치하여 반영하지 않음.
B50: 선순위 소액보증금 | C50: 경매미개시 | D50: 전입세대열람O | E50: 전입인O | F50: 임차일 근저당설정일 이후 | K50: 경매미개시 물건으로, 전입세대열람서상 전입인(임차인) 확인되어 소액보증금 추정 반영함.
B51: 선순위 소액보증금 | C51: 경매미개시 | D51: 전입세대열람O | E51: 전입인O | F51: 임차일 근저당설정일 이전 | K51: 경매미개시 물건으로, 전입세대열람서상 전입인(임차인) 확인되며, 전입일이 근저당권설정일 이전으로 임차보증금 추정반영함.
B52: 선순위 소액보증금 | C52: 경매미개시 | D52: 전입세대열람O | E52: 전입인X | K52: 경매미개시 물건으로, 전입세대열람서상 전입인(임차인) 확인되지 않아 미반영함.
B53: 선순위 소액보증금 | C53: 경매미개시 | D53: 전입세대열람X | E53: 물건지 주소지, 소유자 주소지 불일치 | K53: 경매미개시 물건으로 전입세대열람 제공되지 않음. 물건지주소지와 소유자주소지 불일치하여 보수적으로 소액보증금 추정반영함.
B54: 선순위 소액보증금 | C54: 경매미개시 | D54: 전입세대열람X | E54: 물건지 주소지, 소유자 주소지 일치 | K54: 경매미개시 물건으로 전입세대열람 제공되지 않음. 물건지주소지와 소유자주소지 일치하여 미반영함.
A56: 담보물건종류 : | B56: 토지
B57: 선순위 소액보증금 | C57: 경매개시 | D57: 배당요구종기일 경과 | E57: 현황조사서O | K57: 배당요구종기일 경과 물건으로 제시된 경매열람자료 현황조사서상 임차인 없음 확인반영함.
B58: 선순위 소액보증금 | C58: 경매개시 | D58: 배당요구종기일 미경과 | E58: 현황조사서O | K58: 경매개시되어 배당요구종기일 미경과 물건으로 제시된 경매열람자료 현황조사서상 임차인 없음 확인반영함.
B59: 선순위 소액보증금 | C59: 경매개시 | D59: 배당요구종기일 미경과 | E59: 현황조사서X | K59: 경매개시되어 배당요구종기일 미경과 물건으로 현황조사서 제출되지 않았으나, 토지임을 고려시 임차인 없을것으로 추정되어 미반영함.
B60: 선순위 소액보증금 | C60: 경매미개시 | K60: 경매미개시 물건으로 토지임을 고려시 임차인 없을것으로 추정되어 미반영함.
A62: 담보물건종류 : | B62: 주택, 토지 외 상가, 공장
H63: 반영금액
B64: 선순위 소액보증금 | C64: 경매개시 | D64: 배당요구종기일 경과 | E64: 현황조사서O | F64: 임차인O | G64: 임차인 배당요구신청O | K64: 배당요구종기일 경과 물건으로 현황조사서상 임차인 확인되며 경매열람자료상 임차인 배당요구신청금액 확인반영함.
B65: 선순위 소액보증금 | C65: 경매개시 | D65: 배당요구종기일 경과 | E65: 현황조사서O | F65: 임차인O | G65: 임차인 배당요구신청X | H65: 임차일 근저당설정일 이후 | K65: 배당요구종기일 경과 물건으로 현황조사서상 임차인 확인되며 임차인 배당요구신청 없어 미반영함.
B66: 선순위 임차보증금 | C66: 경매개시 | D66: 배당요구종기일 경과 | E66: 현황조사서O | F66: 임차인O | G66: 임차인 배당요구신청X | H66: 임차일 근저당설정일 이전 | K66: 배당요구종기일 경과 물건으로 현황조사서상 임차인 확인되며 임차인 배당요구신청 없어 미반영함. 임차일 고려하여 선순위 임차보증금 반영함.
B67: 선순위 소액보증금 | C67: 경매개시 | D67: 배당요구종기일 경과 | E67: 현황조사서O | F67: 임차인X | K67: 배당요구종기일 경과 물건으로 제시된 경매열람자료 현황조사서상 임차인 없어 미반영함.
B68: 선순위 소액보증금 | C68: 경매개시 | D68: 배당요구종기일 미경과 | E68: 현황조사서O | F68: 임차인O | G68: 임차인 배당요구신청O | K68: 경매개시되어 배당요구종기일 미경과 물건으로 현황조사서상 임차인 확인되며 경매열람자료상 임차인 배당요구신청금액 확인 반영함.
B69: 선순위 소액보증금 | C69: 경매개시 | D69: 배당요구종기일 미경과 | E69: 현황조사서O | F69: 임차인O | G69: 임차인 배당요구신청X | H69: 임차일 근저당설정일 이후 | K69: 경매개시되어 배당요구종기일 미경과 물건으로 현황조사서상 임차인 확인되어 선순위소액보증금 반영함.
B70: 선순위 임차보증금 | C70: 경매개시 | D70: 배당요구종기일 미경과 | E70: 현황조사서O | F70: 임차인O | G70: 임차인 배당요구신청X | H70: 임차일 근저당설정일 이전 | K70: 경매개시되어 배당요구종기일 미경과 물건으로 현황조사서상 선순위 임차인 확인되어 선순위보증금 반영함.
B71: 선순위 소액보증금 | C71: 경매개시 | D71: 배당요구종기일 미경과 | E71: 현황조사서O | F71: 임차인X | K71: 경매개시되어 배당요구종기일 미경과 물건으로 제시된 경매열람자료 현황조사서상 임차인 없어 미반영함.
B72: 선순위 소액보증금 | C72: 경매개시 | D72: 배당요구종기일 미경과 | E72: 현황조사서X | F72: 상가임대차열람O | G72: 전입인O | H72: 임차일 근저당설정일 이후 | K72: 경매개시되어 배당요구종기일 미경과 물건으로 현황조사서 제출되지 않음. 상가임대차열람서상 임차인 확인되어 소액보증금 추정 반영함.
B73: 선순위 임차보증금 | C73: 경매개시 | D73: 배당요구종기일 미경과 | E73: 현황조사서X | F73: 상가임대차열람O | G73: 전입인O | H73: 임차일 근저당설정일 이전 | K73: 경매개시되어 배당요구종기일 미경과 물건으로 현황조사서 제출되지 않음. 상가임대차열람서상 선순위 임차인 확인되어 선순위보증금 추정 반영함.
B74: 선순위 소액보증금 | C74: 경매개시 | D74: 배당요구종기일 미경과 | E74: 현황조사서X | F74: 상가임대차열람O | G74: 전입인X | K74: 경매개시되어 배당요구종기일 미경과 물건으로 현황조사서 제출되지 않음. 상가임대차열람서상 임차인 확인되지 않아 미반영함.
B75: 선순위 소액보증금 | C75: 경매개시 | D75: 배당요구종기일 미경과 | E75: 현황조사서X | F75: 상가임대차열람X | G75: 물건지 주소지, 소유자 주소지 불일치 | K75: 경매개시되어 배당요구종기일 미경과 물건으로 현황조사서 제출되지 않았으며, 상가임대차열람서 제공되지 않음. 상가임대 특성상 선순위보증금 없을것으로 추정되어 미반영함.
B76: 선순위 소액보증금 | C76: 경매개시 | D76: 배당요구종기일 미경과 | E76: 현황조사서X | F76: 상가임대차열람X | G76: 물건지 주소지, 소유자 주소지 일치 | K76: 경매개시되어 배당요구종기일 미경과 물건으로 현황조사서 제출되지 않았으며, 상가임대차열람서 제공되지 않음. 물건지주소지와 소유자주소지 일치하여 반영하지 않음.
B77: 선순위 소액보증금 | C77: 경매미개시 | D77: 전입세대열람O | E77: 전입인O | F77: 임차일 근저당설정일 이후 | K77: 경매미개시 물건으로, 상가임대차열람서상 임차인 확인되어 소액보증금 추정 반영함.
B78: 선순위 소액보증금 | C78: 경매미개시 | D78: 전입세대열람O | E78: 전입인X | K78: 경매미개시 물건으로, 상가임대차열람서상 임차인 확인되지 않아 미반영함.
B79: 선순위 소액보증금 | C79: 경매미개시 | D79: 전입세대열람X | E79: 물건지 주소지, 소유자 주소지 불일치 | K79: 경매미개시 물건으로 상가임대차열람서 제공되지 않음. 상가임대 특성상 선순위보증금은 없을것으로 예상되어 미반영함.
B80: 선순위 소액보증금 | C80: 경매미개시 | D80: 전입세대열람X | E80: 물건지 주소지, 소유자 주소지 일치 | K80: 경매미개시 물건으로 상가임대차열람서 제공되지 않음. 물건지주소지와 소유자주소지 일치하여 미반영함.
A82: 선순위 임금채권: | B82: 개인
B83: 경매개시 | C83: 배당요구종기일 경과 | D83: 현황조사서O | E83: 임금채권X | F83: 임금채권 배당요구신청X | K83: 경매개시되어 배당요구종기일 경과물건으로 임금채권 배당요구신청 확인되지 않는바, 미반영함
B84: 경매개시 | C84: 배당요구종기일 미경과 | D84: 현황조사서O | E84: 임금채권X | K84: 경매개시되어 배당요구종기일 미경과 물건으로 현황조사서상 임금채권 확인되지 않으며, 임금채권 배당요구도 없어 미반영함.
B85: 경매개시 | C85: 배당요구종기일 미경과 | D85: 현황조사서X | E85: 임금채권 추정가압류 | K85: 경매개시되어 배당요구종기일 미경과 물건으로 현황조사서 제출되지 않았으나, 개인채무자로 임금채권 발생여지 없어 미반영함.
B86: 경매미개시 | K86: 경매미개시 물건으로 개인채무자로 임금채권 발생여지 없어 미반영함.
B88: 개인사업자, 법인
B89: 경매개시 | C89: 배당요구종기일 경과 | D89: 임금채권 배당요구신청O | K89: 경매개시되어 배당요구종기일 경과물건으로 임금채권 배당요구신청 확인되어 경매열람자료 확인반영함.
B90: 경매개시 | C90: 배당요구종기일 경과 | D90: 임금채권 배당요구신청X | K90: 경매개시되어 배당요구종기일 경과물건으로 임금채권 배당요구신청 확인되지 않는바, 미반영함
B91: 경매개시 | C91: 배당요구종기일 미경과 | D91: 임금채권 배당요구신청O | K91: 경매개시되어 배당요구종기일 미경과물건으로 임금채권자의 배당요구신청 있는바, 배당요구종기일 고려하여 반영함.
B92: 경매개시 | C92: 배당요구종기일 미경과 | D92: 임금채권 배당요구신청X | E92: 임금채권 추정가압류O | K92: 경매개시되어 배당요구종기일 미경과물건으로 임금채권 배당요구신청 없으나, 관련 가압류 확인되는바, 근로복지공단 임금자료 등 고려하여 반영함.
B93: 경매개시 | C93: 배당요구종기일 미경과 | D93: 임금채권 배당요구신청X | E93: 임금채권 추정가압류X | F93: 임금채권O | K93: 경매개시되어 배당요구종기일 미경과물건으로 임금채권 배당요구신청 없고, 관련 가압류 없으나, 근로복지공단 임금자료 등 고려하여 반영함.
B94: 경매개시 | C94: 배당요구종기일 미경과 | D94: 임금채권 배당요구신청X | E94: 임금채권 추정가압류X | F94: 임금채권X | K94: 경매개시되어 배당요구종기일 미경과물건으로 임금채권 배당요구신청 없으나, 관련 가압류 없으며, 임금채권 없을것으로 예상되어 미반영함.
B95: 경매미개시 | C95: 임금채권 추정가압류O | K95: 경매미개시 물건으로, 임금채권 추정가압류 확인되는바 근로복지공단 임금자료 등 고려하여 추정반영함.
B96: 경매미개시 | C96: 임금채권 추정가압류X | D96: 임금채권O | K96: 경매미개시 물건으로, 임금채권 추정가압류 확인되지 않으나, 근로복지공단 임금자료 등 고려하여 추정반영함
B97: 경매미개시 | C97: 임금채권 추정가압류X | D97: 임금채권X | K97: 경매미개시 물건으로, 임금채권 추정가압류 확인되지 않으며, 임금채권 없을것으로 예상되어 미반영함.
A100: 당해세 및 선순위 조세채권 | B100: 경매개시 | C100: 배당요구종기일 경과 | D100: 당해세 교부청구 | K100: 경매개시되어 배당요구종기일 경과물건으로 경매열람자료상 당해세 교부청구 확인반영함.
B101: 경매개시 | C101: 배당요구종기일 경과 | D101: 선순위조세 교부청구 | K101: 경매개시되어 배당요구종기일 경과물건으로 경매열람자료상 선순위조세 교부청구서 반영함.
B102: 경매개시 | C102: 배당요구종기일 경과 | D102: 당해세 교부청구 | E102: 선순위조세 교부청구 | K102: 경매개시되어 배당요구종기일 경과물건으로 경매열람자료상 당해세 교부청구 및 선순위조세 교부청구 반영함.
B103: 경매개시 | C103: 배당요구종기일 미경과 | D103: 당해세 교부청구 | K103: 경매개시되어 배당요구종기일 미경과물건으로 경매열람자료상 당해세 교부청구 확인반영함.
B104: 경매개시 | C104: 배당요구종기일 미경과 | D104: 선순위조세 교부청구 | K104: 경매개시되어 배당요구종기일 미경과물건으로 경매열람자료상 선순위조세 교부청구서 반영함.
B105: 경매개시 | C105: 배당요구종기일 미경과 | D105: 당해세 교부청구 | E105: 선순위조세 교부청구 | K105: 경매개시되어 배당요구종기일 미경과물건으로 경매열람자료상 당해세 교부청구 및 선순위조세 교부청구 반영함.
B106: 경매개시 | C106: 배당요구종기일 미경과 | K106: 경매개시되어 배당요구종기일 미경과물건으로 당해세 외 선순위 조세 없을것으로 예상되어 당해세 추정반영함.
B107: 경매미개시 | K107: 경매미개시 물건으로 당해세 외 선순위 조세 없을것으로 예상되어 당해세 추정반영함.

Sheet 평가(Ⅵ)_시트적용
C16: 기본시트
A17: 주거용 | B17: 아파트 | C17: 1. 아파트
A18: 주거용 | B18: 주택 | C18: 5. 주택, 근린시설, 토지 등
A19: 주거용 | B19: 다가구(원룸 등) | C19: 5. 주택, 근린시설, 토지 등
A20: 주거용 | B20: 다세대(빌라) | C20: 2. 연립, 다세대
A21: 주거용 | B21: 근린주택 | C21: 5. 주택, 근린시설, 토지 등
A22: 상업용및업무용 | B22: 근린상가 | C22: 4. 상가, 아파트형공장
A23: 상업용및업무용 | B23: 근린시설 | C23: 5. 주택, 근린시설, 토지 등
A24: 상업용및업무용 | B24: 오피스텔 | C24: 1. 아파트
A25: 상업용및업무용 | B25: 사무실 | C25: 4. 상가, 아파트형공장
A26: 상업용및업무용 | B26: 창고 | C26: 3. 공장, 창고
A27: 상업용및업무용 | B27: 공장 | C27: 3. 공장, 창고
A28: 상업용및업무용 | B28: 아파트형공장 | C28: 4. 상가, 아파트형공장
A29: 상업용및업무용 | B29: 숙박시설 | C29: 5. 주택, 근린시설, 토지 등 | D29: 4. 상가, 아파트형공장
A30: 상업용및업무용 | B30: 숙박(콘도등) | C30: 5. 주택, 근린시설, 토지 등 | D30: 4. 상가, 아파트형공장
A31: 상업용및업무용 | B31: 교육시설 | C31: 5. 주택, 근린시설, 토지 등 | D31: 4. 상가, 아파트형공장
A32: 상업용및업무용 | B32: 종교시설 | C32: 5. 주택, 근린시설, 토지 등 | D32: 4. 상가, 아파트형공장
A33: 상업용및업무용 | B33: 농가관련시설 | C33: 3. 공장, 창고
A34: 상업용및업무용 | B34: 의료시설 | C34: 5. 주택, 근린시설, 토지 등 | D34: 4. 상가, 아파트형공장
A35: 상업용및업무용 | B35: 주요소(위험물) | C35: 3. 공장, 창고
A36: 상업용및업무용 | B36: 목욕탕 | C36: 5. 주택, 근린시설, 토지 등 | D36: 4. 상가, 아파트형공장
A37: 상업용및업무용 | B37: 노유자시설 | C37: 5. 주택, 근린시설, 토지 등 | D37: 4. 상가, 아파트형공장
A38: 상업용및업무용 | B38: 분뇨쓰레기처리 | C38: 3. 공장, 창고
A39: 상업용및업무용 | B39: 자동차관련시설 | C39: 3. 공장, 창고
A40: 상업용및업무용 | B40: 장례관련시설 | C40: 5. 주택, 근린시설, 토지 등
A41: 상업용및업무용 | B41: 문화및집회시설 | C41: 5. 주택, 근린시설, 토지 등 | D41: 4. 상가, 아파트형공장
A42: 토지 | B42: 대지 | C42: 5. 주택, 근린시설, 토지 등
A43: 토지 | B43: 농지 | C43: 5. 주택, 근린시설, 토지 등
A44: 토지 | B44: 임야 | C44: 5. 주택, 근린시설, 토지 등
A45: 토지 | B45: 잡종지 | C45: 5. 주택, 근린시설, 토지 등
A46: 토지 | B46: 과수원 | C46: 5. 주택, 근린시설, 토지 등
A47: 토지 | B47: 도로 | C47: 5. 주택, 근린시설, 토지 등
A48: 토지 | B48: 묘지 | C48: 5. 주택, 근린시설, 토지 등
A49: 토지 | B49: 목장용지 | C49: 5. 주택, 근린시설, 토지 등
A50: 토지 | B50: 공장용지 | C50: 5. 주택, 근린시설, 토지 등
A51: 토지 | B51: 학교용지 | C51: 5. 주택, 근린시설, 토지 등
A52: 토지 | B52: 창고용지 | C52: 5. 주택, 근린시설, 토지 등
A53: 토지 | B53: 체육용지 | C53: 5. 주택, 근린시설, 토지 등
... A70: 기타 | B70: 기타 | C70: 5. 주택, 근린시설, 토지 등

Sheet 평가(Ⅵ)_1. 아파트
A1: 시트적용
A2: 1. 아파트 | B2: 체크박스 | C2: 2. 공장, 창고 | D2: 체크박스 | E2: 3. 상가, 아파트형공장 | F2: 체크박스 | G2: 4. 주택, 근린시설, 토지 등 | H2: 체크박스
A4: 사례지도
A5: 사례지도 (가져오기 버튼) | E5: 실거래가
A6: >> 소재지 기준으로 위치, 본건기준거래 자동 산정 및 표시 | E6: 거래면적 | F6: 거래일자 | G6: 거래금액 | H6: 층수 | I6: 등기여부 | J6: 적용 | K6: https://rt.molit.go.kr/ | M6: >> 실거래가 전제초회
E7: 거래일자별로 오름차순
K8: 아파트
K9: 오피스텔
A19: 사례평가
A20: 구분 | B20: 본건 감정가 | C20: 사례1 | D20: 사례2 | E20: 사레3 | F20: 사례4 | J20: 경매사건검색
A21: 사례구분 | C21: 낙찰, 본건낙찰, 매매,직접입력 선택 | D21: 낙찰, 본건낙찰, 매매,직접입력 선택 | E21: 낙찰, 본건낙찰, 매매,직접입력 선택 | F21: 낙찰, 본건낙찰, 매매,직접입력 선택 | J21: 사례1 | N21: 사례2
A22: 경매사건번호 | B22: =#REF! -> #REF! | C22: 추천정보 | D22: 추천정보
A23: 낙찰일자 | C23: 45712 | D23: 45594 | E23: 45712 | F23: 45594
A24: 용도 | B24: =#REF! -> #REF! | C24: 아파트 | D24: 아파트 | E24: 아파트 | F24: 아파트
A25: 소재지 | B25: =#REF!&" "&#REF! -> #REF! | C25: 대연동 245-137, 신원아파트 101동 5층 504호 | D25: 대연동 245-137, 신원아파트 101동 12층 1206호 | E25: 대연동 245-137, 신원아파트 101동 5층 504호 | F25: 대연동 245-137, 신원아파트 101동 12층 1206호
A26: 토지면적(평) | B26: =#REF! -> #REF! | C26: 9.49 | D26: 15.11
A27: 건물연면적(평) | B27: =#REF! -> #REF! | C27: 25.694 | D27: 40.83 | E27: 25.694 | F27: 40.83
A28: 보존등기일 | B28: 35698 | C28: 36875 | D28: 36875
A29: 사용승인일 | G29: << 건축물대장정보
A30: 법사가 | B30: =SUM(B31:B32) -> #REF! | C30: =SUM(C31:C32) -> 246000000 | D30: =SUM(D31:D32) -> 302000000
A31: 토지 | B31: =#REF! -> #REF! | C31: 98000000 | D31: 120800000
A32: 건물 | B32: =IF(#REF!=0,#REF!,#REF!) -> #REF! | C32: 148000000 | D32: 181200000
A33: 감평기준일자 | B33: =#REF! -> #REF! | C33: 45226 | D33: 45146
A34: 평당감정가(토지) | B34: =IFERROR(B31/B26,0) -> 0 | C34: =IFERROR(C31/C26,0) -> 10326660 | D34: =IFERROR(D31/D26,0) -> 7994705.5 | E34: =IFERROR(E31/E26,0) -> 0 | F34: =IFERROR(F31/F26,0) -> 0
A35: 평당감정가(건물) | B35: =IFERROR(B32/B27,0) -> 0 | C35: =IFERROR(C32/C27,0) -> 5760099.6 | D35: =IFERROR(D32/D27,0) -> 4437913.3 | E35: =IFERROR(E32/E27,0) -> 0 | F35: =IFERROR(F32/F27,0) -> 0
A36: 토지평당법사가* | B36: =IFERROR(B30/B26,0) -> 0 | C36: =IFERROR(C30/C26,0) -> 25922023 | D36: =IFERROR(D30/D26,0) -> 19986764 | E36: =IFERROR(E30/E26,0) -> 0 | F36: =IFERROR(F30/F26,0) -> 0
A37: 건물평당법사가* | B37: =IFERROR(B30/B27,0) -> 0 | C37: =IFERROR(C30/C27,0) -> 9574219.7 | D37: =IFERROR(D30/D27,0) -> 7396522.2 | E37: =IFERROR(E30/E27,0) -> 0 | F37: =IFERROR(F30/F27,0) -> 0
A38: 낙찰가액 | B38: =B60 -> 280000000 | C38: 175100000 | D38: 193288888 | E38: 175100000 | F38: 193288888
A39: 낙찰가율 | B39: =B38/B30 -> #REF! | C39: =C38/C30 -> 0.71178862 | D39: =D38/D30 -> 0.64002943
A40: 낙찰회차 | B40: =B107 -> 0 | C40: 3 | D40: 3
A41: 평당낙찰가(토지) | B41: =IFERROR((B31*B39)/B26,0) -> 0 | C41: =IFERROR((C31*C39)/C26,0) -> 7350398.8 | D41: =IFERROR((D31*D39)/D26,0) -> 5116846.8 | E41: =IFERROR((E31*E39)/E26,0) -> 0 | F41: =IFERROR((F31*F39)/F26,0) -> 0
A42: 평당낙찰가(건물) | B42: =IFERROR((B32*B39)/B27,0) -> 0 | C42: =IFERROR((C32*C39)/C27,0) -> 4099973.4 | D42: =IFERROR((D32*D39)/D27,0) -> 2840395.1 | E42: =IFERROR((E32*E39)/E27,0) -> 0 | F42: =IFERROR((F32*F39)/F27,0) -> 0
A43: 토지평당낙찰가** | B43: =IFERROR(B38/B26,0) -> 0 | C43: =IFERROR(C38/C26,0) -> 18451001 | D43: =IFERROR(D38/D26,0) -> 12792117 | E43: =IFERROR(E38/E26,0) -> 0 | F43: =IFERROR(F38/F26,0) -> 0
A44: 건물평당낙찰가** | B44: =IFERROR(B38/B27,0) -> 0 | C44: =IFERROR(C38/C27,0) -> 6814820.6 | D44: =IFERROR(D38/D27,0) -> 4733991.9 | E44: =IFERROR(E38/E27,0) -> 6814820.6 | F44: =IFERROR(F38/F27,0) -> 4733991.9
A45: 토지건물대비
A46: 낙찰가율 | B46: =B38/(B31+B32) -> #REF! | C46: =C38/(C31+C32) -> 0.71178862 | D46: =D38/(D31+D32) -> 0.64002943
A47: 용적율 | B47: =B27/B26 -> #REF! | C47: =C27/C26 -> 2.7074816 | D47: =D27/D26 -> 2.702184
A48: 2등 입찰가 | C48: 161000000
A49: 사례 비고 사항
A51: 낙찰통계
A52: 지역통계 | B52: 부산 | D52: 부산 | F52: 부산 | H52: 적용낙찰가율
B53: 낙찰가율 | C53: 낙찰건수 | D53: 낙찰가율 | E53: 낙찰건수 | F53: 낙찰가율 | G53: 낙찰건수 | H53: 대연동 3개월 평균 낙찰가율
A54: 1년 평균 | H54: 10건이상인 경우 동>구>시, 3개월 6개월 1년평균 확장
A55: 6개월 평균 | H55: 10건이상 평균
A56: 3개월 평균
A58: 평가결과
A59: 구분 | B59: 낙찰가액 | C59: 낙찰가율 | D59: 토지평당낙찰가 | E59: 건물평당 낙찰가 | F59: 평가 사유
A60: 시나리오 1 | B60: 280000000 | C60: =B60/$B$201 -> #DIV/0! | D60: =B60/B26 -> #REF! | E60: =B60/B27 -> #REF! | F60: 낙찰사례 적용
A61: 시나리오 2 | B61: 290000000 | C61: =B61/$B$201 -> #DIV/0! | D61: =B61/B26 -> #REF! | E61: =B61/B27 -> #REF! | F61: 실거래가 적용
A63: < 물건1 에만 표시, 차주별 1개만>
A64: 회수전략 요약
A65: 시나리오 1 | C65: Cap 적용 여부 | D65: =IF(C119=B116,"Loan Cap",IF(C119=B118,"Mortgage Cap","해당사항 없음")) -> Loan Cap | E65: 시나리오 2 | G65: Cap 적용 여부 | H65: =IF(C166=B163,"Loan Cap",IF(C166=B165,"Mortgage Cap","해당사항 없음")) -> Loan Cap | J65: Cap 반영후 배당액에 따라 | M65: Interim
A66: 회수전략 요약 | E66: 회수전략 요약 | J66: Loan Cap | M66: 원금회수 | N66: 원금상계 | O66: 이자회수 | P66: 이자상계 | Q66: 보증서 수령 | R66: 추가지출 | S66: 추가지출 경매비용여부
A67: 구 분 | B67: CF in date | C67: Cash in/out | D67: Ratio | E67: 구 분 | F67: CF in date | G67: Cash in/out | H67: Ratio | J67: Loan Cap 2
A68: Cdate 이후 회수/지출 | B68: adate | D68: =C68/$C$266 -> #DIV/0! | E68: Cdate 이후 회수/지출 | F68: adate | H68: =G68/$C$266 -> #DIV/0! | J68: Mortgage Cap
A69: 신용보증서 회수 | B69: adate | D69: =C69/$C$266 -> #DIV/0! | E69: 신용보증서 회수 | F69: adate | H69: =G69/$C$266 -> #DIV/0! | J69: 해당사항 없음
A70: Cdate 이후 경매비용 | B70: 담보1 경매비용 예납일 | C70: =IFERROR(IF(F79="경매개시결정",0,G81),0) -> 0 | D70: =C70/$C$266 -> #DIV/0! | E70: Cdate 이후 경매비용 | F70: 물건별 경매개시일 따라 | G70: =IFERROR(IF(B119="경매개시결정",0,C121),0) -> 0 | H70: =G70/$C$266 -> #DIV/0!
A71: Cdate 이후 경매비용 | B71: 담보2 경매비용 예납일 | E71: Cdate 이후 경매비용 | F71: 물건별 경매개시일 따라
A72: Cdate 이후 경매비용 | B72: 담보3 경매비용 예납일 | E72: Cdate 이후 경매비용 | F72: 물건별 경매개시일 따라
A73: Cdate 이후 경매비용 | B73: 담보4 경매비용 예납일 | E73: Cdate 이후 경매비용 | F73: 물건별 경매개시일 따라
A74: Cdate 이후 경매비용 | B74: 담보5 경매비용 예납일 | E74: Cdate 이후 경매비용 | F74: 물건별 경매개시일 따라
A75: 담보1 배당회수 | B75: 물건1 배당일 | C75: 물건별 예상회수금액 | D75: =C75/$C$266 -> #VALUE! | E75: 담보1 배당회수 | F75: 물건별 배당일자 | G75: 물건별 예상회수금액 | H75: =G75/$C$266 -> #VALUE!
A76: 담보2 배당회수 | B76: 물건2 배당일 | C76: 물건별 예상회수금액 | E76: 담보2 배당회수 | F76: 물건별 배당일자 | G76: 물건별 예상회수금액
A77: 담보3 배당회수 | B77: 물건3 배당일 | C77: 물건별 예상회수금액 | E77: 담보3 배당회수 | F77: 물건별 배당일자 | G77: 물건별 예상회수금액
A78: 담보4 배당회수 | B78: 물건4 배당일 | C78: 물건별 예상회수금액 | E78: 담보4 배당회수 | F78: 물건별 배당일자 | G78: 물건별 예상회수금액
A79: 담보5 배당회수 | B79: 물건5 배당일 | C79: 물건별 예상회수금액 | E79: 담보5 배당회수 | F79: 물건별 배당일자 | G79: 물건별 예상회수금액
A80: MCI회수 | B80: 배당일(MCI보증서를 피담보로하는 담보의 배당일) | C80: =#REF! -> #REF! | D80: =C80/$C$266 -> #REF! | E80: MCI회수 | F80: 배당일(MCI보증서를 피담보로하는 담보의 배당일) | G80: =#REF! -> #REF! | H80: =G80/$C$266 -> #REF!
A81: 합 계 | C81: =SUM(C68:C80) -> #REF! | D81: =C81/$C$266 -> #REF! | E81: 합 계 | G81: =SUM(G68:G80) -> #REF! | H81: =G81/$C$266 -> #REF!
A82: XNPV | B82: =IF(G74=C82,"1,2안 동일",IF(G74>C82,"","2안 초과")) -> #VALUE! | C82: #VALUE! | D82: =C82/$C$266 -> #VALUE! | E82: XNPV | F82: =IF(C114=G82,"1,2안 동일",IF(C114>G82,"","2안 초과")) -> #VALUE! | G82: #VALUE! | H82: =G82/$C$266 -> #VALUE!
A83: OPB | C83: =#REF! -> #REF! | E83: OPB | G83: =#REF! -> #REF!
A85: 신용보증서 회수
A86: Cdate 이후 회수/지출 = (Interim 원금회수+Interim 이자회수)*Interim 회수율-추가지출
A87: 대위변제금 수령 예상일(AC) = adate 인경우, 대위변제금액(AG)*신용보증서 회수율(기초정보관리)

Sheet 평가(Ⅵ)_2. 연립다세대 
A1: 시트적용
A2: 1. 아파트 | B2: 체크박스 | C2: 2. 공장, 창고 | D2: 체크박스 | E2: 3. 상가, 아파트형공장 | F2: 체크박스 | G2: 4. 주택, 근린시설, 토지 등 | H2: 체크박스
A4: 사례지도
A5: 사례지도 (가져오기 버튼) | E5: 실거래가 지도 (가져오기 버튼)
A6: >> 소재지 기준으로 위치, 본건기준거래 자동 산정 및 표시 | E6: >> 실거래가 지도 => 사례 적용 선택가능하도록 | I6: 연립/다세대 | L6: https://rt.molit.go.kr/ | N6: >> 실거래가 전제초회
A19: 사례평가
A20: 구분 | B20: 본건 감정가 | C20: 사례1 | D20: 사례2 | E20: 사레3 | F20: 사례4 | J20: 경매사건검색
A21: 사례구분 | C21: 낙찰, 본건낙찰, 매매,직접입력 선택 | D21: 낙찰, 본건낙찰, 매매,직접입력 선택 | E21: 낙찰, 본건낙찰, 매매,직접입력 선택 | F21: 낙찰, 본건낙찰, 매매,직접입력 선택 | J21: 사례1 | N21: 사례2
A22: 경매사건번호 | B22: =#REF! -> #REF! | C22: 추천정보 | D22: 추천정보
A23: 낙찰일자 | C23: 45712 | D23: 45594 | E23: 45712 | F23: 45594
A24: 용도 | B24: =#REF! -> #REF! | C24: 아파트 | D24: 아파트 | E24: 아파트 | F24: 아파트
A25: 소재지 | B25: =#REF!&" "&#REF! -> #REF! | C25: 대연동 245-137, 신원아파트 101동 5층 504호 | D25: 대연동 245-137, 신원아파트 101동 12층 1206호 | E25: 대연동 245-137, 신원아파트 101동 5층 504호 | F25: 대연동 245-137, 신원아파트 101동 12층 1206호
A26: 토지면적(평) | B26: =#REF! -> #REF! | C26: 9.49 | D26: 15.11
A27: 건물연면적(평) | B27: =#REF! -> #REF! | C27: 25.694 | D27: 40.83 | E27: 25.694 | F27: 40.83
A28: 보존등기일 | B28: 35698 | C28: 36875 | D28: 36875
A29: 사용승인일 | G29: << 건축물대장정보
A30: 법사가 | B30: =SUM(B31:B32) -> #REF! | C30: =SUM(C31:C32) -> 246000000 | D30: =SUM(D31:D32) -> 302000000
A31: 토지 | B31: =#REF! -> #REF! | C31: 98000000 | D31: 120800000
A32: 건물 | B32: =IF(#REF!=0,#REF!,#REF!) -> #REF! | C32: 148000000 | D32: 181200000
A33: 감평기준일자 | B33: =#REF! -> #REF! | C33: 45226 | D33: 45146
A34: 평당감정가(토지) | B34: =IFERROR(B31/B26,0) -> 0 | C34: =IFERROR(C31/C26,0) -> 10326660 | D34: =IFERROR(D31/D26,0) -> 7994705.5 | E34: =IFERROR(E31/E26,0) -> 0 | F34: =IFERROR(F31/F26,0) -> 0
A35: 평당감정가(건물) | B35: =IFERROR(B32/B27,0) -> 0 | C35: =IFERROR(C32/C27,0) -> 5760099.6 | D35: =IFERROR(D32/D27,0) -> 4437913.3 | E35: =IFERROR(E32/E27,0) -> 0 | F35: =IFERROR(F32/F27,0) -> 0
A36: 토지평당법사가* | B36: =IFERROR(B30/B26,0) -> 0 | C36: =IFERROR(C30/C26,0) -> 25922023 | D36: =IFERROR(D30/D26,0) -> 19986764 | E36: =IFERROR(E30/E26,0) -> 0 | F36: =IFERROR(F30/F26,0) -> 0
A37: 건물평당법사가* | B37: =IFERROR(B30/B27,0) -> 0 | C37: =IFERROR(C30/C27,0) -> 9574219.7 | D37: =IFERROR(D30/D27,0) -> 7396522.2 | E37: =IFERROR(E30/E27,0) -> 0 | F37: =IFERROR(F30/F27,0) -> 0
A38: 낙찰가액 | B38: =B60 -> 280000000 | C38: 175100000 | D38: 193288888 | E38: 175100000 | F38: 193288888
A39: 낙찰가율 | B39: =B38/B30 -> #REF! | C39: =C38/C30 -> 0.71178862 | D39: =D38/D30 -> 0.64002943
A40: 낙찰회차 | B40: =B107 -> 0 | C40: 3 | D40: 3
A41: 평당낙찰가(토지) | B41: =IFERROR((B31*B39)/B26,0) -> 0 | C41: =IFERROR((C31*C39)/C26,0) -> 7350398.8 | D41: =IFERROR((D31*D39)/D26,0) -> 5116846.8 | E41: =IFERROR((E31*E39)/E26,0) -> 0 | F41: =IFERROR((F31*F39)/F26,0) -> 0
A42: 평당낙찰가(건물) | B42: =IFERROR((B32*B39)/B27,0) -> 0 | C42: =IFERROR((C32*C39)/C27,0) -> 4099973.4 | D42: =IFERROR((D32*D39)/D27,0) -> 2840395.1 | E42: =IFERROR((E32*E39)/E27,0) -> 0 | F42: =IFERROR((F32*F39)/F27,0) -> 0
A43: 토지평당낙찰가** | B43: =IFERROR(B38/B26,0) -> 0 | C43: =IFERROR(C38/C26,0) -> 18451001 | D43: =IFERROR(D38/D26,0) -> 12792117 | E43: =IFERROR(E38/E26,0) -> 0 | F43: =IFERROR(F38/F26,0) -> 0
A44: 건물평당낙찰가** | B44: =IFERROR(B38/B27,0) -> 0 | C44: =IFERROR(C38/C27,0) -> 6814820.6 | D44: =IFERROR(D38/D27,0) -> 4733991.9 | E44: =IFERROR(E38/E27,0) -> 6814820.6 | F44: =IFERROR(F38/F27,0) -> 4733991.9
A45: 토지건물대비
A46: 낙찰가율 | B46: =B38/(B31+B32) -> #REF! | C46: =C38/(C31+C32) -> 0.71178862 | D46: =D38/(D31+D32) -> 0.64002943
A47: 용적율 | B47: =B27/B26 -> #REF! | C47: =C27/C26 -> 2.7074816 | D47: =D27/D26 -> 2.702184
A48: 2등 입찰가 | C48: 161000000
A49: 사례 비고 사항
A51: 낙찰통계
A52: 지역통계 | B52: 부산 | D52: 부산 | F52: 부산 | H52: 적용낙찰가율
B53: 낙찰가율 | C53: 낙찰건수 | D53: 낙찰가율 | E53: 낙찰건수 | F53: 낙찰가율 | G53: 낙찰건수
A54: 1년 평균
A55: 6개월 평균 | H55: 10건이상 평균
A56: 3개월 평균
A58: 평가결과
A59: 구분 | B59: 낙찰가액 | C59: 낙찰가율 | D59: 토지평당낙찰가 | E59: 건물평당 낙찰가 | F59: 평가 사유
A60: 시나리오 1 | B60: 280000000 | C60: =B60/$B$201 -> #DIV/0! | D60: =B60/B26 -> #REF! | E60: =B60/B27 -> #REF! | F60: 낙찰사례 적용
A61: 시나리오 2 | B61: 290000000 | C61: =B61/$B$201 -> #DIV/0! | D61: =B61/B26 -> #REF! | E61: =B61/B27 -> #REF! | F61: 실거래가 적용

Sheet 평가(Ⅵ)_3. 공장, 창고
A1: 시트적용
A2: 1. 아파트 | B2: 체크박스 | C2: 2. 공장, 창고 | D2: 체크박스 | E2: 3. 상가, 아파트형공장 | F2: 체크박스 | G2: 4. 주택, 근린시설, 토지 등 | H2: 체크박스
A4: 사례지도
A5: 사례지도 (가져오기 버튼) | E5: 실거래가 지도 (가져오기 버튼)
A6: >> 소재지 기준으로 위치, 본건기준거래 자동 산정 및 표시 | E6: >> 실거래가 지도 => 사례 적용 선택가능하도록 | I6: 토지 | J6: 실거래가 정보 가지고 올때,
I7: 공장/창고 등 | J7: 1. 물건종류 체크할 수 있도록
J8: 2. 일정비율이 되면 체크표시 가능하도록
A19: 사례평가
A20: 구분 | B20: 본건 감정가 | C20: 사례1 | D20: 사례2 | E20: 사레3 | F20: 사례4 | J20: 사례 로드뷰 | R20: 경매사건검색
A21: 사례구분 | C21: 낙찰, 본건낙찰, 매매,직접입력 선택 | D21: 낙찰, 본건낙찰, 매매,직접입력 선택 | E21: 낙찰, 본건낙찰, 매매,직접입력 선택 | F21: 낙찰, 본건낙찰, 매매,직접입력 선택 | J21: 사례1 | M21: 사례2 | R21: 사례1 | V21: 사례2
A22: 경매사건번호 | B22: =#REF! -> #REF! | C22: 추천정보 | D22: 추천정보
A23: 낙찰일자 | C23: 45712 | D23: 45594 | E23: 45712 | F23: 45594
A24: 용도 | B24: =#REF! -> #REF! | C24: 아파트 | D24: 아파트 | E24: 아파트 | F24: 아파트
A25: 소재지 | B25: =#REF!&" "&#REF! -> #REF! | C25: 대연동 245-137, 신원아파트 101동 5층 504호 | D25: 대연동 245-137, 신원아파트 101동 12층 1206호 | E25: 대연동 245-137, 신원아파트 101동 5층 504호 | F25: 대연동 245-137, 신원아파트 101동 12층 1206호
A26: 토지면적(평) | B26: =#REF! -> #REF! | C26: 9.49 | D26: 15.11 | E26: 9.49 | F26: 15.11
A27: 건물연면적(평) | B27: =#REF! -> #REF! | C27: 25.694 | D27: 40.83 | E27: 25.694 | F27: 40.83
A28: 기계기구
A29: 보존등기일 | B29: 35698 | C29: 36875 | D29: 36875 | J29: 사례3 | M29: 사례4
A30: 사용승인일 | G30: <<건축물대장 정보
A31: 법사가 | B31: =SUM(B32:B33) -> #REF! | C31: =SUM(C32:C33) -> 246000000 | D31: =SUM(D32:D33) -> 302000000
A32: 토지 | B32: =#REF! -> #REF! | C32: 98000000 | D32: 120800000
A33: 건물 | B33: =IF(#REF!=0,#REF!,#REF!) -> #REF! | C33: 148000000 | D33: 181200000
A34: 제시외
A35: 기계기구
A36: 감평기준일자 | B36: =#REF! -> #REF! | C36: 45226 | D36: 45146
A37: 평당감정가(토지) | B37: =IFERROR(B32/B26,0) -> 0 | C37: =IFERROR(C32/C26,0) -> 10326660 | D37: =IFERROR(D32/D26,0) -> 7994705.5
A38: 평당감정가(건물) | B38: =IFERROR(B33/B27,0) -> 0 | C38: =IFERROR(C33/C27,0) -> 5760099.6 | D38: =IFERROR(D33/D27,0) -> 4437913.3
A39: 토지평당법사가* | B39: =IFERROR(B31/B26,0) -> 0 | C39: =IFERROR(C31/C26,0) -> 25922023 | D39: =IFERROR(D31/D26,0) -> 19986764
A40: 건물평당법사가* | B40: =IFERROR(B31/B27,0) -> 0 | C40: =IFERROR(C31/C27,0) -> 9574219.7 | D40: =IFERROR(D31/D27,0) -> 7396522.2
A41: 낙찰가액 | B41: =B87 -> 0 | C41: 175100000 | D41: 193288888 | E41: 175100000 | F41: 193288888
A42: 낙찰가율 | B42: =B41/B31 -> #REF! | C42: =C41/C31 -> 0.71178862 | D42: =D41/D31 -> 0.64002943
A43: 낙찰회차 | B43: =B127 -> 0 | C43: 3 | D43: 3
A44: 평당낙찰가(토지) | B44: =IFERROR((B32*B42)/B26,0) -> 0 | C44: =IFERROR((C32*C42)/C26,0) -> 7350398.8 | D44: =IFERROR((D32*D42)/D26,0) -> 5116846.8 | E44: =IFERROR((E32*E42)/E26,0) -> 0 | F44: =IFERROR((F32*F42)/F26,0) -> 0
A45: 평당낙찰가(건물) | B45: =IFERROR((B33*B42)/B27,0) -> 0 | C45: =IFERROR((C33*C42)/C27,0) -> 4099973.4 | D45: =IFERROR((D33*D42)/D27,0) -> 2840395.1 | E45: =IFERROR((E33*E42)/E27,0) -> 0 | F45: =IFERROR((F33*F42)/F27,0) -> 0
A46: 토지평당낙찰가** | B46: =IFERROR(B41/B26,0) -> 0 | C46: =IFERROR(C41/C26,0) -> 18451001 | D46: =IFERROR(D41/D26,0) -> 12792117 | E46: =IFERROR(E41/E26,0) -> 18451001 | F46: =IFERROR(F41/F26,0) -> 12792117
A47: 건물평당낙찰가** | B47: =IFERROR(B41/B27,0) -> 0 | C47: =IFERROR(C41/C27,0) -> 6814820.6 | D47: =IFERROR(D41/D27,0) -> 4733991.9 | E47: =IFERROR(E41/E27,0) -> 6814820.6 | F47: =IFERROR(F41/F27,0) -> 4733991.9
A48: <기계인정율> | B48: 0.2 | C48: 0.2 | D48: 0.2 | E48: 0.2 | F48: 0.2 | G48: << 기본 세팅 20%
A49: 토지단가
A50: 건물단가 | B50: =B52/B27 -> #REF! | C50: =C52/C27 -> 6814820.6 | D50: =D52/D27 -> 4733991.9 | E50: =E52/E27 -> 6814820.6 | F50: =F52/F27 -> 4733991.9
A51: 토지 거래분 | B51: =B49*B26 -> #REF! | C51: =C49*C26 -> 0 | D51: =D49*D26 -> 0 | E51: =E49*E26 -> 0 | F51: =F49*F26 -> 0
A52: 건물 거래분 | B52: =B41-B51-B53-B54 -> #REF! | C52: =C41-C51-C53-C54 -> 175100000 | D52: =D41-D51-D53-D54 -> 193288888 | E52: =E41-E51-E53-E54 -> 175100000 | F52: =F41-F51-F53-F54 -> 193288888
A53: 제시외 거래분 | B53: 0 | C53: 0 | D53: 0 | E53: 0 | F53: 0
A54: 기계기구 낙찰분 | B54: =B48*B35 -> 0 | C54: =C48*C35 -> 0 | D54: =D48*D35 -> 0 | E54: =E48*E35 -> 0 | F54: =F48*F35 -> 0
A55: 낙찰가율 | B55: =B41/(B32+B33) -> #REF! | C55: =C41/(C32+C33) -> 0.71178862 | D55: =D41/(D32+D33) -> 0.64002943 | E55: =E41/(E32+E33) -> #DIV/0! | F55: =F41/(F32+F33) -> #DIV/0!
A56: 용적율 | B56: =B27/B26 -> #REF! | C56: =C27/C26 -> 2.7074816 | D56: =D27/D26 -> 2.702184 | E56: =E27/E26 -> 2.7074816 | F56: =F27/F26 -> 2.702184
A57: <기계인정율> | B57: 0.2 | C57: 0.2 | D57: 0.2 | E57: 0.2 | F57: 0.2
A58: 토지평당낙찰가 | B58: =(B44-B38*B57)/B29 -> 0 | C58: =(C44-C38*C57)/C29 -> 168.09163 | D58: =(D44-D38*D57)/D29 -> 114.69191 | E58: =(E44-E38*E57)/E29 -> #DIV/0! | F58: =(F44-F38*F57)/F29 -> #DIV/0!
A59: 건물평당낙찰가 | B59: =(B44-B38*B57)/B31 -> #REF! | C59: =(C44-C38*C57)/C31 -> 0.025196662 | D59: =(D44-D38*D57)/D31 -> 0.014004186 | E59: =(E44-E38*E57)/E31 -> #DIV/0! | F59: =(F44-F38*F57)/F31 -> #DIV/0!
A60: 2등 입찰가 | C60: 161000000
A61: 사례 비고 사항
A63: 낙찰통계
A64: 지역통계 | B64: 부산 | D64: 부산 | F64: 부산 | H64: 적용낙찰가율
B65: 낙찰가율 | C65: 낙찰건수 | D65: 낙찰가율 | E65: 낙찰건수 | F65: 낙찰가율 | G65: 낙찰건수
A66: 1년 평균
A67: 6개월 평균 | H67: 10건이상 평균
A68: 3개월 평균
A70: 부동산명 | B70: 연락처 | C70: 탐문내역
A75: 평가결과
A76: 시나리오1 | B76: 평가액 | C76: =F82-G76 -> 0 | D76: 평가 사유 | E76: 낙찰사례 적용 | F76: 저감반영액
A77: 구분 | B77: 감정가 | C77: 면적 | D77: 평당감정가 | E77: 평당 평가액 | F77: 평가액 | G77: 낙찰가율 | H77: 토지평당낙찰가 | I77: 건물평당 낙찰가
A78: 토지 | J78: >>기본 토지 전체면적, 평가액 입력
A79: 토지(법면, 도로 등)
A80: 건물
A81: 기계
A82: Total
A83: 시나리오2 | B83: 평가액 | C83: =F89-G83 -> 0 | D83: 평가 사유 | E83: 낙찰사례 적용 | F83: 저감반영액
A84: 구분 | B84: 감정가 | C84: 면적 | D84: 평당감정가 | E84: 평당 평가액 | F84: 평가액 | G84: 낙찰가율 | H84: 토지평당낙찰가 | I84: 건물평당 낙찰가
A85: 토지 | J85: >>기본 토지 전체면적, 평가액 입력
A86: 토지(법면, 도로 등)
A87: 건물
A88: 기계
A89: Total

Sheet 평가(Ⅵ)_4. 상가, 아파트형공장
A1: 시트적용
A2: 1. 아파트 | B2: 체크박스 | C2: 2. 공장, 창고 | D2: 체크박스 | E2: 3. 상가, 아파트형공장 | F2: 체크박스 | G2: 4. 주택, 근린시설, 토지 등 | H2: 체크박스
A4: 사례지도
A5: 사례지도 (가져오기 버튼) | E5: 실거래가 지도 (가져오기 버튼)
A6: >> 소재지 기준으로 위치, 본건기준거래 자동 산정 및 표시 | E6: >> 실거래가 지도 => 사례 적용 선택가능하도록 | I6: 상업/업무용
I7: 오피스텔
A19: 사례평가 | J19: 사례 로드뷰 | R19: 경매사건검색
A20: 구분 | B20: 본건 감정가 | C20: 사례1 | D20: 사례2 | E20: 사레3 | F20: 사례4 | J20: 사례1 | M20: 사례2 | R20: 사례1 | V20: 사례2
A21: 사례구분 | C21: 낙찰, 본건낙찰, 매매,직접입력 선택 | D21: 낙찰, 본건낙찰, 매매,직접입력 선택 | E21: 낙찰, 본건낙찰, 매매,직접입력 선택 | F21: 낙찰, 본건낙찰, 매매,직접입력 선택
A22: 경매사건번호 | B22: =#REF! -> #REF! | C22: 추천정보 | D22: 추천정보
A23: 낙찰일자 | C23: 45712 | D23: 45594 | E23: 45712 | F23: 45594
A24: 용도 | B24: =#REF! -> #REF! | C24: 아파트 | D24: 아파트 | E24: 아파트 | F24: 아파트
A25: 소재지 | B25: =#REF!&" "&#REF! -> #REF! | C25: 대연동 245-137, 신원아파트 101동 5층 504호 | D25: 대연동 245-137, 신원아파트 101동 12층 1206호 | E25: 대연동 245-137, 신원아파트 101동 5층 504호 | F25: 대연동 245-137, 신원아파트 101동 12층 1206호
A26: 토지면적(평) | B26: =#REF! -> #REF! | C26: 9.49 | D26: 15.11 | E26: 9.49 | F26: 15.11
A27: 건물연면적(평) | B27: =#REF! -> #REF! | C27: 25.694 | D27: 40.83 | E27: 25.694 | F27: 40.83
A28: 보존등기일 | B28: 35698 | C28: 36875 | D28: 36875 | J28: 사례3 | M28: 사례4
A29: 사용승인일 | G29: << 건축물 대장
A30: 법사가 | B30: =SUM(B31:B32) -> #REF! | C30: =SUM(C31:C32) -> 246000000 | D30: =SUM(D31:D32) -> 302000000
A31: 토지 | B31: =#REF! -> #REF! | C31: 98000000 | D31: 120800000
A32: 건물 | B32: =IF(#REF!=0,#REF!,#REF!) -> #REF! | C32: 148000000 | D32: 181200000
A33: 감평기준일자 | B33: =#REF! -> #REF! | C33: 45226 | D33: 45146
A34: 평당감정가(토지) | B34: =IFERROR(B31/B26,0) -> 0 | C34: =IFERROR(C31/C26,0) -> 10326660 | D34: =IFERROR(D31/D26,0) -> 7994705.5
A35: 평당감정가(건물) | B35: =IFERROR(B32/B27,0) -> 0 | C35: =IFERROR(C32/C27,0) -> 5760099.6 | D35: =IFERROR(D32/D27,0) -> 4437913.3
A36: 토지평당법사가* | B36: =IFERROR(B30/B26,0) -> 0 | C36: =IFERROR(C30/C26,0) -> 25922023 | D36: =IFERROR(D30/D26,0) -> 19986764
A37: 건물평당법사가* | B37: =IFERROR(B30/B27,0) -> 0 | C37: =IFERROR(C30/C27,0) -> 9574219.7 | D37: =IFERROR(D30/D27,0) -> 7396522.2
A38: 낙찰가액 | B38: =B71 -> 0 | C38: 175100000 | D38: 193288888 | E38: 175100000 | F38: 193288888
A39: 낙찰가율 | B39: =B38/B30 -> #REF! | C39: =C38/C30 -> 0.71178862 | D39: =D38/D30 -> 0.64002943
A40: 낙찰회차 | B40: =B108 -> 0 | C40: 3 | D40: 3 | E40: 3 | F40: 3
A41: 평당낙찰가(토지) | B41: =IFERROR((B31*B39)/B26,0) -> 0 | C41: =IFERROR((C31*C39)/C26,0) -> 7350398.8 | D41: =IFERROR((D31*D39)/D26,0) -> 5116846.8 | E41: =IFERROR((E31*E39)/E26,0) -> 0 | F41: =IFERROR((F31*F39)/F26,0) -> 0
A42: 평당낙찰가(건물) | B42: =IFERROR((B32*B39)/B27,0) -> 0 | C42: =IFERROR((C32*C39)/C27,0) -> 4099973.4 | D42: =IFERROR((D32*D39)/D27,0) -> 2840395.1 | E42: =IFERROR((E32*E39)/E27,0) -> 0 | F42: =IFERROR((F32*F39)/F27,0) -> 0
A43: 토지평당낙찰가** | B43: =IFERROR(B38/B26,0) -> 0 | C43: =IFERROR(C38/C26,0) -> 18451001 | D43: =IFERROR(D38/D26,0) -> 12792117 | E43: =IFERROR(E38/E26,0) -> 18451001 | F43: =IFERROR(F38/F26,0) -> 12792117
A44: 건물평당낙찰가** | B44: =IFERROR(B38/B27,0) -> 0 | C44: =IFERROR(C38/C27,0) -> 6814820.6 | D44: =IFERROR(D38/D27,0) -> 4733991.9 | E44: =IFERROR(E38/E27,0) -> 6814820.6 | F44: =IFERROR(F38/F27,0) -> 4733991.9
A45: 토지건물대비
A46: 낙찰가율 | B46: =B38/(B31+B32) -> #REF! | C46: =C38/(C31+C32) -> 0.71178862 | D46: =D38/(D31+D32) -> 0.64002943 | E46: =E38/(E31+E32) -> #DIV/0! | F46: =F38/(F31+F32) -> #DIV/0!
A47: 용적율 | B47: =B27/B26 -> #REF! | C47: =C27/C26 -> 2.7074816 | D47: =D27/D26 -> 2.702184 | E47: =E27/E26 -> 2.7074816 | F47: =F27/F26 -> 2.702184
A48: 2등 입찰가 | C48: 161000000
A49: 사례 비고 사항
A50: 법사가 | C50: =C30 -> 246000000 | D50: =D30 -> 302000000 | E50: =E30 -> 0 | F50: =F30 -> 0
A51: 평당 정상임대수익 | C51: =C35/H51/12 -> #DIV/0! | D51: =D35/J34/12 -> #DIV/0! | E51: =E35/K34/12 -> #DIV/0! | F51: =F35/L34/12 -> #DIV/0! | G51: 지역 소득수익률
A52: 낙찰가 | C52: =C38 -> 175100000 | D52: =D38 -> 193288888 | E52: =E38 -> 175100000 | F52: =F38 -> 193288888
A53: 평당낙찰가 | C53: =C52/C27 -> 6814820.6 | D53: =D52/D27 -> 4733991.9 | E53: =E52/E27 -> 6814820.6 | F53: =F52/F27 -> 4733991.9
A54: 추정요구수익율 | C54: =C51*C27*12/C30 -> #DIV/0! | D54: =D51*D27*12/D30 -> #DIV/0! | E54: =E51*E27*12/E30 -> #DIV/0! | F54: =F51*F27*12/F30 -> #DIV/0!
A56: 낙찰통계
A57: 지역통계 | B57: 부산 | D57: 부산 | F57: 부산 | H57: 적용낙찰가율
B58: 낙찰가율 | C58: 낙찰건수 | D58: 낙찰가율 | E58: 낙찰건수 | F58: 낙찰가율 | G58: 낙찰건수
A59: 1년 평균
A60: 6개월 평균 | H60: 10건이상 평균
A61: 3개월 평균
A63: 부동산명 | B63: 연락처 | C63: 탐문내역
A68: 평가결과
A69: 시나리오1 | B69: 평가액 | C69: =F73-G69 -> 0 | D69: 평가 사유 | E69: 낙찰사례 적용 | F69: 저감반영액
A70: 구분 | B70: 감정가 | C70: 면적 | D70: 평당감정가 | E70: 평당 평가액 | F70: 평가액 | G70: 낙찰가율 | H70: 토지평당낙찰가 | I70: 건물평당 낙찰가
A71: 토지 | F71: =D71*E71-#REF! -> #REF!
A72: 건물 | F72: =D72*E72-#REF! -> #REF!
A73: Total
A74: 시나리오2 | B74: 평가액 | C74: =F78-G74 -> 0 | D74: 평가 사유 | E74: 낙찰사례 적용 | F74: 저감반영액
A75: 구분 | B75: 감정가 | C75: 면적 | D75: 평당감정가 | E75: 평당 평가액 | F75: 평가액 | G75: 낙찰가율 | H75: 토지평당낙찰가 | I75: 건물평당 낙찰가
A76: 토지 | F76: =D76*E76-#REF! -> #REF!
A77: 건물 | F77: =D77*E77-#REF! -> #REF!
A78: Total

Sheet 평가(Ⅵ)_5. 주택, 근린시설, 토지 등
A1: 시트적용
A2: 1. 아파트 | B2: 체크박스 | C2: 2. 공장, 창고 | D2: 체크박스 | E2: 3. 상가, 아파트형공장 | F2: 체크박스 | G2: 4. 주택, 근린시설, 토지 등 | H2: 체크박스
A4: 사례지도
A5: 사례지도 (가져오기 버튼) | E5: 실거래가 지도 (가져오기 버튼)
A6: >> 소재지 기준으로 위치, 본건기준거래 자동 산정 및 표시 | E6: >> 실거래가 지도 => 사례 적용 선택가능하도록 | I6: 단독/다가구, 토지, 상업/업무용
A19: 사례평가
A20: 구분 | B20: 본건 감정가 | C20: 사례1 | D20: 사례2 | E20: 사레3 | F20: 사례4 | J20: 사례 로드뷰 | R20: 경매사건검색
A21: 사례구분 | C21: 낙찰, 본건낙찰, 매매,직접입력 선택 | D21: 낙찰, 본건낙찰, 매매,직접입력 선택 | E21: 낙찰, 본건낙찰, 매매,직접입력 선택 | F21: 낙찰, 본건낙찰, 매매,직접입력 선택 | J21: 사례1 | M21: 사례2 | R21: 사례1 | V21: 사례2
A22: 경매사건번호 | B22: =#REF! -> #REF! | C22: 추천정보 | D22: 추천정보 | E22: 추천정보 | F22: 추천정보
A23: 낙찰일자 | C23: 45712 | D23: 45594 | E23: 45712 | F23: 45594
A24: 용도 | B24: =#REF! -> #REF! | C24: 아파트 | D24: 아파트 | E24: 아파트 | F24: 아파트
A25: 소재지 | B25: =#REF!&" "&#REF! -> #REF! | C25: 대연동 245-137, 신원아파트 101동 5층 504호 | D25: 대연동 245-137, 신원아파트 101동 12층 1206호 | E25: 대연동 245-137, 신원아파트 101동 5층 504호 | F25: 대연동 245-137, 신원아파트 101동 12층 1206호
A26: 토지면적(평) | B26: =#REF! -> #REF! | C26: 9.49 | D26: 15.11 | E26: 9.49 | F26: 15.11
A27: 건물연면적(평) | B27: =#REF! -> #REF! | C27: 25.694 | D27: 40.83 | E27: 25.694 | F27: 40.83
A28: 보존등기일 | B28: 35698 | C28: 36875 | D28: 36875
A29: 사용승인일 | G29: <<건축물 대장 정보 | J29: 사례3 | M29: 사례4
A30: 법사가 | B30: =SUM(B31:B32) -> #REF! | C30: =SUM(C31:C32) -> 246000000 | D30: =SUM(D31:D32) -> 302000000
A31: 토지 | B31: =#REF! -> #REF! | C31: 98000000 | D31: 120800000
A32: 건물 | B32: =IF(#REF!=0,#REF!,#REF!) -> #REF! | C32: 148000000 | D32: 181200000
A33: 제시외
A34: 감평기준일자 | B34: =#REF! -> #REF! | C34: 45226 | D34: 45146
A35: 평당감정가(토지) | B35: =IFERROR(B31/B26,0) -> 0 | C35: =IFERROR(C31/C26,0) -> 10326660 | D35: =IFERROR(D31/D26,0) -> 7994705.5
A36: 평당감정가(건물) | B36: =IFERROR(B32/B27,0) -> 0 | C36: =IFERROR(C32/C27,0) -> 5760099.6 | D36: =IFERROR(D32/D27,0) -> 4437913.3
A37: 토지평당법사가* | B37: =IFERROR(B30/B26,0) -> 0 | C37: =IFERROR(C30/C26,0) -> 25922023 | D37: =IFERROR(D30/D26,0) -> 19986764
A38: 건물평당법사가* | B38: =IFERROR(B30/B27,0) -> 0 | C38: =IFERROR(C30/C27,0) -> 9574219.7 | D38: =IFERROR(D30/D27,0) -> 7396522.2
A39: 낙찰가액 | B39: =B67 -> 0 | C39: 175100000 | D39: 193288888 | E39: 175100000 | F39: 193288888
A40: 낙찰가율 | B40: =B39/B30 -> #REF! | C40: =C39/C30 -> 0.71178862 | D40: =D39/D30 -> 0.64002943
A41: 낙찰회차 | B41: =B104 -> 0 | C41: 3 | D41: 3
A42: 평당낙찰가(토지) | B42: =IFERROR((B31*B40)/B26,0) -> 0 | C42: =IFERROR((C31*C40)/C26,0) -> 7350398.8 | D42: =IFERROR((D31*D40)/D26,0) -> 5116846.8 | E42: =IFERROR((E31*E40)/E26,0) -> 0 | F42: =IFERROR((F31*F40)/F26,0) -> 0
A43: 평당낙찰가(건물) | B43: =IFERROR((B32*B40)/B27,0) -> 0 | C43: =IFERROR((C32*C40)/C27,0) -> 4099973.4 | D43: =IFERROR((D32*D40)/D27,0) -> 2840395.1 | E43: =IFERROR((E32*E40)/E27,0) -> 0 | F43: =IFERROR((F32*F40)/F27,0) -> 0
A44: 토지평당낙찰가** | B44: =IFERROR(B39/B26,0) -> 0 | C44: =IFERROR(C39/C26,0) -> 18451001 | D44: =IFERROR(D39/D26,0) -> 12792117 | E44: =IFERROR(E39/E26,0) -> 18451001 | F44: =IFERROR(F39/F26,0) -> 12792117
A45: 건물평당낙찰가** | B45: =IFERROR(B39/B27,0) -> 0 | C45: =IFERROR(C39/C27,0) -> 6814820.6 | D45: =IFERROR(D39/D27,0) -> 4733991.9 | E45: =IFERROR(E39/E27,0) -> 6814820.6 | F45: =IFERROR(F39/F27,0) -> 4733991.9
A46: 토지단가
A47: 건물단가 | B47: =B49/B23 -> #REF! | C47: =C49/C23 -> #VALUE! | D47: =D49/D23 -> #VALUE! | E47: =E49/E23 -> #VALUE! | F47: =F49/F23 -> #VALUE!
A48: 토지 거래분 | B48: =B46*B22 -> #REF! | C48: =C46*C22 -> #VALUE! | D48: =D46*D22 -> #VALUE! | E48: =E46*E22 -> #VALUE! | F48: =F46*F22 -> #VALUE!
A49: 건물 거래분 | B49: =B38-B48-B50-#REF! -> #REF! | C49: =C38-C48-C50 -> #VALUE! | D49: =D38-D48-D50 -> #VALUE! | E49: =E38-E48-E50 -> #VALUE! | F49: =F38-F48-F50 -> #VALUE!
A50: 제시외 거래분 | B50: 0 | C50: 0 | D50: 0 | E50: 0 | F50: 0
A51: 토지건물대비
A52: 낙찰가율 | B52: =B39/(B31+B32) -> #REF! | C52: =C39/(C31+C32) -> 0.71178862 | D52: =D39/(D31+D32) -> 0.64002943
A53: 용적율 | B53: =B27/B26 -> #REF! | C53: =C27/C26 -> 2.7074816 | D53: =D27/D26 -> 2.702184 | E53: =E27/E26 -> 2.7074816 | F53: =F27/F26 -> 2.702184
A54: 2등 입찰가 | C54: 161000000
A55: 사례 비고 사항
A57: 낙찰통계
A58: 지역통계 | B58: 부산 | D58: 부산 | F58: 부산 | H58: 적용낙찰가율
B59: 낙찰가율 | C59: 낙찰건수 | D59: 낙찰가율 | E59: 낙찰건수 | F59: 낙찰가율 | G59: 낙찰건수
A60: 1년 평균
A61: 6개월 평균 | H61: 10건이상 평균
A62: 3개월 평균
A64: 부동산명 | B64: 연락처 | C64: 탐문내역
A69: 평가결과
A70: 시나리오1 | B70: 평가액 | C70: =F75-G70 -> 0 | D70: 평가 사유 | E70: 낙찰사례 적용 | F70: 저감반영액
A71: 구분 | B71: 감정가 | C71: 면적 | D71: 평당감정가 | E71: 평당 평가액 | F71: 평가액 | G71: 낙찰가율 | H71: 토지평당낙찰가 | I71: 건물평당 낙찰가
A72: 토지
A73: 토지(법면, 도로 등)
A74: 건물
A75: Total
A76: 시나리오2 | B76: 평가액 | C76: =F81-G76 -> 0 | D76: 평가 사유 | E76: 낙찰사례 적용 | F76: 저감반영액
A77: 구분 | B77: 감정가 | C77: 면적 | D77: 평당감정가 | E77: 평당 평가액 | F77: 평가액 | G77: 낙찰가율 | H77: 토지평당낙찰가 | I77: 건물평당 낙찰가
A78: 토지
A79: 토지(법면, 도로 등)
A80: 건물
A81: Total

Sheet 경매일정(Ⅶ)
A1: 평가결과
A2: 구분 | B2: 낙찰가액 | C2: 낙찰가율 | D2: 토지평당낙찰가 | E2: 건물평당 낙찰가 | F2: 평가 사유
A3: 시나리오 1 | B3: 280000000 | C3: =B3/$B$200 -> #DIV/0! | D3: =B3/#REF! -> #REF! | E3: =B3/#REF! -> #REF! | F3: 낙찰사례 적용
A4: 시나리오 2 | B4: 290000000 | C4: =B4/$B$200 -> #DIV/0! | D4: =B4/#REF! -> #REF! | E4: =B4/#REF! -> #REF! | F4: 실거래가 적용
A6: 경매일정
A7: 경매, 공매선택 | B7: 경, 공체크 | C7: 경매신청여부 | D7: *1 | E7: 경매신청금액 | F7: *2
A9: 차주사망 | B9: 체크박스 | C9: 대위등기여부 | D9: 차주사망 아닌경우 n/a, 차주사망인경우 주황생 체크박스 | E9: 대위등기주체 | F9: 차주사망 아닌경우 n/a, 차주사망인경우 Loan에서 대위등기 체크되어 있으면 은행명 | G9: 대위등기비용 | H9: 차주사망 아닌경우 n/a, 차주사망인경우 Loan에서 대위등기 체크되어 있으면 해당금액, 없으면 추정
A10: 소유주 전입 | B10: Y,N check 박스 | C10: 대출종류 | E10: 주택담보대출 | F10: 체크박스 | G10: 최종이수일 | H10: 주택담보대출있는경우, 주택담보대출의 최종이수일, 이외 대출의 경우 가장 낮은 날 | I10: << 소유주 전입 Y 인경우
A11: 개회 | B11: 체크박스 | C11: 관할법원 | E11: 저감율
B13: 시나리오1 | F13: 시나리오2
C14: 금액 | D14: 일자 | E14: Lead Time | G14: 금액 | H14: 일자 | I14: Lead Time
A15: 경매신청 | C15: *4 | D15: *3 | E15: 0 개월 | G15: *4 | H15: *3 | I15: 0 개월
A16: 경매절차 | E16: 누적 : 0개월 | I16: 누적 : 0개월
A17: 예상 1회차 | E17: 6개월 | I17: 6개월
A18: 법사가 | E18: 누적 : 0개월 | I18: 누적 : 0개월
A19: 예상낙찰가
A20: 예상낙찰회차 | E20: 1개월
A21: 최저 낙찰가율 | E21: 누적 : 개월
A22: 최저 법사가
A23: 경매수수료 및 제세
A24: 낙찰후 배당가능재원
A25: 선순위금액
A26: 선순위차감후 배당가능재원
A27: Loan cap
A28: Loan cap 2
A29: Mortgage cap
A30: Cap 반영 배당액
A31: 가산 : 예납경매수수료 회수 | E31: 0 개월 | I31: 0 개월
A32: 배당 회수가능액 | E32: 누적 : 0개월 | I32: 누적 : 0개월
A34: 경매예납금액 예상(UAMCO경매개시) | F34: 경매예납금액 예상(UAMCO경매개시)
A35: 1. 신문공고료 | B35: =경매비용기초DATA!F8 -> 220000 | C35: =#REF! -> #REF! | E35: 경매회수 * 단가 | F35: 1. 신문공고료 | G35: =경매비용기초DATA!P4*H35 -> #REF! | H35: =#REF! -> #REF! | J35: 경매회수 * 단가
A36: 2. 현황조사수수료 | B36: =경매비용기초DATA!L8 -> 70000 | C36: 자동계산 | D36: 물건수 key-in | E36: 감정건수 * 단가 | F36: 2. 현황조사수수료 | G36: =경매비용기초DATA!V4*H36 -> #VALUE! | H36: 자동계산 | I36: 물건수 key-in | J36: 감정건수 * 단가
A37: 3. 경매매각수수료 | B37: 2175118 | D37: 낙찰액기준 | E37: 산식, 매각액기준 | F37: 3. 경매매각수수료 | G37: 2175118 | I37: 낙찰액기준 | J37: 산식, 매각액기준
A38: 4. 감정수수료 | B38: 375200 | E38: 산식, 감정액기준 | F38: 4. 감정수수료 | G38: 375200 | J38: 산식, 감정액기준
A39: 5. 송달수수료 | C39: 등기부등본상 중복제외 관계자+1 | D39: 채권자수 key-in | E39: 채무자/채권자수 | F39: 5. 송달수수료 | G39: =(H39+경매비용기초DATA!N33)*경매비용기초DATA!N34*경매비용기초DATA!N35 -> #VALUE! | H39: 등기부등본상 중복제외 관계자+1 | I39: 채권자수 key-in | J39: 채무자/채권자수
A40: 6. 경매신청 등록/교육세 | B40: =청구금액*경매비용기초DATA!L39 -> #NAME? | E40: 산식, 경매신청액 | F40: 6. 경매신청 등록/교육세 | G40: =청구금액*경매비용기초DATA!V35 -> #NAME? | J40: 산식, 경매신청액
A41: 7. 기타비용 | B41: 5000 | F41: 7. 기타비용 | G41: 5000
B42: =SUM(B35:B41) -> #NAME? | G42: =SUM(G35:G41) -> #REF!
A43: 부대비용율 가산 | B43: 0.1 | F43: 부대비용율 가산 | G43: 0.1
B44: =B42*(1+B43) -> #NAME? | G44: =G42*(1+G43) -> #REF!
A46: 경매예납금액 회수액 추정 | F46: 경매예납금액 회수액 추정
A47: 실제납입한 경매예납금액 | B47: 경매비용 체크된 금액 | F47: 실제납입한 경매예납금액 | G47: =#REF! -> #REF!
A48: 예납금액수수료 회수비율 | B48: 0.9 | F48: 예납금액수수료 회수비율 | G48: 0.9
B49: =B47*B48 -> #VALUE! | G49: =G47*G48 -> #REF!
A50: → 해당 물건 관련 여신성가지급금으로 실제 지급한 금액 | F50: → 해당 물건 관련 여신성가지급금으로 실제 지급한 금액
A51: *3자경매신청, 중복경매신청일때만 표시 | F51: *3자경매신청, 중복경매신청일때만 표시
A52: 3자선행경매신청 | C52: 중복경매신청 | F52: 3자선행경매신청 | H52: 중복경매신청
A53: 3자경매신청금액 | B53: 0 | C53: 중복경매신청금액 | D53: 0 | F53: 3자경매신청금액 | G53: 0 | H53: 중복경매신청금액 | I53: 0
A54: 1. 신문공고료 | B54: =IF(B53=0,0,B35) -> 0 | C54: 1. 신문공고료 | D54: =IF(D53=0,0,C35) -> 0 | F54: 1. 신문공고료 | G54: =IF(G53=0,0,G35) -> 0 | H54: 1. 신문공고료 | I54: =IF(I53=0,0,H35) -> 0
A55: 2. 현황조사수수료 | B55: 0 | C55: 2. 현황조사수수료 | D55: 0 | F55: 2. 현황조사수수료 | G55: 0 | H55: 2. 현황조사수수료 | I55: 0
A56: 3. 경매매각수수료 | B56: =IF(B53=0,0,B37) -> 0 | C56: 3. 경매매각수수료 | D56: =IF(D53=0,0,C37) -> 0 | F56: 3. 경매매각수수료 | G56: =IF(G53=0,0,G37) -> 0 | H56: 3. 경매매각수수료 | I56: =IF(I53=0,0,H37) -> 0
A57: 4. 감정수수료 | B57: 0 | C57: 4. 감정수수료 | D57: 0 | F57: 4. 감정수수료 | G57: 0 | H57: 4. 감정수수료 | I57: 0
A58: 5. 송달수수료 | B58: =IF(B53=0,0,B39) -> 0 | C58: 5. 송달수수료 | D58: =IF(D53=0,0,C39) -> 0 | F58: 5. 송달수수료 | G58: =IF(G53=0,0,G39) -> 0 | H58: 5. 송달수수료 | I58: =IF(I53=0,0,H39) -> 0
A59: 6. 경매신청 등록/교육세 | B59: 0 | C59: 6. 경매신청 등록/교육세 | D59: 0 | F59: 6. 경매신청 등록/교육세 | G59: 0 | H59: 6. 경매신청 등록/교육세 | I59: 0
A60: 7. 기타비용 | B60: =IF(B53=0,0,B41) -> 0 | C60: 7. 기타비용 | D60: =IF(D53=0,0,A52) -> 0 | F60: 7. 기타비용 | G60: =IF(G53=0,0,G41) -> 0 | H60: 7. 기타비용 | I60: =IF(I53=0,0,F52) -> 0
B61: =SUM(B54:B60) -> 0 | D61: =SUM(D54:D60) -> 0 | G61: =SUM(G54:G60) -> 0 | I61: =SUM(I54:I60) -> 0
A64: *1 | B64: 경매개시예정 | C64: 경매개시되지 않은사건
B65: 경매개시결정 | C65: 본 근저당권에 의해 선행 경매개시결정된경우
B66: 3자경매신청 | C66: 타 근저당권에의해 경매개시된 경우
B67: 중복경매신청 | C67: 본 근저당권외 후행 경매개시결정된경우
A69: *2 | B69: 경매개시예정 | C69: 본 근저당권 금액
B70: 경매개시결정 | C70: 선행 경매청구금액
B71: 3자경매신청 | C71: 선행 경매청구금액
B72: 중복경매신청 | C72: 선행 경매청구금액
A74: *3 | B74: 경매개시예정 | C74: adate | D74: max Lead time | E74: Lead time | F74: 차주사망 | G74: 6
F75: 개회 | G75: 6
F76: 차주거주 | G76: 경매미개시 | H76: 주택담보대출 | I76: max((최종이수일+9)-adate),0)
G77: 경매미개시 | H77: 주택담보대출 외 | I77: max((최종이수일+8)-adate),0)
B78: 경매개시결정 | C78: 선행경매개시결정일
B79: 3자경매신청 | C79: adate
B80: 중복경매신청 | C80: 선행경매개시결정일
A82: *4 | B82: 경매개시예정 | C82: 추정금액
B83: 경매개시결정 | C83: 0
B84: 3자경매신청 | C84: 추정금액
B85: 중복경매신청 | C85: 0
A87: < 경매일정 기본 세팅>
A88: 2025.09.15 기준
B89: 1. 신문공고료 | F89: 220000
B91: 3. 매각수수료:매각대금기준(통상 청구금액기준)
B93: 과표범위 | E93: 비율 | F93: 기본누적금액
B94: 0 | C94: ~ | D94: 100000 | F94: 5000
B95: 100000 | C95: ~ | D95: 10000000 | E95: 0.02 | F95: 5000
B96: =D95 -> 10000000 | C96: ~ | D96: 50000000 | E96: 0.015 | F96: =F95+(D95-B95)*E95 -> 203000
B97: =D96 -> 50000000 | C97: ~ | D97: 100000000 | E97: 0.01 | F97: =F96+(D96-B96)*E96 -> 803000
B98: =D97 -> 100000000 | C98: ~ | D98: 300000000 | E98: 0.005 | F98: =F97+(D97-B97)*E97 -> 1303000
B99: =D98 -> 300000000 | C99: ~ | D99: 500000000 | E99: 0.003 | F99: =F98+(D98-B98)*E98 -> 2303000
B100: =D99 -> 500000000 | C100: ~ | D100: 1000000000 | E100: 0.002 | F100: =F99+(D99-B99)*E99 -> 2903000
B101: =D100 -> 1000000000 | C101: ~ | F101: =F100+(D100-B100)*E100 -> 3903000
B103: 4. 감정수수료:평가금액기준 | E103: 11925000000 | S103: 감정평가료 합계
S104: =SUM(P104:R104) -> 0
B105: <토지, 일반건물(아파트 제외), 선박(광업권, 어업권 등) 일반감정의 경우> | S105: =SUM(P105:R105) -> 0
B106: 과표범위 | E106: 감정평가수수료 | F106: 실비 | G106: 부가가치세 | S106: =SUM(P106:R106) -> 0
B107: 0 | C107: ~ | D107: 197727272 | E107: 290000 | F107: 48000 | G107: =(E107+F107)*0.1 -> 33800 | S107: =SUM(P107:R107) -> 0
B108: =D107 -> 197727272 | C108: ~ | D108: 200000000 | E108: =(200000+($E$103-50000000)*11/10000)*0.8 -> 10610000 | F108: 48000 | G108: =(E108+F108)*0.1 -> 1065800 | S108: =SUM(P108:R108) -> 0
B109: =D108 -> 200000000 | C109: ~ | D109: 500000000 | E109: =(200000+($E$103-50000000)*11/10000)*0.8 -> 10610000 | F109: 88000 | G109: =(E109+F109)*0.1 -> 1069800 | S109: =SUM(P109:R109) -> 0
B110: =D109 -> 500000000 | C110: ~ | D110: 1000000000 | E110: =(695000+($E$103-500000000)*9/10000)*0.8 -> 8782000 | F110: 88000 | G110: =(E110+F110)*0.1 -> 887000 | S110: =SUM(P110:R110) -> 0
B111: =D110 -> 1000000000 | C111: ~ | D111: 5000000000 | E111: =(1145000+($E$103-1000000000)*8/10000)*0.8 -> 7908000 | F111: 88000 | G111: =(E111+F111)*0.1 -> 799600 | S111: =SUM(P111:R111) -> 0
B112: =D111 -> 5000000000 | C112: ~ | D112: 10000000000 | E112: =(4345000+($E$103-5000000000)*7/10000)*0.8 -> 7354000 | F112: 88000 | G112: =(E112+F112)*0.1 -> 744200
B113: =D112 -> 10000000000 | C113: ~ | D113: 11925000000 | E113: =(7845000+($E$103-10000000000)*6/10000)*0.8 -> 7200000 | F113: 88000 | G113: =(E113+F113)*0.1 -> 728800
B114: =D113 -> 11925000000 | C114: ~ | E114: 7200000 | F114: 88000 | G114: =(E114+F114)*0.1 -> 728800
...

Sheet 공매일정(Ⅷ)
A1: 평가결과
A2: 구분 | B2: 낙찰가액 | C2: 낙찰가율 | D2: 토지평당낙찰가 | E2: 건물평당 낙찰가 | F2: 평가 사유
A3: 시나리오 1 | B3: 280000000 | C3: =B3/$B$229 -> #DIV/0! | D3: =B3/#REF! -> #REF! | E3: =B3/#REF! -> #REF! | F3: 낙찰사례 적용
A4: 시나리오 2 | B4: 290000000 | C4: =B4/$B$229 -> #DIV/0! | D4: =B4/#REF! -> #REF! | E4: =B4/#REF! -> #REF! | F4: 실거래가 적용
A7: 대금 회수 | B7: 1안 | D7: 2안 | F7: 비고
B8: 일자 | C8: 금액 | D8: 일자 | E8: 금액
A9: 수익자변경비용 | B9: 공매개시일 | C9: 입력 | D9: =B9 -> 공매개시일 | E9: 입력 | G9: 신탁계약 특약확인하여 금액 기재 후 별도 요청 시 반영
A10: 추정낙찰액 | C10: =B2 -> 낙찰가액 | E10: =C2 -> 낙찰가율
A11: 선순위차감 | C11: =-#REF! -> #REF! | E11: =-#REF! -> #REF! | G11: 선순위 참고
A12: 공매비용 | C12: =C29 -> #REF! | E12: =D29 -> #REF!
A13: 환가처분 보수 | C13: =C34 -> 0 | E13: =D34 -> 0
A14: 배당가능액-안분전 | C14: =SUM(C10:C13) -> #REF! | E14: =SUM(E10:E13) -> #REF!
A15: 타채권자 배분 | C15: =-SUM(#REF!) -> #REF! | E15: =-SUM(#REF!) -> #REF!
A16: 배당가능액-안분후 | C16: =SUM(C14:C15) -> #REF! | E16: =SUM(E14:E15) -> #REF!
A17: LoanCap | C17: 0 | E17: 0
A18: LoanCap 2
A19: MortgageCap | C19: 0 | E19: =C19 -> 0
A20: Cap반영배당액 | B20: =EOMONTH(B9,12) -> #VALUE! | C20: =MIN(C16:C19) -> #REF! | D20: =EOMONTH(D9,12) -> #VALUE! | E20: =MIN(E16:E19) -> #REF!
A22: 회수가능액 | B22: =B20 -> #VALUE! | C22: =C20+C21 -> #REF! | D22: =D20 -> #VALUE! | E22: =E20+E21 -> #REF!
G24: * 공매Lead time | H24: 11
A25: 공매비용 | F25: Lead time 추정 | G25: * 공매 저감율 | H25: 0.1
A26: 구분 | B26: 기준 | C26: 1안 | D26: 2안 | F26: 회차 | G26: 날짜 | H26: 최저입찰가
A27: 온비드수수료 | B27: 낙찰가 | C27: =G79 -> 0 | D27: =G79 -> 0 | F27: 1 | G27: =EOMONTH(adate,H24) -> 46295 | H27: 1000000000 | I27: << 감정평가
A28: 감정평가료 | B28: 감정평가금액 | C28: #REF! | D28: =C28 -> #REF! | F28: 2 | G28: =G27+7 -> 46302 | H28: =H27*(1-$H$25) -> 900000000
A29: 합계 | C29: =SUM(C27:C28) -> #REF! | D29: =SUM(D27:D28) -> #REF! | F29: 3 | G29: =G28+7 -> 46309 | H29: =H28*(1-$H$25) -> 810000000
F30: 4 | G30: =G29+7 -> 46316 | H30: =H29*(1-$H$25) -> 729000000
A31: 환가처분보수 | F31: 5 | G31: =G30+7 -> 46323 | H31: =H30*(1-$H$25) -> 656100000
A32: 구분 | C32: 1안 | D32: 2안 | F32: 6 | G32: =G31+7 -> 46330 | H32: =H31*(1-$H$25) -> 590490000
A33: 예상매각가 | C33: =C10 -> 낙찰가액 | D33: =E10 -> 낙찰가율 | F33: 7 | G33: =G32+7 -> 46337 | H33: =H32*(1-$H$25) -> 531441000
A34: 환가처분보수 | D34: =C34 -> 0 | F34: 8 | G34: =G33+7 -> 46344 | H34: =H33*(1-$H$25) -> 478296900
F35: 9 | G35: =G34+7 -> 46351 | H35: =H34*(1-$H$25) -> 430467210
A36: 타채권자 배분 | F36: 10 | G36: =G35+7 -> 46358 | H36: =H35*(1-$H$25) -> 387420489
A37: 우선수익자 | B37: 기준(대출금액, 우선수익한도금액 선택) | C37: 비율 | D37: 1안 | E37: 2안 | F37: 11 | G37: =G36+7 -> 46365 | H37: =H36*(1-$H$25) -> 3.4867844e+08
A38: 입력 | C38: =B38/$B$40 -> #DIV/0! | D38: 낙찰가액* 비율 | E38: 낙찰가액* 비율 | F38: 12 | G38: =G37+7 -> 46372 | H38: =H37*(1-$H$25) -> 3.138106e+08
A39: 입력 | C39: =B39/$B$40 -> #DIV/0! | D39: 낙찰가액* 비율 | E39: =D39 -> 낙찰가액* 비율 | F39: 13 | G39: =G38+7 -> 46379 | H39: =H38*(1-$H$25) -> 2.8242954e+08
A40: 합계 | B40: =SUM(B38:B39) -> 0 | C40: =SUM(C38:C39) -> #DIV/0! | D40: =C10 -> 낙찰가액 | E40: =E10 -> 낙찰가율 | F40: 14 | G40: =G39+7 -> 46386 | H40: =H39*(1-$H$25) -> 2.5418658e+08
F41: 15 | G41: =G40+7 -> 46393 | H41: =H40*(1-$H$25) -> 2.2876792e+08
F42: 16 | G42: =G41+7 -> 46400 | H42: =H41*(1-$H$25) -> 2.0589113e+08
F43: 17 | G43: =G42+7 -> 46407 | H43: =H42*(1-$H$25) -> 1.8530202e+08
F44: 18 | G44: =G43+7 -> 46414 | H44: =H43*(1-$H$25) -> 1.6677182e+08
F45: 19 | G45: =G44+7 -> 46421 | H45: =H44*(1-$H$25) -> 1.5009464e+08
F46: 20 | G46: =G45+7 -> 46428 | H46: =H45*(1-$H$25) -> 1.3508517e+08
F47: 21 | G47: =G46+7 -> 46435 | H47: =H46*(1-$H$25) -> 1.2157665e+08
F48: 22 | G48: =G47+7 -> 46442 | H48: =H47*(1-$H$25) -> 1.0941899e+08

Sheet 현금흐름 집계(Ⅸ)
A1: SHB-2025-3_B
M2: 0 | N2: =M2+1 -> 1 | O2: =N2+1 -> 2 | P2: =O2+1 -> 3 | Q2: =P2+1 -> 4 | R2: =Q2+1 -> 5 | S2: =R2+1 -> 6 | T2: =S2+1 -> 7 | U2: =T2+1 -> 8 | ... EC2: =EB2+1 -> 120
A3: 차주No | B3: 차주명 | C3: Key | D3: 시나리오 | E3: Description | F3: Rate | G3: OPB | H3: 할인율 | I3: 연체이자율 | J3: Loan cap 여부 | K3: XNPV | L3: SUM | M3: 45930 | N3: 45961 | O3: 45991 | P3: 46022 | Q3: 46053 | R3: 46081 | S3: 46112 | T3: 46142 | U3: 46173 | V3: 46203 | W3: 46234 | X3: 46265 | Y3: 46295 | Z3: 46326 | AA3: 46356 | AB3: 46387 | AC3: 46418 | AD3: 46446 | AE3: 46477 | AF3: 46507 | AG3: 46538 | AH3: 46568 | AI3: 46599 | AJ3: 46630 | AK3: 46660 | AL3: 46691 | AM3: 46721 | AN3: 46752 | AO3: 46783 | AP3: 46812 | AQ3: 46843 | AR3: 46873 | AS3: 46904 | AT3: 46934 | AU3: 46965 | AV3: 46996 | AW3: 47026 | AX3: 47057 | AY3: 47087 | AZ3: 47118 | BA3: 47149 | BB3: 47177 | BC3: 47208 | BD3: 47238 | BE3: 47269 | BF3: 47299 | BG3: 47330 | BH3: 47361 | BI3: 47391 | BJ3: 47422 | BK3: 47452 | BL3: 47483 | BM3: 47514 | BN3: 47542 | BO3: 47573 | BP3: 47603 | BQ3: 47634 | BR3: 47664 | BS3: 47695 | BT3: 47726 | BU3: 47756 | BV3: 47787 | BW3: 47817 | BX3: 47848 | BY3: 47879 | BZ3: 47907 | CA3: 47938 | CB3: 47968 | CC3: 47999 | CD3: 48029 | CE3: 48060 | CF3: 48091 | CG3: 48121 | CH3: 48152 | CI3: 48182 | CJ3: 48213 | CK3: 48244 | CL3: 48273 | CM3: 48304 | CN3: 48334 | CO3: 48365 | CP3: 48395 | CQ3: 48426 | CR3: 48457 | CS3: 48487 | CT3: 48518 | CU3: 48548 | CV3: 48579 | CW3: 48610 | CX3: 48638 | CY3: 48669 | CZ3: 48699 | DA3: 48730 | DB3: 48760 | DC3: 48791 | DD3: 48822 | DE3: 48852 | DF3: 48883 | DG3: 48913 | DH3: 48944 | DI3: 48975 | DJ3: 49003 | DK3: 49034 | DL3: 49064 | DM3: 49095 | DN3: 49125 | DO3: 49156 | DP3: 49187 | DQ3: 49217 | DR3: 49248 | DS3: 49278 | DT3: 49309 | DU3: 49340 | DV3: 49368 | DW3: 49399 | DX3: 49429 | DY3: 49460 | DZ3: 49490 | EA3: 49521 | EB3: 49552 | EC3: 49582
A4: R-038 | B4: 손명갑 | C4: R-038-1안 | D4: 1안 | E4: 낙찰사례 평가 | F4: 0.80650943 | G4: 770888100 | H4: 0.12 | I4: 0.061296078 | J4: N/A | K4: 6.2172852e+08 | L4: 6.8987991e+08 | M4: 0 | N4: 0 | O4: 0 | P4: 0 | Q4: 0 | R4: 0 | S4: 0 | T4: 0 | U4: 0 | V4: 0 | W4: 0 | X4: 6.8987991e+08 | Y4: 0 | Z4: 0 | AA4: 0 | AB4: 0 | AC4: 0 | AD4: 0 | AE4: 0 | AF4: 0 | AG4: 0 | AH4: 0 | AI4: 0 | AJ4: 0 | AK4: 0 | AL4: 0 | AM4: 0 | AN4: 0 | AO4: 0 | AP4: 0 | AQ4: 0 | AR4: 0 | AS4: 0 | AT4: 0 | AU4: 0 | AV4: 0 | AW4: 0 | AX4: 0 | AY4: 0 | AZ4: 0 | BA4: 0 | BB4: 0 | BC4: 0 | BD4: 0 | BE4: 0 | BF4: 0 | BG4: 0 | BH4: 0 | BI4: 0 | BJ4: 0 | BK4: 0 | BL4: 0 | BM4: 0 | BN4: 0 | BO4: 0 | BP4: 0 | BQ4: 0 | BR4: 0 | BS4: 0 | BT4: 0 | BU4: 0 | BV4: 0 | BW4: 0 | BX4: 0 | BY4: 0 | BZ4: 0 | CA4: 0 | CB4: 0 | CC4: 0 | CD4: 0 | CE4: 0 | CF4: 0 | CG4: 0 | CH4: 0 | CI4: 0 | CJ4: 0 | CK4: 0 | CL4: 0 | CM4: 0 | CN4: 0 | CO4: 0 | CP4: 0 | CQ4: 0 | CR4: 0 | CS4: 0 | CT4: 0 | CU4: 0 | CV4: 0 | CW4: 0 | CX4: 0 | CY4: 0 | CZ4: 0 | DA4: 0 | DB4: 0 | DC4: 0 | DD4: 0 | DE4: 0 | DF4: 0 | DG4: 0 | DH4: 0 | DI4: 0 | DJ4: 0 | DK4: 0 | DL4: 0 | DM4: 0 | DN4: 0 | DO4: 0 | DP4: 0 | DQ4: 0 | DR4: 0 | DS4: 0 | DT4: 0 | DU4: 0 | DV4: 0 | DW4: 0 | DX4: 0 | DY4: 0 | DZ4: 0 | EA4: 0 | EB4: 0 | EC4: 0
A5: R-038 | B5: 손명갑 | C5: R-038-2안 | D5: 2안 | E5: 부동산 탐문 적용 | F5: 0.88618415 | G5: 770888100 | H5: 0.12 | I5: 0.061296078 | J5: N/A | K5: 6.8314882e+08 | L5: 7.5803285e+08 | M5: 0 | N5: 0 | O5: 0 | P5: 0 | Q5: 0 | R5: 0 | S5: 0 | T5: 0 | U5: 0 | V5: 0 | W5: 0 | X5: 7.5803285e+08 | Y5: 0 | Z5: 0 | AA5: 0 | AB5: 0 | AC5: 0 | AD5: 0 | AE5: 0 | AF5: 0 | AG5: 0 | AH5: 0 | AI5: 0 | AJ5: 0 | AK5: 0 | AL5: 0 | AM5: 0 | AN5: 0 | AO5: 0 | AP5: 0 | AQ5: 0 | AR5: 0 | AS5: 0 | AT5: 0 | AU5: 0 | AV5: 0 | AW5: 0 | AX5: 0 | AY5: 0 | AZ5: 0 | BA5: 0 | BB5: 0 | BC5: 0 | BD5: 0 | BE5: 0 | BF5: 0 | BG5: 0 | BH5: 0 | BI5: 0 | BJ5: 0 | BK5: 0 | BL5: 0 | BM5: 0 | BN5: 0 | BO5: 0 | BP5: 0 | BQ5: 0 | BR5: 0 | BS5: 0 | BT5: 0 | BU5: 0 | BV5: 0 | BW5: 0 | BX5: 0 | BY5: 0 | BZ5: 0 | CA5: 0 | CB5: 0 | CC5: 0 | CD5: 0 | CE5: 0 | CF5: 0 | CG5: 0 | CH5: 0 | CI5: 0 | CJ5: 0 | CK5: 0 | CL5: 0 | CM5: 0 | CN5: 0 | CO5: 0 | CP5: 0 | CQ5: 0 | CR5: 0 | CS5: 0 | CT5: 0 | CU5: 0 | CV5: 0 | CW5: 0 | CX5: 0 | CY5: 0 | CZ5: 0 | DA5: 0 | DB5: 0 | DC5: 0 | DD5: 0 | DE5: 0 | DF5: 0 | DG5: 0 | DH5: 0 | DI5: 0 | DJ5: 0 | DK5: 0 | DL5: 0 | DM5: 0 | DN5: 0 | DO5: 0 | DP5: 0 | DQ5: 0 | DR5: 0 | DS5: 0 | DT5: 0 | DU5: 0 | DV5: 0 | DW5: 0 | DX5: 0 | DY5: 0 | DZ5: 0 | EA5: 0 | EB5: 0 | EC5: 0
A6: R-048 | B6: 윤정희 | C6: R-048-1안 | D6: 1안 | E6: 매매사례 반영 | F6: 0.83768734 | G6: 696955700 | H6: 0.12 | I6: 0.044252174 | J6: N/A | K6: 5.8383096e+08 | L6: 6.6118619e+08 | M6: -7424111.5 | N6: 0 | O6: 0 | P6: 0 | Q6: 0 | R6: 0 | S6: 0 | T6: 0 | U6: 0 | V6: 0 | W6: 0 | X6: 0 | Y6: 0 | Z6: 6.686103e+08 | AA6: 0 | AB6: 0 | AC6: 0 | AD6: 0 | AE6: 0 | AF6: 0 | AG6: 0 | AH6: 0 | AI6: 0 | AJ6: 0 | AK6: 0 | AL6: 0 | AM6: 0 | AN6: 0 | AO6: 0 | AP6: 0 | AQ6: 0 | AR6: 0 | AS6: 0 | AT6: 0 | AU6: 0 | AV6: 0 | AW6: 0 | AX6: 0 | AY6: 0 | AZ6: 0 | BA6: 0 | BB6: 0 | BC6: 0 | BD6: 0 | BE6: 0 | BF6: 0 | BG6: 0 | BH6: 0 | BI6: 0 | BJ6: 0 | BK6: 0 | BL6: 0 | BM6: 0 | BN6: 0 | BO6: 0 | BP6: 0 | BQ6: 0 | BR6: 0 | BS6: 0 | BT6: 0 | BU6: 0 | BV6: 0 | BW6: 0 | BX6: 0 | BY6: 0 | BZ6: 0 | CA6: 0 | CB6: 0 | CC6: 0 | CD6: 0 | CE6: 0 | CF6: 0 | CG6: 0 | CH6: 0 | CI6: 0 | CJ6: 0 | CK6: 0 | CL6: 0 | CM6: 0 | CN6: 0 | CO6: 0 | CP6: 0 | CQ6: 0 | CR6: 0 | CS6: 0 | CT6: 0 | CU6: 0 | CV6: 0 | CW6: 0 | CX6: 0 | CY6: 0 | CZ6: 0 | DA6: 0 | DB6: 0 | DC6: 0 | DD6: 0 | DE6: 0 | DF6: 0 | DG6: 0 | DH6: 0 | DI6: 0 | DJ6: 0 | DK6: 0 | DL6: 0 | DM6: 0 | DN6: 0 | DO6: 0 | DP6: 0 | DQ6: 0 | DR6: 0 | DS6: 0 | DT6: 0 | DU6: 0 | DV6: 0 | DW6: 0 | DX6: 0 | DY6: 0 | DZ6: 0 | EA6: 0 | EB6: 0 | EC6: 0
A7: R-048 | B7: 윤정희 | C7: R-048-2안 | D7: 2안 | E7: 부동산탐문 반영 | F7: 0.88781336 | G7: 696955700 | H7: 0.12 | I7: 0.044252174 | J7: N/A | K7: 6.1876658e+08 | L7: 7.0069251e+08 | M7: -7424111.5 | N7: 0 | O7: 0 | P7: 0 | Q7: 0 | R7: 0 | S7: 0 | T7: 0 | U7: 0 | V7: 0 | W7: 0 | X7: 0 | Y7: 0 | Z7: 7.0811663e+08 | AA7: 0 | AB7: 0 | AC7: 0 | AD7: 0 | AE7: 0 | AF7: 0 | AG7: 0 | AH7: 0 | AI7: 0 | AJ7: 0 | AK7: 0 | AL7: 0 | AM7: 0 | AN7: 0 | AO7: 0 | AP7: 0 | AQ7: 0 | AR7: 0 | AS7: 0 | AT7: 0 | AU7: 0 | AV7: 0 | AW7: 0 | AX7: 0 | AY7: 0 | AZ7: 0 | BA7: 0 | BB7: 0 | BC7: 0 | BD7: 0 | BE7: 0 | BF7: 0 | BG7: 0 | BH7: 0 | BI7: 0 | BJ7: 0 | BK7: 0 | BL7: 0 | BM7: 0 | BN7: 0 | BO7: 0 | BP7: 0 | BQ7: 0 | BR7: 0 | BS7: 0 | BT7: 0 | BU7: 0 | BV7: 0 | BW7: 0 | BX7: 0 | BY7: 0 | BZ7: 0 | CA7: 0 | CB7: 0 | CC7: 0 | CD7: 0 | CE7: 0 | CF7: 0 | CG7: 0 | CH7: 0 | CI7: 0 | CJ7: 0 | CK7: 0 | CL7: 0 | CM7: 0 | CN7: 0 | CO7: 0 | CP7: 0 | CQ7: 0 | CR7: 0 | CS7: 0 | CT7: 0 | CU7: 0 | CV7: 0 | CW7: 0 | CX7: 0 | CY7: 0 | CZ7: 0 | DA7: 0 | DB7: 0 | DC7: 0 | DD7: 0 | DE7: 0 | DF7: 0 | DG7: 0 | DH7: 0 | DI7: 0 | DJ7: 0 | DK7: 0 | DL7: 0 | DM7: 0 | DN7: 0 | DO7: 0 | DP7: 0 | DQ7: 0 | DR7: 0 | DS7: 0 | DT7: 0 | DU7: 0 | DV7: 0 | DW7: 0 | DX7: 0 | DY7: 0 | DZ7: 0 | EA7: 0 | EB7: 0 | EC7: 0
A8: R-071 | B8: 박철범 | C8: R-071-1안 | D8: 1안 | E8: 부동산 탐문 적용 (Loan Cap) | F8: 0.97002913 | G8: 550133350 | H8: 0.12 | I8: 0.064505332 | J8: Loan cap | K8: 5.3364537e+08 | L8: 5.9855261e+08 | M8: -7248227.9 | N8: 0 | O8: 0 | P8: 0 | Q8: 0 | R8: 0 | S8: 0 | T8: 0 | U8: 0 | V8: 0 | W8: 0 | X8: 0 | Y8: 6.0580083e+08 | Z8: 0 | AA8: 0 | AB8: 0 | AC8: 0 | AD8: 0 | AE8: 0 | AF8: 0 | AG8: 0 | AH8: 0 | AI8: 0 | AJ8: 0 | AK8: 0 | AL8: 0 | AM8: 0 | AN8: 0 | AO8: 0 | AP8: 0 | AQ8: 0 | AR8: 0 | AS8: 0 | AT8: 0 | AU8: 0 | AV8: 0 | AW8: 0 | AX8: 0 | AY8: 0 | AZ8: 0 | BA8: 0 | BB8: 0 | BC8: 0 | BD8: 0 | BE8: 0 | BF8: 0 | BG8: 0 | BH8: 0 | BI8: 0 | BJ8: 0 | BK8: 0 | BL8: 0 | BM8: 0 | BN8: 0 | BO8: 0 | BP8: 0 | BQ8: 0 | BR8: 0 | BS8: 0 | BT8: 0 | BU8: 0 | BV8: 0 | BW8: 0 | BX8: 0 | BY8: 0 | BZ8: 0 | CA8: 0 | CB8: 0 | CC8: 0 | CD8: 0 | CE8: 0 | CF8: 0 | CG8: 0 | CH8: 0 | CI8: 0 | CJ8: 0 | CK8: 0 | CL8: 0 | CM8: 0 | CN8: 0 | CO8: 0 | CP8: 0 | CQ8: 0 | CR8: 0 | CS8: 0 | CT8: 0 | CU8: 0 | CV8: 0 | CW8: 0 | CX8: 0 | CY8: 0 | CZ8: 0 | DA8: 0 | DB8: 0 | DC8: 0 | DD8: 0 | DE8: 0 | DF8: 0 | DG8: 0 | DH8: 0 | DI8: 0 | DJ8: 0 | DK8: 0 | DL8: 0 | DM8: 0 | DN8: 0 | DO8: 0 | DP8: 0 | DQ8: 0 | DR8: 0 | DS8: 0 | DT8: 0 | DU8: 0 | DV8: 0 | DW8: 0 | DX8: 0 | DY8: 0 | DZ8: 0 | EA8: 0 | EB8: 0 | EC8: 0
A9: R-071 | B9: 박철범 | C9: R-071-2안 | D9: 2안 | E9: 공시지가 적용 (Loan Cap) | F9: 0.97002913 | G9: 550133350 | H9: 0.12 | I9: 0.064505332 | J9: Loan cap | K9: 5.3364537e+08 | L9: 5.9855261e+08 | M9: -7248227.9 | N9: 0 | O9: 0 | P9: 0 | Q9: 0 | R9: 0 | S9: 0 | T9: 0 | U9: 0 | V9: 0 | W9: 0 | X9: 0 | Y9: 6.0580083e+08 | Z9: 0 | AA9: 0 | AB9: 0 | AC9: 0 | AD9: 0 | AE9: 0 | AF9: 0 | AG9: 0 | AH9: 0 | AI9: 0 | AJ9: 0 | AK9: 0 | AL9: 0 | AM9: 0 | AN9: 0 | AO9: 0 | AP9: 0 | AQ9: 0 | AR9: 0 | AS9: 0 | AT9: 0 | AU9: 0 | AV9: 0 | AW9: 0 | AX9: 0 | AY9: 0 | AZ9: 0 | BA9: 0 | BB9: 0 | BC9: 0 | BD9: 0 | BE9: 0 | BF9: 0 | BG9: 0 | BH9: 0 | BI9: 0 | BJ9: 0 | BK9: 0 | BL9: 0 | BM9: 0 | BN9: 0 | BO9: 0 | BP9: 0 | BQ9: 0 | BR9: 0 | BS9: 0 | BT9: 0 | BU9: 0 | BV9: 0 | BW9: 0 | BX9: 0 | BY9: 0 | BZ9: 0 | CA9: 0 | CB9: 0 | CC9: 0 | CD9: 0 | CE9: 0 | CF9: 0 | CG9: 0 | CH9: 0 | CI9: 0 | CJ9: 0 | CK9: 0 | CL9: 0 | CM9: 0 | CN9: 0 | CO9: 0 | CP9: 0 | CQ9: 0 | CR9: 0 | CS9: 0 | CT9: 0 | CU9: 0 | CV9: 0 | CW9: 0 | CX9: 0 | CY9: 0 | CZ9: 0 | DA9: 0 | DB9: 0 | DC9: 0 | DD9: 0 | DE9: 0 | DF9: 0 | DG9: 0 | DH9: 0 | DI9: 0 | DJ9: 0 | DK9: 0 | DL9: 0 | DM9: 0 | DN9: 0 | DO9: 0 | DP9: 0 | DQ9: 0 | DR9: 0 | DS9: 0 | DT9: 0 | DU9: 0 | DV9: 0 | DW9: 0 | DX9: 0 | DY9: 0 | DZ9: 0 | EA9: 0 | EB9: 0 | EC9: 0
A10: R-089 | B10: 김민성 | C10: R-089-1안 | D10: 1안 | E10: 낙찰사례 평가 | F10: 0.17598193 | G10: 490000000 | H10: 0.12 | I10: 0.0474 | J10: N/A | K10: 86231146 | L10: 1.024285e+08 | M10: -6985462 | N10: 0 | O10: 0 | P10: 0 | Q10: 0 | R10: 0 | S10: 0 | T10: 0 | U10: 0 | V10: 0 | W10: 0 | X10: 0 | Y10: 0 | Z10: 0 | AA10: 0 | AB10: 0 | AC10: 0 | AD10: 1.0941396e+08 | AE10: 0 | AF10: 0 | AG10: 0 | AH10: 0 | AI10: 0 | AJ10: 0 | AK10: 0 | AL10: 0 | AM10: 0 | AN10: 0 | AO10: 0 | AP10: 0 | AQ10: 0 | AR10: 0 | AS10: 0 | AT10: 0 | AU10: 0 | AV10: 0 | AW10: 0 | AX10: 0 | AY10: 0 | AZ10: 0 | BA10: 0 | BB10: 0 | BC10: 0 | BD10: 0 | BE10: 0 | BF10: 0 | BG10: 0 | BH10: 0 | BI10: 0 | BJ10: 0 | BK10: 0 | BL10: 0 | BM10: 0 | BN10: 0 | BO10: 0 | BP10: 0 | BQ10: 0 | BR10: 0 | BS10: 0 | BT10: 0 | BU10: 0 | BV10: 0 | BW10: 0 | BX10: 0 | BY10: 0 | BZ10: 0 | CA10: 0 | CB10: 0 | CC10: 0 | CD10: 0 | CE10: 0 | CF10: 0 | CG10: 0 | CH10: 0 | CI10: 0 | CJ10: 0 | CK10: 0 | CL10: 0 | CM10: 0 | CN10: 0 | CO10: 0 | CP10: 0 | CQ10: 0 | CR10: 0 | CS10: 0 | CT10: 0 | CU10: 0 | CV10: 0 | CW10: 0 | CX10: 0 | CY10: 0 | CZ10: 0 | DA10: 0 | DB10: 0 | DC10: 0 | DD10: 0 | DE10: 0 | DF10: 0 | DG10: 0 | DH10: 0 | DI10: 0 | DJ10: 0 | DK10: 0 | DL10: 0 | DM10: 0 | DN10: 0 | DO10: 0 | DP10: 0 | DQ10: 0 | DR10: 0 | DS10: 0 | DT10: 0 | DU10: 0 | DV10: 0 | DW10: 0 | DX10: 0 | DY10: 0 | DZ10: 0 | EA10: 0 | EB10: 0 | EC10: 0
A11: R-089 | B11: 김민성 | C11: R-089-2안 | D11: 2안 | E11: 매매사례 평가 | F11: 0.19511614 | G11: 490000000 | H11: 0.12 | I11: 0.0474 | J11: N/A | K11: 95606910 | L11: 1.134334e+08 | M11: -6985462 | N11: 0 | O11: 0 | P11: 0 | Q11: 0 | R11: 0 | S11: 0 | T11: 0 | U11: 0 | V11: 0 | W11: 0 | X11: 0 | Y11: 0 | Z11: 0 | AA11: 0 | AB11: 0 | AC11: 0 | AD11: 1.2041886e+08 | AE11: 0 | AF11: 0 | AG11: 0 | AH11: 0 | AI11: 0 | AJ11: 0 | AK11: 0 | AL11: 0 | AM11: 0 | AN11: 0 | AO11: 0 | AP11: 0 | AQ11: 0 | AR11: 0 | AS11: 0 | AT11: 0 | AU11: 0 | AV11: 0 | AW11: 0 | AX11: 0 | AY11: 0 | AZ11: 0 | BA11: 0 | BB11: 0 | BC11: 0 | BD11: 0 | BE11: 0 | BF11: 0 | BG11: 0 | BH11: 0 | BI11: 0 | BJ11: 0 | BK11: 0 | BL11: 0 | BM11: 0 | BN11: 0 | BO11: 0 | BP11: 0 | BQ11: 0 | BR11: 0 | BS11: 0 | BT11: 0 | BU11: 0 | BV11: 0 | BW11: 0 | BX11: 0 | BY11: 0 | BZ11: 0 | CA11: 0 | CB11: 0 | CC11: 0 | CD11: 0 | CE11: 0 | CF11: 0 | CG11: 0 | CH11: 0 | CI11: 0 | CJ11: 0 | CK11: 0 | CL11: 0 | CM11: 0 | CN11: 0 | CO11: 0 | CP11: 0 | CQ11: 0 | CR11: 0 | CS11: 0 | CT11: 0 | CU11: 0 | CV11: 0 | CW11: 0 | CX11: 0 | CY11: 0 | CZ11: 0 | DA11: 0 | DB11: 0 | DC11: 0 | DD11: 0 | DE11: 0 | DF11: 0 | DG11: 0 | DH11: 0 | DI11: 0 | DJ11: 0 | DK11: 0 | DL11: 0 | DM11: 0 | DN11: 0 | DO11: 0 | DP11: 0 | DQ11: 0 | DR11: 0 | DS11: 0 | DT11: 0 | DU11: 0 | DV11: 0 | DW11: 0 | DX11: 0 | DY11: 0 | DZ11: 0 | EA11: 0 | EB11: 0 | EC11: 0
A12: R-092 | B12: 장순자 | C12: R-092-1안 | D12: 1안 | E12: 낙찰사례 분석 | F12: 0.090981424 | G12: 480000000 | H12: 0.12 | I12: 0.0452 | J12: N/A | K12: 43671083 | L12: 52782509 | M12: -5549910 | N12: 0 | O12: 0 | P12: 0 | Q12: 0 | R12: 0 | S12: 0 | T12: 0 | U12: 0 | V12: 0 | W12: 0 | X12: 0 | Y12: 0 | Z12: 0 | AA12: 0 | AB12: 0 | AC12: 0 | AD12: 0 | AE12: 58332419 | AF12: 0 | AG12: 0 | AH12: 0 | AI12: 0 | AJ12: 0 | AK12: 0 | AL12: 0 | AM12: 0 | AN12: 0 | AO12: 0 | AP12: 0 | AQ12: 0 | AR12: 0 | AS12: 0 | AT12: 0 | AU12: 0 | AV12: 0 | AW12: 0 | AX12: 0 | AY12: 0 | AZ12: 0 | BA12: 0 | BB12: 0 | BC12: 0 | BD12: 0 | BE12: 0 | BF12: 0 | BG12: 0 | BH12: 0 | BI12: 0 | BJ12: 0 | BK12: 0 | BL12: 0 | BM12: 0 | BN12: 0 | BO12: 0 | BP12: 0 | BQ12: 0 | BR12: 0 | BS12: 0 | BT12: 0 | BU12: 0 | BV12: 0 | BW12: 0 | BX12: 0 | BY12: 0 | BZ12: 0 | CA12: 0 | CB12: 0 | CC12: 0 | CD12: 0 | CE12: 0 | CF12: 0 | CG12: 0 | CH12: 0 | CI12: 0 | CJ12: 0 | CK12: 0 | CL12: 0 | CM12: 0 | CN12: 0 | CO12: 0 | CP12: 0 | CQ12: 0 | CR12: 0 | CS12: 0 | CT12: 0 | CU12: 0 | CV12: 0 | CW12: 0 | CX12: 0 | CY12: 0 | CZ12: 0 | DA12: 0 | DB12: 0 | DC12: 0 | DD12: 0 | DE12: 0 | DF12: 0 | DG12: 0 | DH12: 0 | DI12: 0 | DJ12: 0 | DK12: 0 | DL12: 0 | DM12: 0 | DN12: 0 | DO12: 0 | DP12: 0 | DQ12: 0 | DR12: 0 | DS12: 0 | DT12: 0 | DU12: 0 | DV12: 0 | DW12: 0 | DX12: 0 | DY12: 0 | DZ12: 0 | EA12: 0 | EB12: 0 | EC12: 0
A13: R-092 | B13: 장순자 | C13: R-092-2안 | D13: 2안 | E13: 매매사례 분석 | F13: 0.10248358 | G13: 480000000 | H13: 0.12 | I13: 0.0452 | J13: N/A | K13: 49192116 | L13: 59325555 | M13: -5549910 | N13: 0 | O13: 0 | P13: 0 | Q13: 0 | R13: 0 | S13: 0 | T13: 0 | U13: 0 | V13: 0 | W13: 0 | X13: 0 | Y13: 0 | Z13: 0 | AA13: 0 | AB13: 0 | AC13: 0 | AD13: 0 | AE13: 64875465 | AF13: 0 | AG13: 0 | AH13: 0 | AI13: 0 | AJ13: 0 | AK13: 0 | AL13: 0 | AM13: 0 | AN13: 0 | AO13: 0 | AP13: 0 | AQ13: 0 | AR13: 0 | AS13: 0 | AT13: 0 | AU13: 0 | AV13: 0 | AW13: 0 | AX13: 0 | AY13: 0 | AZ13: 0 | BA13: 0 | BB13: 0 | BC13: 0 | BD13: 0 | BE13: 0 | BF13: 0 | BG13: 0 | BH13: 0 | BI13: 0 | BJ13: 0 | BK13: 0 | BL13: 0 | BM13: 0 | BN13: 0 | BO13: 0 | BP13: 0 | BQ13: 0 | BR13: 0 | BS13: 0 | BT13: 0 | BU13: 0 | BV13: 0 | BW13: 0 | BX13: 0 | BY13: 0 | BZ13: 0 | CA13: 0 | CB13: 0 | CC13: 0 | CD13: 0 | CE13: 0 | CF13: 0 | CG13: 0 | CH13: 0 | CI13: 0 | CJ13: 0 | CK13: 0 | CL13: 0 | CM13: 0 | CN13: 0 | CO13: 0 | CP13: 0 | CQ13: 0 | CR13: 0 | CS13: 0 | CT13: 0 | CU13: 0 | CV13: 0 | CW13: 0 | CX13: 0 | CY13: 0 | CZ13: 0 | DA13: 0 | DB13: 0 | DC13: 0 | DD13: 0 | DE13: 0 | DF13: 0 | DG13: 0 | DH13: 0 | DI13: 0 | DJ13: 0 | DK13: 0 | DL13: 0 | DM13: 0 | DN13: 0 | DO13: 0 | DP13: 0 | DQ13: 0 | DR13: 0 | DS13: 0 | DT13: 0 | DU13: 0 | DV13: 0 | DW13: 0 | DX13: 0 | DY13: 0 | DZ13: 0 | EA13: 0 | EB13: 0 | EC13: 0
A14: R-133 | B14: 김성숙 | C14: R-133-1안 | D14: 1안 | E14: 낙찰사례 반영 | F14: 0.71904926 | G14: 312000000 | H14: 0.12 | I14: 0.0492 | J14: N/A | K14: 2.2434337e+08 | L14: 2.5431889e+08 | M14: -4770766 | N14: 0 | O14: 0 | P14: 0 | Q14: 0 | R14: 0 | S14: 0 | T14: 0 | U14: 0 | V14: 0 | W14: 0 | X14: 0 | Y14: 0 | Z14: 2.5908965e+08 | AA14: 0 | AB14: 0 | AC14: 0 | AD14: 0 | AE14: 0 | AF14: 0 | AG14: 0 | AH14: 0 | AI14: 0 | AJ14: 0 | AK14: 0 | AL14: 0 | AM14: 0 | AN14: 0 | AO14: 0 | AP14: 0 | AQ14: 0 | AR14: 0 | AS14: 0 | AT14: 0 | AU14: 0 | AV14: 0 | AW14: 0 | AX14: 0 | AY14: 0 | AZ14: 0 | BA14: 0 | BB14: 0 | BC14: 0 | BD14: 0 | BE14: 0 | BF14: 0 | BG14: 0 | BH14: 0 | BI14: 0 | BJ14: 0 | BK14: 0 | BL14: 0 | BM14: 0 | BN14: 0 | BO14: 0 | BP14: 0 | BQ14: 0 | BR14: 0 | BS14: 0 | BT14: 0 | BU14: 0 | BV14: 0 | BW14: 0 | BX14: 0 | BY14: 0 | BZ14: 0 | CA14: 0 | CB14: 0 | CC14: 0 | CD14: 0 | CE14: 0 | CF14: 0 | CG14: 0 | CH14: 0 | CI14: 0 | CJ14: 0 | CK14: 0 | CL14: 0 | CM14: 0 | CN14: 0 | CO14: 0 | CP14: 0 | CQ14: 0 | CR14: 0 | CS14: 0 | CT14: 0 | CU14: 0 | CV14: 0 | CW14: 0 | CX14: 0 | CY14: 0 | CZ14: 0 | DA14: 0 | DB14: 0 | DC14: 0 | DD14: 0 | DE14: 0 | DF14: 0 | DG14: 0 | DH14: 0 | DI14: 0 | DJ14: 0 | DK14: 0 | DL14: 0 | DM14: 0 | DN14: 0 | DO14: 0 | DP14: 0 | DQ14: 0 | DR14: 0 | DS14: 0 | DT14: 0 | DU14: 0 | DV14: 0 | DW14: 0 | DX14: 0 | DY14: 0 | DZ14: 0 | EA14: 0 | EB14: 0 | EC14: 0
A15: R-133 | B15: 김성숙 | C15: R-133-2안 | D15: 2안 | E15: 매매사례 반영 | F15: 0.75658437 | G15: 312000000 | H15: 0.12 | I15: 0.0492 | J15: N/A | K15: 2.3605432e+08 | L15: 2.6756201e+08 | M15: -4770766 | N15: 0 | O15: 0 | P15: 0 | Q15: 0 | R15: 0 | S15: 0 | T15: 0 | U15: 0 | V15: 0 | W15: 0 | X15: 0 | Y15: 0 | Z15: 2.7233278e+08 | AA15: 0 | AB15: 0 | AC15: 0 | AD15: 0 | AE15: 0 | AF15: 0 | AG15: 0 | AH15: 0 | AI15: 0 | AJ15: 0 | AK15: 0 | AL15: 0 | AM15: 0 | AN15: 0 | AO15: 0 | AP15: 0 | AQ15: 0 | AR15: 0 | AS15: 0 | AT15: 0 | AU15: 0 | AV15: 0 | AW15: 0 | AX15: 0 | AY15: 0 | AZ15: 0 | BA15: 0 | BB15: 0 | BC15: 0 | BD15: 0 | BE15: 0 | BF15: 0 | BG15: 0 | BH15: 0 | BI15: 0 | BJ15: 0 | BK15: 0 | BL15: 0 | BM15: 0 | BN15: 0 | BO15: 0 | BP15: 0 | BQ15: 0 | BR15: 0 | BS15: 0 | BT15: 0 | BU15: 0 | BV15: 0 | BW15: 0 | BX15: 0 | BY15: 0 | BZ15: 0 | CA15: 0 | CB15: 0 | CC15: 0 | CD15: 0 | CE15: 0 | CF15: 0 | CG15: 0 | CH15: 0 | CI15: 0 | CJ15: 0 | CK15: 0 | CL15: 0 | CM15: 0 | CN15: 0 | CO15: 0 | CP15: 0 | CQ15: 0 | CR15: 0 | CS15: 0 | CT15: 0 | CU15: 0 | CV15: 0 | CW15: 0 | CX15: 0 | CY15: 0 | CZ15: 0 | DA15: 0 | DB15: 0 | DC15: 0 | DD15: 0 | DE15: 0 | DF15: 0 | DG15: 0 | DH15: 0 | DI15: 0 | DJ15: 0 | DK15: 0 | DL15: 0 | DM15: 0 | DN15: 0 | DO15: 0 | DP15: 0 | DQ15: 0 | DR15: 0 | DS15: 0 | DT15: 0 | DU15: 0 | DV15: 0 | DW15: 0 | DX15: 0 | DY15: 0 | DZ15: 0 | EA15: 0 | EB15: 0 | EC15: 0
... A27: R-238 | B27: 이준상 | C27: R-238-2안 | D27: 2안 | E27: 매매사례 적용 (Loan Cap) | F27: 1.0201328 | G27: 159999871 | H27: 0.12 | I27: 0.036 | J27: Loan cap | K27: 1.6322112e+08 | L27: 1.6797976e+08 | M27: -1000399.7 | N27: 0 | O27: 0 | P27: 1.6898016e+08 | Q27: 0 | R27: 0 | S27: 0 | T27: 0 | U27: 0 | V27: 0 | W27: 0 | X27: 0 | Y27: 0 | Z27: 0 | AA27: 0 | AB27: 0 | AC27: 0 | AD27: 0 | AE27: 0 | AF27: 0 | AG27: 0 | AH27: 0 | AI27: 0 | AJ27: 0 | AK27: 0 | AL27: 0 | AM27: 0 | AN27: 0 | AO27: 0 | AP27: 0 | AQ27: 0 | AR27: 0 | AS27: 0 | AT27: 0 | AU27: 0 | AV27: 0 | AW27: 0 | AX27: 0 | AY27: 0 | AZ27: 0 | BA27: 0 | BB27: 0 | BC27: 0 | BD27: 0 | BE27: 0 | BF27: 0 | BG27: 0 | BH27: 0 | BI27: 0 | BJ27: 0 | BK27: 0 | BL27: 0 | BM27: 0 | BN27: 0 | BO27: 0 | BP27: 0 | BQ27: 0 | BR27: 0 | BS27: 0 | BT27: 0 | BU27: 0 | BV27: 0 | BW27: 0 | BX27: 0 | BY27: 0 | BZ27: 0 | CA27: 0 | CB27: 0 | CC27: 0 | CD27: 0 | CE27: 0 | CF27: 0 | CG27: 0 | CH27: 0 | CI27: 0 | CJ27: 0 | CK27: 0 | CL27: 0 | CM27: 0 | CN27: 0 | CO27: 0 | CP27: 0 | CQ27: 0 | CR27: 0 | CS27: 0 | CT27: 0 | CU27: 0 | CV27: 0 | CW27: 0 | CX27: 0 | CY27: 0 | CZ27: 0 | DA27: 0 | DB27: 0 | DC27: 0 | DD27: 0 | DE27: 0 | DF27: 0 | DG27: 0 | DH27: 0 | DI27: 0 | DJ27: 0 | DK27: 0 | DL27: 0 | DM27: 0 | DN27: 0 | DO27: 0 | DP27: 0 | DQ27: 0 | DR27: 0 | DS27: 0 | DT27: 0 | DU27: 0 | DV27: 0 | DW27: 0 | DX27: 0 | DY27: 0 | DZ27: 0 | EA27: 0 | EB27: 0 | EC27: 0

Sheet XNPV 비교(Ⅹ)
A2: 차주번호 | B2: 차주명 | C2: Assign | D2: 자산유형 | E2: 1안_FIX1 | F2: 2안_FIX1 | G2: 1안_FIX2 | H2: 2안_FIX2 | I2: 1안차이 | J2: 2안차이 | K2: 수정셀 보기 | L2: 수정사유 입력
I3: =G3-E3 -> 0 | J3: =H3-F3 -> 0

Sheet 회생개요(ⅩⅠ)
A1: 회생개요
A3: 1. 차주개요
A4: 관할법원 | B4: DD | C4: 회생사건번호 | D4: DD | E4: 업종 | G4: 종업원수 | J4: 기업프로필 캡처 | N4: 회생자료
A5: 본사 | E5: Contact Point | G5: 상장여부
A7: 2. 부실화사유
A8: 자유양식 Wording, 캡처본도 붙일수 있도록
J13: 회생사건_일반내용 | N13: 회생사건_진행내용
A15: 3. 채권현황 및 의결권 현황 | F15: 4. 회생절자 진행현황
B16: 원금 | C16: 미수이자 | D16: 채권합계 | E16: 비중 | F16: 개시신청일 | G16: <진행내용에서 추출되는지>
A17: 매각대상채권 | B17: DD | C17: DD | D17: DD | F17: 보전처분일
A18: 회생담보권 | F18: 개시결정일
A19: 회생담보권_매각대상 | D19: =SUM(B19:C19) -> 0 | E19: =D19/D21 -> #DIV/0! | F19: 채권신고기한
A20: 이외 | B20: =B21-B19 -> 0 | C20: =C21-C19 -> 0 | D20: =SUM(B20:C20) -> 0 | F20: 1차 관계인 집회
A21: 소계 | D21: =SUM(B21:C21) -> 0 | F21: 2차 관계인 집회
A22: 회생채권 | F22: 인가일
A23: 회생채권_매각대상 | B23: DD에서 회생담보권 제외 | C23: DD에서 회생담보권 제외 | D23: =SUM(B23:C23) -> 0 | E23: =D23/D28 -> #DIV/0! | F23: 회생절차종결 결정
A24: 금융기관 | B24: =B25-B23 -> #VALUE! | C24: =C25-C23 -> #VALUE! | D24: =SUM(B24:C24) -> #VALUE! | F24: 조사위원
A25: 금귱기관 소계 | D25: =SUM(B25:C25) -> 0 | F25: 시부인표 제출
A26: 상거래 | D26: =SUM(B26:C26) -> 0 | F26: 조사보고서 제출
A27: 미확정 구상채무 | D27: =SUM(B27:C27) -> 0 | F27: 회생계획안 제출기한
A28: 소계 | B28: =SUM(B25:B27) -> 0 | C28: =SUM(C25:C27) -> 0 | D28: =SUM(B28:C28) -> 0 | F28: 매각주간사 열람일
A29: 공익채권 | D29: =SUM(B29:C29) -> 0
A30: 급여 | D30: =SUM(B30:C30) -> 0
A31: 조세 | D31: =SUM(B31:C31) -> 0
A32: 소계 | B32: =SUM(B29:B31) -> 0 | C32: =SUM(C29:C31) -> 0 | D32: =SUM(B32:C32) -> 0
A33: 총 채무 | B33: =B32+B28+B21 -> 0 | C33: =C32+C28+C21 -> 0 | D33: =D32+D28+D21 -> 0
A35: 5. 변제안의 요지
A36: 확인서류 | B36: 개시신청서, 조사보고서, 회생계획완 | C36: 개시후이자율 | E36: 계속기업가치 | G36: 회생감정가 | H36: =SUM(H37:H39) -> 0
A37: 자구매각여부 | C37: 잔여담보권변제 | E37: 청산가치 | G37: 토지
A38: 매각금액 | C38: 회생채권 출자전환 비율 | E38: 차이 | G38: 건물
A39: 매각시기 | C39: 잔여 회생채권 변제 | G39: 기계기구
A41: 6. 임금채권 추정
A42: 공익채권 | C42: 확인서류 | D42: 개시신청서, 조사보고서, 회생계획완 | E42: 설립일 | G42: 과거 재무제표 기준연도
A43: 손익계산서 인건비 | C43: 제조원가명세서 인건비 | E43: 재무상태표 퇴직금여충당부채 | G43: 재무제표 추정 임금채권 | H43: =(B43+D43)/2 -> 0
A44: 국민연금 등록 인원 | C44: 국민연금 월 평균 인건비 | E44: 국민연금 추정 임금채권 | F44: =B44*D44*6 -> 0 | G44: 적용 임금채권
A45: * 임금채권 추정 적용근거 기술

Sheet 경매비용기초DATA
A1: https://www.courtauction.go.kr/pgj/index.on?w2xPath=/pgj/ui/pgj100/PGJ176F01.xml
A3: 토지, 일반건물(아파트 제외), 선박(광업권, 어업권 등) 등 일반감정의 경우
A6: < 경매일정 기본 세팅>
A7: 2025.09.15 기준
B8: 1. 신문공고료 | F8: 220000 | H8: 2. 현황조사수수료 | K8: 건당 | L8: 70000
B10: 3. 매각수수료:매각대금기준(통상 청구금액기준)
B12: 과표범위 | E12: 비율 | F12: 기본누적금액
B13: 0 | C13: ~ | D13: 100000 | F13: 5000
B14: 100000 | C14: ~ | D14: 10000000 | E14: 0.02 | F14: 5000
B15: =D14 -> 10000000 | C15: ~ | D15: 50000000 | E15: 0.015 | F15: =F14+(D14-B14)*E14 -> 203000
B16: =D15 -> 50000000 | C16: ~ | D16: 100000000 | E16: 0.01 | F16: =F15+(D15-B15)*E15 -> 803000
B17: =D16 -> 100000000 | C17: ~ | D17: 300000000 | E17: 0.005 | F17: =F16+(D16-B16)*E16 -> 1303000
B18: =D17 -> 300000000 | C18: ~ | D18: 500000000 | E18: 0.003 | F18: =F17+(D17-B17)*E17 -> 2303000
B19: =D18 -> 500000000 | C19: ~ | D19: 1000000000 | E19: 0.002 | F19: =F18+(D18-B18)*E18 -> 2903000
B20: =D19 -> 1000000000 | C20: ~ | F20: =F19+(D19-B19)*E19 -> 3903000
B22: 4. 감정수수료:평가금액기준 | E22: 11925000000
B24: <토지, 일반건물(아파트 제외), 선박(광업권, 어업권 등) 일반감정의 경우> | J24: <아파트 감정의 경우>
B25: 과표범위 | E25: 감정평가수수료 | F25: 실비 | G25: 부가가치세 | H25: 감정평가료 합계 | J25: 과표범위 | M25: 감정평가수수료 | N25: 실비 | O25: 부가가치세 | P25: 감정평가료 합계
B26: 0 | C26: ~ | D26: 197727272 | E26: 290000 | F26: 48000 | G26: =(E26+F26)*0.1 -> 33800 | H26: =SUM(E26:G26) -> 371800 | J26: 0 | K26: ~ | L26: 200000000 | M26: 290000 | N26: 48000 | O26: =(M26+N26)*0.1 -> 33800 | P26: =SUM(M26:O26) -> 371800
B27: =D26 -> 197727272 | C27: ~ | D27: 200000000 | E27: =(200000+($E$98-50000000)*11/10000)*0.8 -> 116000 | F27: 48000 | G27: =(E27+F27)*0.1 -> 16400 | H27: =SUM(E27:G27) -> 180400 | J27: =L26 -> 200000000 | K27: ~ | L27: 244804545 | M27: 290000 | N27: 48000 | O27: =(M27+N27)*0.1 -> 33800 | P27: =SUM(M27:O27) -> 371800
B28: =D27 -> 200000000 | C28: ~ | D28: 500000000 | E28: =(200000+($E$98-50000000)*11/10000)*0.8 -> 116000 | F28: 88000 | G28: =(E28+F28)*0.1 -> 20400 | H28: =SUM(E28:G28) -> 224400 | J28: =L27 -> 244804545 | K28: ~ | L28: 500000000 | M28: =(200000+($E$98-50000000)*11/10000)*0.7 -> 101500 | N28: 88000 | O28: =(M28+N28)*0.1 -> 18950 | P28: =SUM(M28:O28) -> 208450
B29: =D28 -> 500000000 | C29: ~ | D29: 1000000000 | E29: =(695000+($E$98-500000000)*9/10000)*0.8 -> 196000 | F29: 88000 | G29: =(E29+F29)*0.1 -> 28400 | H29: =SUM(E29:G29) -> 312400 | J29: =L28 -> 500000000 | K29: ~ | L29: 1000000000 | M29: =(695000+($E$98-500000000)*9/10000)*0.7 -> 171500 | N29: 88000 | O29: =(M29+N29)*0.1 -> 25950 | P29: =SUM(M29:O29) -> 285450
B30: =D29 -> 1000000000 | C30: ~ | D30: 5000000000 | E30: =(1145000+($E$98-1000000000)*8/10000)*0.8 -> 276000 | F30: 88000 | G30: =(E30+F30)*0.1 -> 36400 | H30: =SUM(E30:G30) -> 400400 | J30: =L29 -> 1000000000 | K30: ~ | L30: 5000000000 | M30: =(1145000+($E$98-1000000000)*8/10000)*0.7 -> 241500 | N30: 88000 | O30: =(M30+N30)*0.1 -> 32950 | P30: =SUM(M30:O30) -> 362450
B31: =D30 -> 5000000000 | C31: ~ | D31: 10000000000 | E31: =(4345000+($E$98-5000000000)*7/10000)*0.8 -> 676000 | F31: 88000 | G31: =(E31+F31)*0.1 -> 76400 | H31: =SUM(E31:G31) -> 840400 | J31: =L30 -> 5000000000 | K31: ~ | L31: 10000000000 | M31: =(4345000+($E$98-5000000000)*7/10000)*0.7 -> 591500 | N31: 88000 | O31: =(M31+N31)*0.1 -> 67950 | P31: =SUM(M31:O31) -> 747450
B32: =D31 -> 10000000000 | C32: ~ | D32: 11925000000 | E32: =(7845000+($E$98-10000000000)*6/10000)*0.8 -> 1476000 | F32: 88000 | G32: =(E32+F32)*0.1 -> 156400 | H32: =SUM(E32:G32) -> 1720400 | J32: =L31 -> 10000000000 | K32: ~ | L32: 14067856666 | M32: =(7845000+($E$98-10000000000)*6/10000)*0.7 -> 1291500 | N32: 88000 | O32: =(M32+N32)*0.1 -> 137950 | P32: =SUM(M32:O32) -> 1517450
B33: =D32 -> 11925000000 | C33: ~ | E33: 7200000 | F33: 88000 | G33: =(E33+F33)*0.1 -> 728800 | H33: =SUM(E33:G33) -> 8016800 | J33: =L32 -> 14067856666 | K33: ~ | M33: 7200000 | N33: 88000 | O33: =(M33+N33)*0.1 -> 728800 | P33: =SUM(M33:O33) -> 8016800
B35: 5. 송달수수료 | D35: (신청서상 이해관계인수 + 3) ×10회분(1회분 3,020원) | H35: 6. 경매신청 등록세/교육세
B37: 기존 가산 | D37: 3 | E37: 회 | H37: 등록세 | J37: 청구금액*0.2% | L37: 0.002
B38: 기본 횟수 | D38: 10 | E38: 회 | H38: 교육세 | J38: 등록세 | K38: 0.2 | L38: =L37*K38 -> 0.0004
B39: 1회당 금액 | D39: 5500 | H39: 합계 | L39: =SUM(L37:L38) -> 0.0024

Sheet 공매비용기초DATA
A2: https://www.onbid.co.kr/sp/cmb/cmsnmn/commissionGuide.do?q=3BBA7FC3189E009DF3847C618507691319291118DEB64D&charset=UTF-8
A5: 온비드 낙찰 수수료 계산
A7: 낙찰금액 | C7: 최소 | D7: 최대 | E7: 요율 | F7: 가산금
A8: 1백만원 이하 | C8: 0 | D8: 1000000 | E8: 0 | F8: 0
A9: 1백만원 이하~5백만원 이하 | C9: =D8 -> 1000000 | D9: 5000000 | E9: 0.017 | F9: 30000
A10: 5백만원 초과~1천만원 이하 | C10: =D9 -> 5000000 | D10: 10000000 | E10: 0.012 | F10: 98000
A11: 1천만원 초과~3천만원 이하 | C11: =D10 -> 10000000 | D11: 30000000 | E11: 0.008 | F11: 158000
A12: 3천만원 초과~5천만원 이하 | C12: =D11 -> 30000000 | D12: 50000000 | E12: 0.007 | F12: 318000
A13: 5천만원 초과~1억원 이하 | C13: =D12 -> 50000000 | D13: 100000000 | E13: 0.006 | F13: 458000
A14: 1억원 초과~3억원 이하 | C14: =D13 -> 100000000 | D14: 300000000 | E14: 0.002 | F14: 758000
A15: 3억원 초과~5억원 이하 | C15: =D14 -> 300000000 | D15: 500000000 | E15: 0.001 | F15: 1158000
A16: 5억원 초과~25억원 이하 | C16: =D15 -> 500000000 | D16: 2500000000 | E16: 0.0004 | F16: 1358000
A17: 25억원 초과~50억원 이하 | C17: =D16 -> 2500000000 | D17: 5000000000 | E17: 0.0002 | F17: 2158000
A18: 50억원 초과~150억원 이하 | C18: =D17 -> 5000000000 | D18: 15000000000 | E18: 0.0001 | F18: 2658000
A19: 150억원 초과 | C19: =D18 -> 15000000000 | E19: 0 | F19: 3658000
A21: 감정수수료:평가금액기준 | D21: 11925000000
A23: <토지, 일반건물(아파트 제외), 선박(광업권, 어업권 등) 일반감정의 경우> | I23: <아파트 감정의 경우>
A24: 과표범위 | D24: 감정평가수수료 | E24: 실비 | F24: 부가가치세 | G24: 감정평가료 합계 | I24: 과표범위 | L24: 감정평가수수료 | M24: 실비 | N24: 부가가치세 | O24: 감정평가료 합계
A25: 0 | B25: ~ | C25: 197727272 | D25: 290000 | E25: 48000 | F25: =(D25+E25)*0.1 -> 33800 | G25: =SUM(D25:F25) -> 371800 | I25: 0 | J25: ~ | K25: 200000000 | L25: 290000 | M25: 48000 | N25: =(L25+M25)*0.1 -> 33800 | O25: =SUM(L25:N25) -> 371800
A26: =C25 -> 197727272 | B26: ~ | C26: 200000000 | D26: =(200000+($D$98-50000000)*11/10000)*0.8 -> 116000 | E26: 48000 | F26: =(D26+E26)*0.1 -> 16400 | G26: =SUM(D26:F26) -> 180400 | I26: =K25 -> 200000000 | J26: ~ | K26: 244804545 | L26: 290000 | M26: 48000 | N26: =(L26+M26)*0.1 -> 33800 | O26: =SUM(L26:N26) -> 371800
A27: =C26 -> 200000000 | B27: ~ | C27: 500000000 | D27: =(200000+($D$98-50000000)*11/10000)*0.8 -> 116000 | E27: 88000 | F27: =(D27+E27)*0.1 -> 20400 | G27: =SUM(D27:F27) -> 224400 | I27: =K26 -> 244804545 | J27: ~ | K27: 500000000 | L27: =(200000+($D$98-50000000)*11/10000)*0.7 -> 101500 | M27: 88000 | N27: =(L27+M27)*0.1 -> 18950 | O27: =SUM(L27:N27) -> 208450
A28: =C27 -> 500000000 | B28: ~ | C28: 1000000000 | D28: =(695000+($D$98-500000000)*9/10000)*0.8 -> 196000 | E28: 88000 | F28: =(D28+E28)*0.1 -> 28400 | G28: =SUM(D28:F28) -> 312400 | I28: =K27 -> 500000000 | J28: ~ | K28: 1000000000 | L28: =(695000+($D$98-500000000)*9/10000)*0.7 -> 171500 | M28: 88000 | N28: =(L28+M28)*0.1 -> 25950 | O28: =SUM(L28:N28) -> 285450
A29: =C28 -> 1000000000 | B29: ~ | C29: 5000000000 | D29: =(1145000+($D$98-1000000000)*8/10000)*0.8 -> 276000 | E29: 88000 | F29: =(D29+E29)*0.1 -> 36400 | G29: =SUM(D29:F29) -> 400400 | I29: =K28 -> 1000000000 | J29: ~ | K29: 5000000000 | L29: =(1145000+($D$98-1000000000)*8/10000)*0.7 -> 241500 | M29: 88000 | N29: =(L29+M29)*0.1 -> 32950 | O29: =SUM(L29:N29) -> 362450
A30: =C29 -> 5000000000 | B30: ~ | C30: 10000000000 | D30: =(4345000+($D$98-5000000000)*7/10000)*0.8 -> 676000 | E30: 88000 | F30: =(D30+E30)*0.1 -> 76400 | G30: =SUM(D30:F30) -> 840400 | I30: =K29 -> 5000000000 | J30: ~ | K30: 10000000000 | L30: =(4345000+($D$98-5000000000)*7/10000)*0.7 -> 591500 | M30: 88000 | N30: =(L30+M30)*0.1 -> 67950 | O30: =SUM(L30:N30) -> 747450
A31: =C30 -> 10000000000 | B31: ~ | C31: 11925000000 | D31: =(7845000+($D$98-10000000000)*6/10000)*0.8 -> 1476000 | E31: 88000 | F31: =(D31+E31)*0.1 -> 156400 | G31: =SUM(D31:F31) -> 1720400 | I31: =K30 -> 10000000000 | J31: ~ | K31: 14067856666 | L31: =(7845000+($D$98-10000000000)*6/10000)*0.7 -> 1291500 | M31: 88000 | N31: =(L31+M31)*0.1 -> 137950 | O31: =SUM(L31:N31) -> 1517450
A32: =C31 -> 11925000000 | B32: ~ | D32: 7200000 | E32: 88000 | F32: =(D32+E32)*0.1 -> 728800 | G32: =SUM(D32:F32) -> 8016800 | I32: =K31 -> 14067856666 | J32: ~ | L32: 7200000 | M32: 88000 | N32: =(L32+M32)*0.1 -> 728800 | O32: =SUM(L32:N32) -> 8016800

Sheet 당해세 계산구조
A1: https://etax.seoul.go.kr/index.html?20250911
A2: 주택분, 건축물, 토지 계산로직에 따라 계산
A4: 주택> | D4: 주택구분
A6: 시가표준액 | B6: A | C6: 주택 : 주택공시가격 건축물 : 건물시가표준액(지자체고시) | F6: << 주택공시가격
A7: 공정시장가액비율 | B7: B | C7: 주택 : 60%
A8: 과세표준 | B8: 가 | C8: A*B | G8: 재산세율> | H8: C
G9: 과표범위 | J9: 재산세율 | K9: 기본누적금액
A10: 재산세율 | B10: C | G10: 0 | H10: ~ | I10: 60000000 | J10: 0.001
A11: 재산세 | B11: 나 | C11: 가*C | G11: =I10 -> 60000000 | H11: ~ | I11: 150000000 | J11: 0.0015 | K11: 60000
A12: 도시지역분 | B12: 다 | C12: 가*0.14% | G12: =I11 -> 150000000 | H12: ~ | I12: 300000000 | J12: 0.0025 | K12: 195000
A13: 지역자원시설세 시가표준액 | B13: 라 | D13: 입력 | G13: =I12 -> 300000000 | H13: ~ | J13: 0.004 | K13: 570000
A14: 지역자원시설세 과세표준 | B14: 마 | C14: 라*B
A15: 지역자원시설세 세율 | B15: D | G15: 지역자원시설세 세율> | H15: D
A16: 지역자원시설세 | B16: 바 | C16: 마*D | G16: 과표범위 | J16: 재산세율 | K16: 기본누적금액
A17: 지방교육세 | B17: 사 | C17: 나*20% | G17: 0 | H17: ~ | I17: 6000000 | J17: 0.0004
A18: Total | B18: 아 | C18: 나+다+바+사 | G18: =I17 -> 6000000 | H18: ~ | I18: 13000000 | J18: 0.0005 | K18: =J17*I17 -> 2400
G19: =I18 -> 13000000 | H19: ~ | I19: 26000000 | J19: 0.0006 | K19: 5900
G20: =I19 -> 26000000 | H20: ~ | I20: 39000000 | J20: 0.0008 | K20: 13700
A21: 건출물> | D21: 건출물 | G21: =I20 -> 39000000 | H21: ~ | I21: 64000000 | J21: 0.001 | K21: 24100
G22: =I21 -> 64000000 | H22: ~ | J22: 0.0012 | K22: 49100
A23: 과세대상구분 | C23: 골프장, 고급오락장 주거지역 및 지정지역 내 공장용 건축물 기타건축물 | D23: 체크박스
A24: 시가표준액 | B24: A | C24: 주택 : 주택공시가격 건축물 : 건물시가표준액(지자체고시)
A25: 공정시장가액비율 | B25: B | C25: 건축물: 70%
A26: 과세표준 | B26: 가 | C26: A*B | G26: 재산세율> | H26: C
G27: 구분 | I27: 재산세율
A28: 재산세율 | B28: C | G28: 골프장, 고급오락장 | I28: 0.04
A29: 재산세 | B29: 나 | C29: 가*C | G29: 주거지역 및 지정지역 내 공장용 건축물 | I29: 0.005
A30: 도시지역분 | B30: 다 | C30: 가*0.14% | G30: 기타건출물 | I30: 0.0025
A31: 지역자원시설세 과세표준 | B31: 라 | C31: A*B
A32: 지역자원시설세 세율 | B32: D
A33: 지역자원시설세 | B33: 마 | C33: 라*D | G33: 지역자원시설세 세율> | H33: D
A34: 지방교육세 | B34: 바 | C34: 나*20% | G34: 과표범위 | J34: 재산세율 | K34: 기본누적금액
A35: Total | B35: 사 | C35: 나+다+마+바 | G35: 0 | H35: ~ | I35: 6000000 | J35: 0.0004
G36: =I35 -> 6000000 | H36: ~ | I36: 13000000 | J36: 0.0005 | K36: =J35*I35 -> 2400
G37: =I36 -> 13000000 | H37: ~ | I37: 26000000 | J37: 0.0006 | K37: 5900
G38: =I37 -> 26000000 | H38: ~ | I38: 39000000 | J38: 0.0008 | K38: 13700
G39: =I38 -> 39000000 | H39: ~ | I39: 64000000 | J39: 0.001 | K39: 24100
G40: =I39 -> 64000000 | H40: ~ | J40: 0.0012 | K40: 49100
G42: 특정건축물
G43: 저유장, 주유소, 정유소, 유흥장, 극장, 4층이상 10층이하의 건축물 등 대통령령으로 정하는 화재위험 건축물 : 2배 중과
G44: 대형마트, 복합상영관(상기 극장 제외), 백화점, 호텔, 11층 이상의 건축물 등 대통령령으로 정하는 대형 화재위험 건축물 : 3배 중과
A46: 토지>
A48: 과세대상구분 | C48: 나대지 등 (종합합산과세) 사업용토지(별도합산과세) | D48: 체크박스
A49: 시가표준액 | B49: A | C49: 토지: 개별공시지가
A50: 공정시장가액비율 | B50: B | C50: 토지: 70%
A51: 과세표준 | B51: 가 | C51: A*B
A53: 재산세율 | B53: C | G53: 재산세율> | H53: C
A54: 재산세 | B54: 나 | C54: 가*C | G54: 나대지 등(총합합산과세)
A55: 도시지역분 | B55: 다 | C55: 가*0.14% | G55: 과표범위 | J55: 재산세율 | K55: 기본누적금액
A56: 지방교육세 | B56: 라 | C56: 나*20% | G56: 0 | H56: ~ | I56: 50000000 | J56: 0.002
A57: Total | B57: 마 | C57: 나+다+라 | G57: =I56 -> 50000000 | H57: ~ | I57: 100000000 | J57: 0.003 | K57: =J56*I56 -> 100000
G58: =I57 -> 100000000 | H58: ~ | J58: 0.005 | K58: 250000
G60: 사업용토지(별도합산과세)
G61: 과표범위 | J61: 재산세율 | K61: 기본누적금액
G62: 0 | H62: ~ | I62: 200000000 | J62: 0.002
G63: =I62 -> 200000000 | H63: ~ | I63: 100000000 | J63: 0.003 | K63: =J62*I62 -> 400000
G64: =I63 -> 100000000 | H64: ~ | J64: 0.004 | K64: 2800000

Sheet 표준 공시지가 정보
A1: 공시지가
A2: https://www.vworld.kr/dtmk/dtmk_ntads_s002.do?datIde=&dsId=17&pageSize=10&pageUnit=10&dataSetSeq=17&svcCde=NA&pageIndex=1&datPageIndex=4&datPageSize=10&startDate=2024-09-22&endDate=2025-09-22&sidoCd=&dsNm=&formatSelect=
A3: >> 공시지가는 3개년도 레이어
A6: 도시지역
A7: https://www.vworld.kr/dtmk/dtmk_ntads_s002.do?searchKeyword=&searchSvcCde=&searchOrganization=&searchBrmCode=&searchTagList=&searchFrm=&pageIndex=1&gidmCd=&gidsCd=&sortType=00&svcCde=MK&dsId=30300&listPageIndex=4
A8: >> 당해세 계산시 도시지역 반영
A11: 건축물대장
A12: https://www.data.go.kr/tcs/dss/selectDataSetList.do?dType=FILE&keyword=%EA%B5%AD%ED%86%A0%EA%B5%90%ED%86%B5%EB%B6%80_%EA%B1%B4%EC%B6%95%EB%AC%BC%EB%8C%80%EC%9E%A5&operator=AND&detailKeyword=&publicDataPk=&recmSe=N&detailText=&relatedKeyword=&commaNotInData=&commaAndData=&commaOrData=&must_not=&tabId=&dataSetCoreTf=&coreDataNm=&sort=&relRadio=&orgFullName=&orgFilter=&org=&orgSearch=&currentPage=1&perPage=10&brm=&instt=&svcType=&kwrdArray=&extsn=&coreDataNmArray=&pblonsipScopeCode=PBDE07
A14: 표제부, 총괄표제부, 전유부, 층별개요, 기본개요, 전유공용면적
A16: 토지이용계획정보
A17: https://www.data.go.kr/data/15045900/fileData.do

Sheet 공동주택가격 조회
A1: https://www.realtyprice.kr/notice/town/nfSiteLink.htm
A2: 공동주택가격조회
A3: 공동주택가격
A4: 국토교통부_공동주택가격정보_20230813 | 공공데이터포털
A7: 개별주택가격
A8: 전국개별주택가격정보표준데이터 | 공공데이터포털

Sheet 관할법원
A1: https://www.courtauction.go.kr/pgj/index.on?w2xPath=/pgj/ui/pgj100/PGJ182F00.xml
A2: 경매관할법원
A3: 경매관할법원 지역별로 일괄다운 가능할지
A5: 옥션원 주소지 일괄다운로드
A7: 관할 법원 레퍼런스
A9: 시, 도 | B9: 시군구 | C9: 읍면동

Sheet 대위등기비용
A1: https://etax.seoul.go.kr/index.html?20250915
A3: 대위등기비용
C5: 취득세 | D5: 농어촌특별세 | E5: 지방교육세 | F5: 합계
A6: 상속(농지외) | C6: 0.028 | D6: 0.002 | E6: 0.0016 | F6: =SUM(C6:E6) -> 0.0316
A7: 상속(농지) | C7: 0.023 | D7: 0.002 | E7: 0.0006 | F7: =SUM(C7:E7) -> 0.0256
A9: 주택외 | D9: 취득세 | E9: 농어촌특별세 | F9: 지방교육세
A10: 주택 외 매매(토지, 건물 등) | D10: 0.04 | E10: 0.002 | F10: 0.004
A11: 원시취득(신축), 상속(농지 외) | D11: 0.028 | E11: 0.002 | F11: 0.0016 | G11: =SUM(D11:F11) -> 0.0316
A12: 무상취득(증여) | D12: 0.035 | E12: 0.002 | F12: 0.003
A13: 농지 | B13: 매매 | C13: 신규 | D13: 0.03 | E13: 0.002 | F13: 0.002
C14: 2년이상 자경 | D14: 0.015 | F14: 0.001
B15: 상속 | D15: 0.023 | E15: 0.002 | F15: 0.0006 | G15: =SUM(D15:F15) -> 0.0256
A17: 공시지가, 공시가격 기준으로 산출
A18: 토지 | B18: 공시지가
A19: 아파트 | B19: 공동주택가격
A20: 주택 | B20: 개별주택가격
A21: 건물 | B21: 기본 감정가의 70% 세팅 주황색 변경되도록

Sheet 법원별 저감율
F1: 기본저감률 | H1: 저감률_30 | J1: 저감률_30_20
A2: 지역 | B2: 법원 | C2: 유찰시 저감률 | F2: 20 | G2: 회차 | H2: 30 | I2: 회차 | J2: 30%, 20%저감 | K2: 회차
A3: 서울 | B3: 중앙지방법원 | C3: 0.2 | F3: =F4*(1-$F$2/100) -> 0.085899346 | G3: 12 | H3: =H4*(1-$H$2/100) -> 0.019773267 | I3: 12 | J3: =J4*0.8 -> 0.075161928 | K3: 12
B4: 동부지방법원 | C4: 0.2 | F4: =F5*(1-$F$2/100) -> 0.10737418 | G4: 11 | H4: =H5*(1-$H$2/100) -> 0.028247525 | I4: 11 | J4: =J5*0.8 -> 0.09395241 | K4: 11
B5: 서부지방법원 | C5: 0.2 | F5: =F6*(1-$F$2/100) -> 0.13421773 | G5: 10 | H5: =H6*(1-$H$2/100) -> 0.040353607 | I5: 10 | J5: =J6*0.8 -> 0.11744051 | K5: 10
B6: 남부지방법원 | C6: 0.2 | F6: =F7*(1-$F$2/100) -> 0.16777216 | G6: 9 | H6: =H7*(1-$H$2/100) -> 0.05764801 | I6: 9 | J6: =J7*0.8 -> 0.14680064 | K6: 9
B7: 북부지방법원 | C7: 0.2 | F7: =F8*(1-$F$2/100) -> 0.2097152 | G7: 8 | H7: =H8*(1-$H$2/100) -> 0.0823543 | I7: 8 | J7: =J8*0.8 -> 0.1835008 | K7: 8
A8: 경기 | B8: 의정부지방법원 | C8: 0.3 | F8: =F9*(1-$F$2/100) -> 0.262144 | G8: 7 | H8: =H9*(1-$H$2/100) -> 0.117649 | I8: 7 | J8: =J9*0.8 -> 0.229376 | K8: 7
B9: 남양주지원 | C9: 0.3 | F9: =F10*(1-$F$2/100) -> 0.32768 | G9: 6 | H9: =H10*(1-$H$2/100) -> 0.16807 | I9: 6 | J9: =J10*0.8 -> 0.28672 | K9: 6
B10: 고양지원 | C10: 0.3 | F10: =F11*(1-$F$2/100) -> 0.4096 | G10: 5 | H10: =H11*(1-$H$2/100) -> 0.2401 | I10: 5 | J10: =J11*0.8 -> 0.3584 | K10: 5
B11: 수원지방법원 | C11: 0.3 | F11: =F12*(1-$F$2/100) -> 0.512 | G11: 4 | H11: =H12*(1-$H$2/100) -> 0.343 | I11: 4 | J11: =J12*0.8 -> 0.448 | K11: 4
B12: 성남지원 | C12: 0.3 | F12: =F13*(1-$F$2/100) -> 0.64 | G12: 3 | H12: =H13*(1-$H$2/100) -> 0.49 | I12: 3 | J12: =J13*0.8 -> 0.56 | K12: 3
B13: 여주지원 | C13: 0.3 | F13: =F14*(1-$F$2/100) -> 0.8 | G13: 2 | H13: =H14*(1-$H$2/100) -> 0.7 | I13: 2 | J13: =J14*0.7 -> 0.7 | K13: 2
B14: 평택지원 | C14: 0.3 | F14: 1 | G14: 1 | H14: 1 | I14: 1 | J14: 1 | K14: 1
B15: 안산지원 | C15: 0.3
B16: 안양지원 | C16: 0.2 | D16: <-추가
A17: 인천 | B17: 인천지방법원 | C17: 0.3
B18: 부천지원 | C18: 0.3
A19: 강원도 | B19: 춘천지방법원 | C19: 0.3 | F19: 기본저감률 | G19: 20%저감 | I19: 51600000
B20: 강릉지원 | C20: 0.3 | F20: 저감률_30 | G20: 30%저감 | I20: 36120000 | J20: =I20/I19 -> 0.7
B21: 원주지원 | C21: 0.3 | F21: 저감률_30_20 | G21: 30%,20%저감 | I21: 25284000 | J21: =I21/I20 -> 0.7
B22: 속초지원 | C22: 0.3 | F22: 저감률_25 | G22: 25%저감
B23: 영월지원 | C23: 0.3
A24: 충남 | B24: 대전지방법원 | C24: 0.3
B25: 천안지원 | C25: 0.3
B26: 서산지원 | C26: 0.3
B27: 홍성지원 | C27: 0.3
B28: 논산지원 | C28: 0.3
B29: 공주지원 | C29: 0.3
A30: 충북 | B30: 청주지방법원 | C30: 0.3
B31: 충주지원 | C31: 0.2
B32: 영동지원 | C32: 0.2
B33: 제천지원 | C33: 0.2 | I33: 557419000
A34: 부산 | B34: 부산지방법원 | C34: 0.3 | I34: 445935000 | J34: =I34/I33 -> 0.79999964
B35: 부산동부지원 | C35: 0.3 | I35: 356748000 | J35: =I35/I34 -> 0.8
B36: 부산서부지원 | C36: 0.3 | D36: 30% 인지 확인필요
B37: 부산지방법원 11계 | C37: 선박 40% / 차량 30% | D37: <-추가
A38: 경남 | B38: 울산지방법원 | C38: 0.3
B39: 창원지방법원 | C39: 0.2
B40: 진주지원 | C40: 0.2
B41: 마산지원 | C41: 0.2 | D41: <-추가
B42: 통영지원 | C42: 0.2
B43: 밀양지원 | C43: 0.2
B44: 거창지원 | C44: 0.2
A45: 경북 | B45: 대구지방법원 | C45: 0.3
B46: 대구지방법원 서부지원 | C46: 0.3
B47: 경주지원 | C47: 0.3
B48: 포항지원 | C48: 0.3
B49: 김천지원 | C49: 0.3
B50: 안동지원 | C50: 0.3
B51: 상주지원 | C51: 0.3
B52: 영덕지원 | C52: 0.3
B53: 의성지원 | C53: 0.3
A54: 전남 | B54: 광주지방법원 | C54: 30% / 20% | D54: 1회 30%, 2회 이후 20%
B55: 순천지원 | C55: 30% / 20% | D55: 1회 30%, 2회 이후 20%
B56: 해남지원 | C56: 30% / 20% | D56: 1회 30%, 2회 이후 20%
B57: 장흥지원 2계 | C57: 0.2 | D57: 변경있는지 확인
B58: 장흥지원 1계 | C58: 30% / 20% | D58: 변경있는지 확인
B59: 목포지원 | C59: 30% / 20% | D59: 1회 30%, 2회 이후 20%
A60: 전북 | B60: 전주지방법원 | C60: 0.3
B61: 군산지원 | C61: 0.3
B62: 정읍지원 | C62: 0.3
B63: 남원지원 | C63: 0.3
A64: 제주 | B64: 제주지방법원 | C64: 0.3
O69: 충주 20%

Sheet 선순위(주택)
A1: 주택임대차보호법 시행령 제10조, 11조
A3: 법 | B3: 지역 | C3: 조건이하 | D3: 최우선변제액 | E3: category
A4: 1984. 06. 14 부터 | B4: 서울특별시 및 직할시 | C4: 3000000 | D4: 3000000 | E4: Category1
B5: 기타의 지역 | C5: 2000000 | D5: 2000000 | E5: Category2
A6: 1987. 12. 1부터 | B6: 서울특별시 및 직할시 | C6: 5000000 | D6: 5000000 | E6: Category1
B7: 기타의 지역 | C7: 4000000 | D7: 4000000 | E7: Category2
A8: 1990. 02. 19 부터 | B8: 서울특별시 및 직할시 | C8: 20000000 | D8: 7000000 | E8: Category1
B9: 기타의 지역 | C9: 15000000 | D9: 5000000 | E9: Category2
A10: 1995. 10. 19 부터 | B10: 특별시 및 광역시(군지역 제외) | C10: 30000000 | D10: 12000000 | E10: Category3
B11: 기타의 지역 | C11: 20000000 | D11: 8000000 | E11: Category4
A12: 2001. 09. 15 부터 | B12: 수도권정비계획법에 따은 수도권 중 과밀억제권역 | C12: 40000000 | D12: 16000000 | E12: Category5
B13: 광역시(군지역과 인천광역시지역 제외) | C13: 35000000 | D13: 14000000 | E13: Category6
B14: 그 밖의 지역 | C14: 30000000 | D14: 12000000 | E14: Category7
A15: 2008. 08. 21 부터 | B15: 수도권정비계획법에 따은 수도권 중 과밀억제권역 | C15: 60000000 | D15: 20000000 | E15: Category5
B16: 광역시(군지역과 인천광역시지역 제외) | C16: 50000000 | D16: 17000000 | E16: Category6
B17: 그 밖의 지역 | C17: 40000000 | D17: 14000000 | E17: Category7
A18: 2010. 07. 26 부터 | B18: 서울특별시 | C18: 75000000 | D18: 25000000 | E18: Category8
B19: 수도권정비계획법에 따른과밀억제권역(서울특별시제외) | C19: 65000000 | D19: 22000000 | E19: Category9
B20: 광역시(수도권정비계획법에 따른 과밀억제권역에 포함된 지역과 군지역 제외),안산시,용인시,김포시 및 광주시 | C20: 55000000 | D20: 19000000 | E20: Category10
B21: 그 밖의 지역 | C21: 40000000 | D21: 14000000 | E21: Category11
A22: 2014. 01. 01부터 | B22: 서울특별시 | C22: 80000000 | D22: 27000000 | E22: Category8
B23: 수도권정비계획법에 따른과밀억제권역(서울특별시제외) | C23: 60000000 | D23: 20000000 | E23: Category9
B24: 광역시(수도권정비계획법에 따른 과밀억제권역에 포함된 지역과 군지역 제외),안산시,용인시,김포시 및 광주시 | C24: 45000000 | D24: 20000000 | E24: Category10
B25: 그 밖의 지역 | C25: 45000000 | D25: 15000000 | E25: Category11
A26: 2016. 03. 31 부터 | B26: 서울특별시 | C26: 100000000 | D26: 34000000 | E26: Category8
B27: 수도권정비계획법에 따른과밀억제권역(서울특별시제외) | C27: 80000000 | D27: 27000000 | E27: Category9
B28: 광역시(수도권정비계획법에 따른 과밀억제권역에 포함된 지역과 군지역 제외)세종특별자치시,안산시,용인시,김포시 및 광주시 | C28: 60000000 | D28: 20000000 | E28: Category12
B29: 그 밖의 지역 | C29: 50000000 | D29: 17000000 | E29: Category13
A30: 2018. 09. 18 부터 | B30: 서울특별시 | C30: 100000000 | D30: 37000000 | E30: Category8
B31: 수도권정비계획법에 따른과밀억제권역(서울특별시제외),세종특별자치시,용인시 및 화성시 | C31: 100000000 | D31: 34000000 | E31: Category14
B32: 광역시(수도권정비계획법에 따른 과밀억제권역에 포함된 지역과 군지역 제외)안산시,김포시 및 광주시 | C32: 60000000 | D32: 20000000 | E32: Category15
B33: 그 밖의 지역 | C33: 50000000 | D33: 17000000 | E33: Category16
A34: 2021.05.11 부터 | B34: 서울특별시 | C34: 150000000 | D34: 50000000 | E34: Category8
B35: 수도권정비계획법에 따른과밀억제권역(서울특별시제외),세종특별자치시,용인시 및 화성시 | C35: 130000000 | D35: 43000000 | E35: Category14
B36: 광역시(수도권정비계획법에 따른 과밀억제권역에 포함된 지역과 군지역 제외)안산시,김포시 및 광주시 | C36: 70000000 | D36: 23000000 | E36: Category15
B37: 그 밖의 지역 | C37: 60000000 | D37: 20000000 | E37: Category16
A38: 2023. 02. 21 부터 | B38: 서울특별시 | C38: 165000000 | D38: 55000000 | E38: Category8
B39: 수도권정비계획법에 따른과밀억제권역(서울특별시제외),세종특별자치시,용인시 및 화성시 | C39: 145000000 | D39: 48000000 | E39: Category14
B40: 광역시(수도권정비계획법에 따른 과밀억제권역에 포함된 지역과 군지역 제외)안산시,김포시 및 광주시 | C40: 85000000 | D40: 28000000 | E40: Category15
B41: 그 밖의 지역 | C41: 75000000 | D41: 25000000 | E41: Category16
A44: Category1 | B44: 서울특별시, 부산광역시, 대구광역시, 인천광역시, 광주광역시, 대전광역시
A45: Category2 | B45: category1 외
A46: Category3 | B46: 서울특별시, 부산광역시, 대구광역시, 인천광역시, 광주광역시, 대전광역시, 울산광역시 (1997년 이후) 군제외
A47: Category4 | B47: caterory 3 외
A48: Category5 | B48: 서울특별시 · 인천광역시[강화군, 옹진군, 중구 운남동· 운북동·운서동·중산동· 남북동·덕교동·을왕동· 무의동, 서구 대곡동· 불노동·마전동·금곡동· 오류동·왕길동·당하동· 원당동, 연수구 송도매립지(인천광역 시장이 송도신시가지 조성을 위하여 1990년 11월 12일 송도앞 공유수면매립공사면허를 받은 지역을 말한다), 남동유치지역을 제외한다] · 의정부시 · 구리시 · 남양주시(호평동, 평내동, 금곡동·일패동·이패동· 삼패동·가운동·수석동· 지금동, 도농동에 한한다) · 하남시 · 고양시 · 수원시 · 성남시 · 안양시 · 부천시 · 광명시 · 과천시 · 의왕시 · 군포시 · 시흥시 (반월특수지역을 제외한다)
A49: Category6 | B49: [부산광역시, 대전광역시, 울산광역시, 대구광역시, 광주광역시 중 군지역 제외]
A50: Category7 | B50: category5,6 외 지역
A51: Category8 | B51: 서울특별시
A52: Category9 | B52: 2. 인천광역시[강화군, 옹진군, 서구 대곡동ㆍ불로동ㆍ마전동ㆍ금곡동ㆍ오류동ㆍ왕길동ㆍ당하동ㆍ원당동, 인천경제자유구역(경제자유구역에서해제된 지역을 포함한다) 및 남동 국가산업단지는 제외한다] 3. 의정부시4. 구리시5. 남양주시(호평동, 평내동, 금곡동, 일패동, 이패동, 삼패동, 가운동, 수석동, 지금동 및 도농동만해당한다) 6. 하남시7. 고양시8. 수원시9. 성남시10. 안양시11. 부천시12. 광명시13. 과천시14. 의왕시15. 군포시16. 시흥시[반월특수지역(반월특수지역에서 해제된 지역을 포함한다)은제외한다]
A53: Category10 | B53: 안산시,용인시,김포시 및 광주시, [부산광역시, 대전광역시, 울산광역시, 대구광역시, 광주광역시 중 군지역 제외]
A54: Category11 | B54: category8, 10, 11 외 지역
A55: Category12 | B55: 세종특별자치시,안산시,용인시,김포시 및 광주시, [부산광역시, 대전광역시, 울산광역시, 대구광역시, 광주광역시 중 군지역 제외]
... A59: Category16 | B59: category8, 14, 15 외 지역
A61: 수도권정비계획법 시행령 [별표 1]
A63: * 최우선 변제요건: 전입일자와 주거(점유)가 확인된자(확정일자는 없어도 됨)
A64: * 미전입, 미주거일 경우 등기부등본상 추택임차권자로 등기 완료한자(전세권 설정자는 제외)
A65: * 최우선 변제액은 경매 낙찰가의 2분의1한도내(경매비용을 제외한 낙찰가)

Sheet 선순위(상가)
A1: 상가건물 임대차보호법 시행령 제 2조, 6조, 7조 | C1: >공공데이터 복구 후 업데이트 가능
A3: 시행일자 | B3: 지역 | C3: 조건(이하) | D3: 최우선 변제 보증금 | E3: 최우선변제액 | F3: Category | G3: 주택
A4: 2002.10.14 | B4: 서울특별시 | C4: 240000000 | D4: 45000000 | E4: 13500000 | F4: Category1
B5: 「수도권정비계획법」에 따른 수도권중 과밀억제권역(서울특별시를 제외한다) | C5: 190000000 | D5: 39000000 | E5: 11700000 | F5: Category2 | G5: Category5
B6: 광역시(군지역과 인천광역시는 제외) | C6: 150000000 | D6: 30000000 | E6: 9000000 | F6: Category3 | G6: Category6
B7: 그밖의 지역 | C7: 140000000 | D7: 25000000 | E7: 7500000 | F7: Category4
A8: 2008.08.21 | B8: 서울특별시 | C8: 260000000 | D8: 45000000 | E8: 13500000 | F8: Category1
B9: 「수도권정비계획법」에 따른 수도권중 과밀억제권역(서울특별시를 제외한다) | C9: 210000000 | D9: 39000000 | E9: 11700000 | F9: Category2
B10: 광역시(군지역과 인천광역시는 제외) | C10: 160000000 | D10: 30000000 | E10: 9000000 | F10: Category3
B11: 그밖의 지역 | C11: 150000000 | D11: 25000000 | E11: 7500000 | F11: Category4
A12: 2010.07.26 | B12: 서울특별시 | C12: 300000000 | D12: 50000000 | E12: 15000000 | F12: Category1
B13: 「수도권정비계획법」에 따른 수도권중 과밀억제권역(서울특별시를 제외한다) | C13: 250000000 | D13: 45000000 | E13: 13500000 | F13: Category5
B14: 광역시(「수도권정비계획법」에 따른 과밀억제권역에 포함된 지역과 군지역은 제외한다), 안산시, 용인시, 김포시 및 광주시 | C14: 180000000 | D14: 30000000 | E14: 9000000 | F14: Category6
B15: 그밖의 지역 | C15: 150000000 | D15: 25000000 | E15: 7500000 | F15: Category7
A16: 2014.01.01 | B16: 서울특별시 | C16: 400000000 | D16: 65000000 | E16: 22000000 | F16: Category1
B17: 「수도권정비계획법」에 따른 수도권중 과밀억제권역(서울특별시를 제외한다) | C17: 300000000 | D17: 55000000 | E17: 19000000 | F17: Category5
B18: 광역시(「수도권정비계획법」에 따른 과밀억제권역에 포함된 지역과 군지역은 제외한다), 안산시, 용인시, 김포시 및 광주시 | C18: 240000000 | D18: 38000000 | E18: 13000000 | F18: Category6
B19: 그밖의 지역 | C19: 180000000 | D19: 30000000 | E19: 10000000 | F19: Category7
A20: 2018.01.26 ~2019-04-01 | B20: 서울특별시 | C20: 610000000 | D20: 65000000 | E20: 22000000 | F20: Category1
B21: 수도권정비계획법에 따른 과밀억제권역(서울특별시 제외) | C21: 500000000 | D21: 55000000 | E21: 19000000 | F21: Category8
B22: 부산광역시(기장군 제외) | C22: 500000000 | D22: 38000000 | E22: 13000000 | F22: Category9
B23: 부산광역시(기장군) | C23: 500000000 | D23: 30000000 | E23: 10000000 | F23: Category10
B24: 광역시(수도권정비계획법에 따른 과밀억제권역에 포함된 지역과 군지역, 부산광역시 제외), 안산시, 용인시, 김포시 및 광주시 | C24: 390000000 | D24: 38000000 | E24: 13000000 | F24: Category11
B25: 세종특별자치시, 파주시, 화성시 | C25: 390000000 | D25: 30000000 | E25: 10000000 | F25: Category12
B26: 그 밖의 지역 | C26: 270000000 | D26: 30000000 | E26: 10000000 | F26: Category13
A27: 2019.04.02 현재 | B27: 서울 | C27: 900000000 | D27: 65000000 | E27: 22000000 | F27: Category1
B28: 수도권/과밀억제권역/부산광역시 | C28: 690000000 | D28: 55000000 | E28: 19000000 | F28: Category14
B29: 광역시(인천.부산,군지역제외),세종시,파주시,화성시,안산시,용인시,김포시,경기광주시 | C29: 540000000 | D29: 38000000 | E29: 13000000 | F29: Category15
B30: 기타지역 | C30: 370000000 | D30: 30000000 | E30: 10000000 | F30: Category16
A32: 조건산정시 비율 | B32: 월세 *100
A34: Category1 | B34: 서울특별시
A35: Category2 | B35: 인천광역시[강화군, 옹진군, 중구 운남동· 운북동·운서동·중산동· 남북동·덕교동·을왕동· 무의동, 서구 대곡동· 불노동·마전동·금곡동· 오류동·왕길동·당하동· 원당동, 연수구 송도매립지(인천광역 시장이 송도신시가지 조성을 위하여 1990년 11월 12일 송도앞 공유수면매립공사면허를 받은 지역을 말한다), 남동유치지역을 제외한다] · 의정부시 · 구리시 · 남양주시(호평동, 평내동, 금곡동·일패동·이패동· 삼패동·가운동·수석동· 지금동, 도농동에 한한다) · 하남시 · 고양시 · 수원시 · 성남시 · 안양시 · 부천시 · 광명시 · 과천시 · 의왕시 · 군포시 · 시흥시 (반월특수지역을 제외한다)
A36: Category3 | B36: [부산광역시, 대전광역시, 울산광역시, 대구광역시, 광주광역시 중 군지역 제외]
A37: Category4 | B37: category1,2,3 외 지역
A38: Category5 | B38: 2. 인천광역시[강화군, 옹진군, 서구 대곡동ㆍ불로동ㆍ마전동ㆍ금곡동ㆍ오류동ㆍ왕길동ㆍ당하동ㆍ원당동, 인천경제자유구역(경제자유구역에서해제된 지역을 포함한다) 및 남동 국가산업단지는 제외한다] 3. 의정부시4. 구리시5. 남양주시(호평동, 평내동, 금곡동, 일패동, 이패동, 삼패동, 가운동, 수석동, 지금동 및 도농동만해당한다) 6. 하남시7. 고양시8. 수원시9. 성남시10. 안양시11. 부천시12. 광명시13. 과천시14. 의왕시15. 군포시16. 시흥시[반월특수지역(반월특수지역에서 해제된 지역을 포함한다)은제외한다]
A39: Category6 | B39: 안산시,용인시,김포시 및 광주시, [부산광역시, 대전광역시, 울산광역시, 대구광역시, 광주광역시 중 군지역 제외]
A40: Category7 | B40: category1,5,6 외 지역
A41: Category8 | B41: 2. 인천광역시[강화군, 옹진군, 서구 대곡동ㆍ불로동ㆍ마전동ㆍ금곡동ㆍ오류동ㆍ왕길동ㆍ당하동ㆍ원당동, 인천경제자유구역(경제자유구역에서해제된 지역을 포함한다) 및 남동 국가산업단지는 제외한다] 3. 의정부시4. 구리시5. 남양주시(호평동, 평내동, 금곡동, 일패동, 이패동, 삼패동, 가운동, 수석동, 지금동 및 도농동만해당한다) 6. 하남시7. 고양시8. 수원시9. 성남시10. 안양시11. 부천시12. 광명시13. 과천시14. 의왕시15. 군포시16. 시흥시[반월특수지역(반월특수지역에서 해제된 지역을 포함한다)은제외한다]
A42: Category9 | B42: 부산광역시 (기장군 제외)
A43: Category10 | B43: 부산광역시 기장군
A44: Category11 | B44: 안산시,용인시,김포시 및 광주시, [대전광역시, 울산광역시, 대구광역시, 광주광역시 중 군지역 제외]
... A49: Category16 | B49: category1,14,15외 지역

Sheet Tool Box
A1: 1. 지번별 감정가 입력
A2: 지번일련번호 | B2: 지번주소지 | E2: 면적(평) | F2: 평당감정가 | G2: 감정가
A7: 기계기구
A8: * 평당 감정가 역산
A10: 1-1 지번별 평가 | B10: (1번 입력가액 가지고 연결)
A11: 지번일련번호 | B11: 지번주소지 | E11: 면적(평) | F11: 평당감정가 | G11: 감정가 | H11: 1안 | J11: 2안
H12: 평당 평가액 | I12: 평가액 | J12: 평당 평가액 | K12: 평가액
A18: 2. 배분대상재원 안분 (해지부)
A19: 구분 | B19: 감정평가금액 | C19: 당해시설 여부 | D19: 1안배당가능재원(AK) | E19: 2안배당가능재원(AL) | F19: 1순위 근저당권 | G19: 2순위 근저당권 | H19: 3순위 근저당권
A20: 토지 | C20: 체크박스 | D20: 감정평가금액으로 안분 | E20: 감정평가금액으로 안분 | F20: 체크박스 | G20: 체크박스 | H20: 체크박스
A21: 건물 | C21: 체크박스 | D21: 감정평가금액으로 안분 | E21: 감정평가금액으로 안분 | F21: 체크박스 | G21: 체크박스 | H21: 체크박스
A22: 기계 | C22: 체크박스 | D22: 감정평가금액으로 안분 | E22: 감정평가금액으로 안분 | F22: 체크박스 | G22: 체크박스 | H22: 체크박스
A23: 제시외 | C23: 체크박스 | D23: 감정평가금액으로 안분 | E23: 감정평가금액으로 안분 | F23: 체크박스 | G23: 체크박스 | H23: 체크박스
A24: 당해시설 (일부일경우 평가자입력) | C24: 체크박스 | D24: 감정평가금액으로 안분 | E24: 감정평가금액으로 안분 | F24: 체크박스 | G24: 체크박스 | H24: 체크박스
A25: Total
A27: 2-1. 배분대상재원 안분 (타행기계기구)
A28: 구분 | B28: 감정평가금액 | C28: 타행기계여부 | D28: 1안배당가능재원(AK) | E28: 2안배당가능재원(AL)
A29: 토지 | C29: 체크박스 | D29: 감정평가금액으로 안분 | E29: 감정평가금액으로 안분
A30: 건물 | C30: 체크박스 | D30: 감정평가금액으로 안분 | E30: 감정평가금액으로 안분
A31: 기계 | C31: 체크박스 | D31: 감정평가금액으로 안분 | E31: 감정평가금액으로 안분
A32: 제시외 | C32: 체크박스 | D32: 감정평가금액으로 안분 | E32: 감정평가금액으로 안분
A33: 타행기계기구 (일부일경우 평가자입력) | C33: 체크박스 | D33: 감정평가금액으로 안분 | E33: 감정평가금액으로 안분
A34: Total
A37: 3. 기계기구
A38: 번호 | B38: 기계기구명 | E38: 제조사 | F38: 제작일자 | G38: 수량 | H38: 단가 | I38: 감정가 | J38: 공장저당1호 | K38: 공장저당2호 | L38: 공장저당3호 | M38: 공장저당 4호
A45: 카톡 사진전송 기능
A47: 4. 주택 선순위 임대차 확인
A48: 구분 | B48: 면적 | C48: 임차인 | D48: 임차개시일 | E48: 임차종료일 | F48: 전입일 | G48: 보증금 | H48: 월세 | I48: 소액보증금 | J48: 선순위 보증금
A55: 합계
A58: 5. 상가 임대차
A59: 구분 | B59: 면적 | C59: 임차인 | D59: 임차개시일 | E59: 임차종료일 | F59: 확정신고일 | G59: 보증금 | H59: 월세 | I59: 소액보증금 | J59: 선순위 보증금
A66: 합계
A68: 6. 수익가치 | B68: 입력정보 가져오기 (주택, 상가 입력된 정보)
A69: 구분 | B69: 면적 | C69: 임차인 | D69: 임차개시일 | E69: 임차종료일 | F69: 확정신고일 | G69: 보증금 | H69: 월세 | I69: 연임대료 | J69: 환원율 | K69: 수익가치
A76: 합계
A78: 6-1 수익가치 민감도 분석
A79: 기본할인율 | B79: 0.06 | C79: 민감도 기준 | D79: 0.005
A80: 구분 | B80: 0.05 | C80: 0.055 | D80: 0.06 | E80: 0.065 | F80: 0.07
A81: 수익가치
A82: 평당가액
A84: 7. 임금채권
A85: 순번 | B85: 성명 | C85: 생년월일 | D85: 가압류일자 | E85: 가압류금액 | F85: 배당요구일자 | G85: 배당요구액(체불내역) | K85: 반영금액 | O85: 비고
G86: 임금 | H86: 퇴직금 | I86: 기타 | J86: 합계 | K86: 3개월 임금 | L86: 3년분 퇴직금 | M86: 체당금지급액 | N86: 합 계
A87: 1 | B87: 김00 | C87: 680714 | F87: 45770 | H87: 19539623 | J87: =SUM(G87:I87) -> 19539623 | L87: 7099200 | M87: 0 | N87: =K87+L87-M87 -> 7099200
A88: 2 | B88: 라00 | C88: 680109 | F88: 45778 | H88: 35108309 | J88: =SUM(G88:I88) -> 35108309 | L88: 12401910 | M88: 0 | N88: =K88+L88-M88 -> 12401910
A89: 3 | B89: 김00 | C89: 700220 | F89: 45799 | H89: 8869018 | J89: =SUM(G89:I89) -> 8869018 | L89: 7234470 | M89: 7000000 | N89: =K89+L89-M89 -> 234470
A90: 4 | B90: 근로복지공단 | F90: 45835 | J90: =SUM(G90:I90) -> 0 | K90: 7000000 | N90: =K90+L90-M90 -> 7000000 | O90: 배당요구종기일 경과 후 배당요구하였으나 3번 김00 체당금 지급으로 추정 반영
A91: 5 | B91: 근로복지공단 | F91: 45870 | J91: =SUM(G91:I91) -> 0 | N91: =K91+L91-M91 -> 0 | O91: 배당요구종기일 경과 후 배당요구
J92: =SUM(G92:I92) -> 0 | N92: =K92+L92-M92 -> 0
A93: 합계 | E93: =SUM(E87:E92) -> 0 | G93: =SUM(G87:G92) -> 0 | H93: =SUM(H87:H92) -> 63516950 | I93: =SUM(I87:I92) -> 0 | J93: =SUM(J87:J92) -> 63516950 | K93: =SUM(K87:K92) -> 7000000 | L93: =SUM(L87:L92) -> 26735580 | M93: =SUM(M87:M92) -> 7000000 | N93: =SUM(N87:N92) -> 26735580
A95: 8. 탐문 매매 Table
A96: 구분 | B96: 감정가 | C96: 면적(평) | D96: 단가 | E96: 평가액
A97: 토지
A98: 건물
A99: 기계
A100: 합계 | B100: =SUM(B97:B99) -> 0 | E100: =SUM(E97:E99) -> 0
A103: 9. 탐문 수익가치 table
A104: 건물면적 | B104: 평당임대료 | C104: 월임대료 | D104: 연임대료 | E104: 환원율 | F104: 보증금 | G104: 수익가치
C105: =B105*A105 -> 0 | D105: =C105*12 -> 0 | G105: =D105/E105+F105 -> #DIV/0!
A107: 10. 선순위 관리비
A108: 관리사무소 번호 | B108: 체납관리비 | C108: 월 관리비 | D108: 1안 추정관리비 | E108: 2안 추정관리비
C109: =B109*A109 -> 0 | D109: 체납관리비+month(adate~1안낙찰일)*월 관리비 | E109: 체납관리비+month(adate~2안낙찰일)*월 관리비
A111: 11. 임대호가 분석
A112: 구분 | B112: 호가1 | C112: 호가2 | D112: 호가3 | E112: 호가4 | F112: 호가5 | G112: 평균
A113: 분양(평)
A114: 전용(평)
A115: 보증금
A116: 월 임대료
A117: 전용평당임대료
A118: 층수
A119: 비고
A120: 월 임대수익 | B120: =G117*건물면적(평) -> #NAME? | C120: 연간임대수익 | D120: =B120*12 -> #NAME?
A124: 12. 무상임대분석
A125: IRR | C125: 구분 | D125: 1 | E125: 2 | F125: 3 | G125: 4 | H125: 5
A126: 본건 면적(평) | C126: 연도별 무상임대기간 | D126: 6 | E126: 6 | F126: 3 | G126: 3 | H126: 0
A127: 감정가 | C127: 연간 임대수익 | D127: =$B$126*$B$130*(12-D126) -> #DIV/0! | E127: =$B$126*$B$130*(12-E126) -> #DIV/0! | F127: =$B$126*$B$130*(12-F126) -> #DIV/0! | G127: =$B$126*$B$130*(12-G126) -> #DIV/0! | H127: =$B$126*$B$130*(12-H126) -> #DIV/0!
A128: 평당 감정가 | C128: 월 임대수익 | D128: =D127/12 -> #DIV/0! | E128: =E127/12 -> #DIV/0! | F128: =F127/12 -> #DIV/0! | G128: =G127/12 -> #DIV/0! | H128: =H127/12 -> #DIV/0!
A129: 지역소득수익율 | C129: 평당 실질 임대수익 | D129: =D128/$H$239 -> #DIV/0! | E129: =E128/$H$239 -> #DIV/0! | F129: =F128/$H$239 -> #DIV/0! | G129: =G128/$H$239 -> #DIV/0! | H129: =H128/$H$239 -> #DIV/0!
A130: 평당 정상 임대수익 | B130: =B128/B129/12 -> #DIV/0! | C130: TV | H130: =H127/B125 -> #DIV/0!
C131: CF | D131: =D127 -> #DIV/0! | E131: =E127 -> #DIV/0! | F131: =F127 -> #DIV/0! | G131: =G127 -> #DIV/0! | H131: =H127+H130 -> #DIV/0!
C132: 수익가치 | D132: =XNPV(B125,D125:H125,D131:H131) -> #NUM! | E132: 평당 | F132: =D132/B126 -> #NUM!
A135: 13. QA 등록
A136: No. | B136: Question | G136: Answer
B137: Date | C137: Description | G137: Date | H137: Description
A138: 1 | B138: 45600 | C138: 공매진행시, 공동1순위권자의 동의없이 공매를 진행할 수 있는지 확인부탁드립니다. 동의가 반드시 필요하다면 공동1순위권자가 동의한 동의서 등 자료 송부부탁드립니다. | G138: 45610 | H138: 기 제공해 드린 론파일 1/2 의 부동산신탁계약서의 별첨 2 신탁재산의 처분에 관한 조건을 참고하시기 바랍니다.
A139: 2 | B139: 45600 | C139: 신탁원부 및 수익권증서 요청드립니다. | G139: 45610 | H139: 요청하신 자료는 기제공된 론파일내 존재하는 것으로 확인됩니다.
A140: 3 | B140: 45600 | C140: NPL에 이르게 된사유 확인바랍니다. | G140: 45610 | H140: 차주 부실화 사유에 대해서 당행 별도로 파악하고 있는 바 없습니다.
A141: 4 | B141: 45600 | C141: 담보2 경매미진행 사유 확인바랍니다. | G141: 45610 | H141: 당행 경매신청 준비 중으로 상세한 일정까지는 확인하기 어려운 점 양해해 주시기 바랍니다.
C157: 150000
C158: 2000
C159: =C158*C157 -> 300000000
C160: =C159*5 -> 1500000000 | D160: =C160/2 -> 750000000

Sheet 선순위
A3: <주택임대차보호법>
B4: 시행일자 | C4: 지역 | D4: 조건(이하) | E4: 최우선변제액
B5: 1990.2.19 | C5: 서울및 광역시 | D5: 20000000 | E5: 7000000
C6: 기타지역 | D6: 15000000 | E6: 5000000
B7: 1995.10.19 | C7: 서울및 광역시 | D7: 30000000 | E7: 12000000
C8: 기타지역 | D8: 20000000 | E8: 8000000
B9: 2001.09.15 | C9: 서울,인천광역시,수도권중 과밀억제지역 | D9: 40000000 | E9: 16000000
C10: 광역시(인천,군지역제외) | D10: 35000000 | E10: 14000000
C11: 그밖의지역 | D11: 30000000 | E11: 12000000
B12: 2008.08.21 | C12: 서울,인천광역시,수도권중 과밀억제지역 | D12: 60000000 | E12: 20000000
C13: 광역시(인천,군지역제외) | D13: 50000000 | E13: 17000000
C14: 그밖의지역 | D14: 40000000 | E14: 14000000
B15: 2010.07.26 | C15: 서울특별시 | D15: 75000000 | E15: 25000000
C16: 「수도권정비계획법」에 따른 과밀억제권역(서울특별시는 제외한다) | D16: 65000000 | E16: 22000000
C17: 광역시(「수도권정비계획법」에 따른 과밀억제권역에 포함된 지역과 군지역은 제외한다), 안산시, 용인시, 김포시 및 광주시 | D17: 55000000 | E17: 19000000
C18: 그밖의지역 | D18: 40000000 | E18: 14000000
B19: 2014.01.01 | C19: 서울특별시 | D19: 95000000 | E19: 32000000 | F19: =E19/D19 -> 0.33684211
C20: 수도권정비계획법에 따른 과밀억제권역(서울제외) | D20: 80000000 | E20: 27000000 | F20: =E20/D20 -> 0.3375
C21: 광역시(「수도권 과밀억제권역에 포함된 지역과 군지역은 제외한다), 안산시, 용인시, 김포시 및 광주시 | D21: 60000000 | E21: 20000000 | F21: =E21/D21 -> 0.33333333
C22: 그밖에 지역 | D22: 45000000 | E22: 15000000 | F22: =E22/D22 -> 0.33333333
B23: 2016.03.31~ | C23: 서울특별시 | D23: 100000000 | E23: 34000000 | F23: =E23/D23 -> 0.34
C24: 수도권정비계획법에 따른 과밀억제권역(서울제외) | D24: 80000000 | E24: 27000000 | F24: =E24/D24 -> 0.3375
B25: 현재 | C25: 광역시(「수도권 과밀억제권역에 포함된 지역과 군지역은 제외한다), 안산시, 용인시, 김포시 및 광주시 | D25: 60000000 | E25: 20000000 | F25: =E25/D25 -> 0.33333333
C26: 그밖에 지역 | D26: 50000000 | E26: 17000000 | F26: =E26/D26 -> 0.34
B27: 2018. 9. 18.~ | C27: 서울특별시 | D27: 110000000 | E27: 37000000 | F27: =E27/D27 -> 0.33636364
C28: 수도권정비계획법에 따른 과밀억제권역(서울특별시 제외), 용인시, 세종특별자치시, 화성시 | D28: 100000000 | E28: 34000000 | F28: =E28/D28 -> 0.34
B29: 현재 | C29: 광역시(수도권정비계획법에 따른 과밀억제권역에 포함된 지역과 군지역 제외), 안산시, 김포시, 광주시 및 파주시 | D29: 60000000 | E29: 20000000 | F29: =E29/D29 -> 0.33333333
C30: 그 밖의 지역 | D30: 50000000 | E30: 17000000 | F30: =E30/D30 -> 0.34
B31: 2021. 5. 11.~ | C31: 서울특별시 | D31: 150000000 | E31: 50000000 | F31: =E31/D31 -> 0.33333333
C32: 수도권정비계획법에 따른 과밀억제권역(서울특별시 제외), 용인시, 세종특별자치시, 화성시, 김포시 | D32: 130000000 | E32: 43000000 | F32: =E32/D32 -> 0.33076923
C33: 광역시(수도권정비계획법에 따른 과밀억제권역에 포함된 지역과 군지역 제외), 안산시, 광주시 및 파주시, 이천시 및 평택시 | D33: 70000000 | E33: 23000000 | F33: =E33/D33 -> 0.32857143
C34: 그 밖의 지역 | D34: 60000000 | E34: 20000000 | F34: =E34/D34 -> 0.33333333
B35: 2023.02.21 | C35: 서울특별시 | D35: 165000000 | E35: 55000000 | F35: =E35/D35 -> 0.33333333
C36: 수도권정비계획법에 따른 과밀억제권역(서울특별시 제외), 용인시, 세종특별자치시, 화성시, 김포시 | D36: 145000000 | E36: 48000000 | F36: =E36/D36 -> 0.33103448
C37: 광역시(수도권정비계획법에 따른 과밀억제권역에 포함된 지역과 군지역 제외), 안산시, 광주시 및 파주시, 이천시 및 평택시 | D37: 85000000 | E37: 28000000 | F37: =E37/D37 -> 0.32941176
C38: 그 밖의 지역 | D38: 75000000 | E38: 25000000 | F38: =E38/D38 -> 0.33333333
B40: 시행일자 이전에 담보물권을 자에 대해서는 종전의 규정이 적용됨.
B41: 따라서 현재는 소액임차인에 해당하더라도 구 법령하에서는 소액임차인에 대항하지 않는 경우 구 법령 시행시 설정된 근저당권자에 대하여는 소액임차인의 우선변제권을 주장할 수 없음.
B42: →2005.9.10 근저당권이 설정된 서울소재 주택을 2008년 9.10보증금 6,000만원에 임차한 경우 임차인은 개정법령에 의하면 소액임차인이더라도 구법령하에서는 소액임차인이 아니고 근저당권은 구 법령하에서 설정된 것이므로 소액임차인에서 제외 됨.
B44: * 최우선 변제요건: 전입일자와 주거(점유)가 확인된자(확정일자는 없어도 됨)
B45: * 미전입, 미주거일 경우 등기부등본상 추택임차권자로 등기 완료한자(전세권 설정자는 제외)
B46: * 최우선 변제액은 경매 낙찰가의 2분의1한도내(경매비용을 제외한 낙찰가)
A48: <상가임대차보호법>
B50: 시행일자 | C50: 지역 | D50: 조건(이하) | E50: 최우선 변제 보증금 | F50: 최우선변제액
B51: 2002.10.14 | C51: 서울특별시 | D51: 240000000 | E51: 45000000 | F51: 13500000
C52: 「수도권정비계획법」에 따른 수도권중 과밀억제권역(서울특별시를 제외한다) | D52: 190000000 | E52: 39000000 | F52: 11700000
C53: 광역시(군지역과 인천광역시는 제외) | D53: 150000000 | E53: 30000000 | F53: 9000000
C54: 그밖의 지역 | D54: 140000000 | E54: 25000000 | F54: 7500000
B55: 2008.08.21 | C55: 서울특별시 | D55: 260000000 | E55: 45000000 | F55: 13500000
C56: 「수도권정비계획법」에 따른 수도권중 과밀억제권역(서울특별시를 제외한다) | D56: 210000000 | E56: 39000000 | F56: 11700000
C57: 광역시(군지역과 인천광역시는 제외) | D57: 160000000 | E57: 30000000 | F57: 9000000
C58: 그밖의 지역 | D58: 150000000 | E58: 25000000 | F58: 7500000
B59: 2010.07.26 | C59: 서울특별시 | D59: 300000000 | E59: 50000000 | F59: 15000000
C60: 「수도권정비계획법」에 따른 수도권중 과밀억제권역(서울특별시를 제외한다) | D60: 250000000 | E60: 45000000 | F60: 13500000
C61: 광역시(「수도권정비계획법」에 따른 과밀억제권역에 포함된 지역과 군지역은 제외한다), 안산시, 용인시, 김포시 및 광주시 | D61: 180000000 | E61: 30000000 | F61: 9000000
C62: 그밖의 지역 | D62: 150000000 | E62: 25000000 | F62: 7500000
B63: 2014.01.01 | C63: 서울특별시 | D63: 400000000 | E63: 65000000 | F63: 22000000
C64: 「수도권정비계획법」에 따른 수도권중 과밀억제권역(서울특별시를 제외한다) | D64: 300000000 | E64: 55000000 | F64: 19000000
C65: 광역시(「수도권정비계획법」에 따른 과밀억제권역에 포함된 지역과 군지역은 제외한다), 안산시, 용인시, 김포시 및 광주시 | D65: 240000000 | E65: 38000000 | F65: 13000000
C66: 그밖의 지역 | D66: 180000000 | E66: 30000000 | F66: 10000000
B67: 2018.01.26 ~2019-04-01 | C67: 서울특별시 | D67: 610000000 | E67: 65000000 | F67: 22000000 | G67: =F67/E67 -> 0.33846154
C68: 수도권정비계획법에 따른 과밀억제권역(서울특별시 제외) | D68: 500000000 | E68: 55000000 | F68: 19000000 | G68: =F68/E68 -> 0.34545455
C69: 부산광역시(기장군 제외) | D69: 500000000 | E69: 38000000 | F69: 13000000 | G69: =F69/E69 -> 0.34210526
C70: 부산광역시(기장군) | D70: 500000000 | E70: 30000000 | F70: 10000000 | G70: =F70/E70 -> 0.33333333
C71: 광역시(수도권정비계획법에 따른 과밀억제권역에 포함된 지역과 군지역, 부산광역시 제외), 안산시, 용인시, 김포시 및 광주시 | D71: 390000000 | E71: 38000000 | F71: 13000000 | G71: =F71/E71 -> 0.34210526
C72: 세종특별자치시, 파주시, 화성시 | D72: 390000000 | E72: 30000000 | F72: 10000000 | G72: =F72/E72 -> 0.33333333
C73: 그 밖의 지역 | D73: 270000000 | E73: 30000000 | F73: 10000000 | G73: =F73/E73 -> 0.33333333
B74: 2019.04.02 현재 | C74: 서울 | D74: 900000000 | E74: 65000000 | F74: 22000000
C75: 수도권/과밀억제권역/부산광역시 | D75: 690000000 | E75: 55000000 | F75: 19000000
C76: 광역시(인천.부산,군지역제외),세종시,파주시,화성시,안산시,용인시,김포시,경기광주시 | D76: 540000000 | E76: 38000000 | F76: 13000000
C77: 기타지역 | D77: 370000000 | E77: 30000000 | F77: 10000000
B81: 조건산정시 비율 | C81: 월세 *100
B82: 1)상가임대차보호법 적용 대상 보증금 조건산정 보증금
B83: 2)최우선 변제 대상 보증금 조건산정 보증금 → 월차임이 있을 경우 최우선 변제 소액임차보증금은 월차임 조건을 만족하는 보증금에 한함.
B84: 조건은 상가 임대차 보호 대상 금액을 정하기 위한 것으로 해당금액 이하만 상가임대차 보호법의 적용대상이 되며
B85: 그렇지 않은 경우에는 확정일자 적용 우선변제권 및 최우선 변제 보증금을 고려할 필요없음.
B86: 참고로 상가임대차보호법 개정으로 환산보증금이 법적용대상보증금기준을 초과하더라도 5년계약갱신권을 부여하였습니다.
B88: ※ 2013.8.13. 이후 계약 및 갱신된 상가임대차는 임대차보호한도를 초과하더라도 계약갱신요구권 발생
B89: ※ 2015.5.13. 이후 계약 및 갱신된 상가임대차는 임대차보호한도를 초과하더라도 대항력을 적용
B90: * 보증금환산: 보증금 + (월세 * 100) = 대상금액
B91: * 상가임대차 최우선변제액의 합계액은 경매 낙찰가의 3분의1 한도내(경매비용을 제외한 낙찰가) - 2014.1.1부터는 2분의1 한도내
A97: <일반적인배당순위>
B154: (당해세)
B155: 구분 | C155: 세목
B156: 국세 | C156: 상속세, 증여세 ,종합부동산세
B157: 지방세 | C157: 재산세ㆍ자동차세ㆍ도시계획세ㆍ공동시설세,지방교육세(재산세와 자동차세분에 한한다)
B160: (임금채권, 조세채권 관련)
B161: 임금채권 | C161: 1987-11-27 이전: 저당권이 우선
C162: 1987-11-28 ~ 1989-03-28: 임금만 저당권에 우선
C163: 1989-03-29 이후: 임금 및 퇴직금 모두 저당권에 우선
C164: 1997-12-24 이전 입사자의 경우에는 1989-03-29 ~ 1997-12-23까지 발생한 퇴직금과 1997-12-24이후 발생한 최종 3년간의 퇴직금을 합산한 금액으로써 250일 분의 평균임금 이내
B165: 조세채권 | C165: 당해세시행일: 1996-01-01
C166: 종합부동산세 시행일: 2005-01-05
C167: 국민건강보험 시행일: 2000-07-01
C168: 국민연금 시행일: 2004. 1/4분기
C169: 근로복지공단 시행일 2005.01.01
B171: [별표 1] <개정 2017. 6. 20.>
B172: 과밀억제권역, 성장관리권역 및 자연보전권역의 범위(제9조 관련)
B173: 과밀억제권역 | C173: 성장관리권역 | D173: 자연보전권역
B174: 1. 서울특별시 2. 인천광역시[강화군, 옹진군, 서구 대곡동ㆍ불로동ㆍ마전동ㆍ금곡동ㆍ오류동ㆍ왕길동ㆍ당하동ㆍ원당동, 인천경제자유구역(경제자유구역에서 해제된 지역을 포함한다) 및 남동 국가산업단지는 제외한다] 3. 의정부시 4. 구리시 5. 남양주시(호평동, 평내동, 금곡동, 일패동, 이패동, 삼패동, 가운동, 수석동, 지금동 및 도농동만 해당한다) 6. 하남시 7. 고양시 8. 수원시 9. 성남시 10. 안양시 11. 부천시 12. 광명시 13. 과천시 14. 의왕시 15. 군포시 16. 시흥시[반월특수지역(반월특수지역에서 해제된 지역을 포함한다)은 제외한다] - 정왕동과 오이도 주거지역은 반월특수지역에서 해제(2011.10.21) | C174: 1. 인천광역시[강화군, 옹진군, 서구 대곡동ㆍ불로동ㆍ마전동ㆍ금곡동ㆍ오류동ㆍ왕길동ㆍ당하동ㆍ원당동, 인천경제자유구역(경제자유구역에서 해제된 지역을 포함한다) 및 남동 국가산업단지만 해당한다] 2. 동두천시 3. 안산시 4. 오산시 5. 평택시 6. 파주시 7. 남양주시(별내동, 와부읍, 진전읍, 별내면, 퇴계원면, 진건읍 및 오남읍만 해당한다) 8. 용인시(신갈동, 하갈동, 영덕동, 구갈동, 상갈동, 보라동, 지곡동, 공세동, 고매동, 농서동, 서천동, 언남동, 청덕동, 마북동, 동백동, 중동, 상하동, 보정동, 풍덕천동, 신봉동, 죽전동, 동천동, 고기동, 상현동, 성복동, 남사면, 이동면 및 원삼면 목신리ㆍ죽릉리ㆍ학일리ㆍ독성리ㆍ고당리ㆍ문촌리만 해당한다) 9. 연천군 10. 포천시 11. 양주시 12. 김포시 13. 화성시 14. 안성시(가사동, 가현동, 명륜동, 숭인동, 봉남동, 구포동, 동본동, 영동, 봉산동, 성남동, 창전동, 낙원동, 옥천동, 현수동, 발화동, 옥산동, 석정동, 서인동, 인지동, 아양동, 신흥동, 도기동, 계동, 중리동, 사곡동, 금석동, 당왕동, 신모산동, 신소현동, 신건지동, 금산동, 연지동, 대천동, 대덕면, 미양면, 공도읍, 원곡면, 보개면, 금광면, 서운면, 양성면, 고삼면, 죽산면 두교리ㆍ당목리ㆍ칠장리 및 삼죽면 마전리ㆍ미장리ㆍ진촌리ㆍ기솔리ㆍ내강리만 해당한다) 15. 시흥시 중 반월특수지역(반월특수지역에서 해제된 지역을 포함한다) | D174: 1. 이천시 2. 남양주시(화도읍, 수동면 및 조안면만 해당한다) 3. 용인시(김량장동, 남동, 역북동, 삼가동, 유방동, 고림동, 마평동, 운학동, 호동, 해곡동, 포곡읍, 모현면, 백암면, 양지면 및 원삼면 가재월리ㆍ사암리ㆍ미평리ㆍ좌항리ㆍ맹리ㆍ두창리만 해당한다) 4. 가평군 5. 양평군 6. 여주시 7. 광주시 8. 안성시(일죽면, 죽산면 죽산리ㆍ용설리ㆍ장계리ㆍ매산리ㆍ장릉리ㆍ장원리ㆍ두현리 및 삼죽면 용월리ㆍ덕산리ㆍ율곡리ㆍ내장리ㆍ배태리만 해당한다)
...
