Workbook

Sheet 매각대상계좌_220523
C1: KB2022-1 Program 매각대상명세 | BH1: 2022.3.30 1회차환율 | BI1: EUR | BJ1: 1353.9 | BY1: 100
I2: 1 | J2: 2 | K2: 3 | L2: 4 | M2: 5 | N2: 6 | O2: 7 | P2: 8 | Q2: 9 | R2: 10 | S2: 11 | T2: 12 | U2: 13 | V2: 14 | W2: 15 | X2: 16 | Y2: 17 | Z2: 18 | AA2: 19 | AB2: 20 | AC2: 21 | AD2: 22 | AE2: 23 | AF2: 24 | AG2: 25 | AH2: 26 | AI2: 27 | AJ2: 28 | AK2: 29 | AL2: 30 | AM2: 31 | AN2: 32 | AO2: 33 | AP2: 34 | AQ2: 35 | AR2: 36 | AS2: 37 | AT2: 38 | AU2: 39 | AV2: 40 | AW2: 41 | AX2: 42 | AY2: 43 | AZ2: 44 | BA2: 45 | BB2: 46 | BC2: 47 | BD2: 48 | BE2: 49 | BF2: 50 | BG2: 51 | BH2: 52 | BI2: 53 | BJ2: 54 | BK2: 55 | BL2: 56 | BM2: 57 | BN2: 58 | BO2: 59 | BP2: 60 | BQ2: 61 | BR2: 62 | BS2: 63 | BT2: 64 | BU2: 65 | BV2: 66 | BW2: 67 | BX2: 68 | BY2: 69 | BZ2: 70 | CA2: 71 | CB2: 72 | CC2: 73 | CD2: 74 | CE2: 75 | CF2: 76 | CG2: 77 | CH2: 78 | CI2: 79 | CJ2: 80 | CK2: 81 | CL2: 82 | CM2: 83 | CN2: 84 | CO2: 85 | CP2: 86 | CQ2: 87
BK3: 텍스트나누기-너비 | BL3: 텍스트나누기-너비 | BM3: 텍스트나누기-너비 | BN3: 텍스트나누기-너비 | BO3: 텍스트나누기-너비 | CA3: (Cut 추가작업)
AH4: 금 액 정 보 | BK4: 계 좌 기 본 정 보 | CA4: 건 전 성 현 황(주채권) | CH4: 기타정보 | CK4: 담 보 구 분
A5: 차주수 | B5: 채권수 | C5: 채무자명 | D5: 고객식별자 | E5: 담보고객식별자 | F5: 계좌구분 | G5: 임시번호 | H5: 일련번호 | I5: KEY | J5: 채권양도예정안내 | K5: Cut_계좌번호 | L5: 변경후계좌번호 | M5: 신용정보 위임 | N5: 매각신청여부 | O5: Pool1 | P5: Pool2 | Q5: 보고점 | R5: 보고자 | S5: 보고자명 | T5: 관리점번 | U5: 관리점명 | V5: 고객식별자 | W5: 사망여부 | X5: 전산 개인워크아웃 | Y5: 전산 기업워크아웃 | Z5: 차주일련번호 | AA5: 채무자명 | AB5: 특채여부 | AC5: 특이사항 | AD5: 유가증권 보유여부 | AE5: 과목 | AF5: 특채원인계좌 | AG5: 가계기업구분 | AH5: 통화구분 | AI5: 전년도계좌(BS) | AJ5: 전년도잔액(BS) | AK5: 전년도충당금 | AL5: 수정충당금 | AM5: 수정충당금(반올림) | AN5: BS충당금 | AO5: 특채충당금 환입액 (당해년도상각계좌만) | AP5: 3월말충당금 | AQ5: 잔액 (원화/외화) | AR5: 잔액(원화환산) | AS5: 부동산담보배분 내부회복가치 | AT5: 보증서금액 | AU5: 동산담보배분 내부회복가치 | AV5: 총배분내부회복가치 | AW5: 담보가 | AX5: NPV기준금액 | AY5: 계좌별 NPV_테이블 | AZ5: NPV율 | BA5: 22.3.30기준 계좌별 NPV | BB5: 선순위반영안한 NPV | BC5: BS잔액 | BD5: 특채잔액 | BE5: 여신성가지급금 | BF5: 미회수가지급금 | BG5: 가지급합 | BH5: OPB | BI5: 미수이자금액(원화이외) | BJ5: 미수이자금액(KRW) | BK5: 신규일 | BL5: 만기일 | BM5: 특채편입일 | BN5: 최종이수일 | BO5: 연체기준일 | BP5: 최초대출금액 | BQ5: 최초대출금액(외화) | BR5: 일부상각여부 | BS5: 가계기업구분 | BT5: 상품코드 | BU5: 상품코드명 | BV5: Cut_계좌번호 | BW5: 정상이자율 | BX5: 연체이율(%) | BY5: 송부한도번호 | BZ5: 0.11 | CA5: 정상 | CB5: 요주의 | CC5: 고정 | CD5: 회수의문 | CE5: 추정손실 | CF5: 고정이하합 | CG5: zzzd | CH5: 담보고객식별자 | CI5: 고객식별자 | CJ5: eere | CK5: 주담보구분 | CL5: 담보구분1 | CM5: 담보구분2 | CN5: 담보구분3 | CO5: 담보구분4 | CP5: 담보구분5 | CQ5: 최종담보여부 | CR5: 1차담보구분 | CS5: 2차담보구분
A6: 1 | B6: 1 | C6: 농업회사법인（주）한길웰바이오 | D6: 8002771451 | E6: 8002602915 | F6: 법인 | G6: =VLOOKUP(C6,차주정보!B:E,4,0) -> KB-006 | H6: =IF(D5=D6,H5+1,1) -> 1 | I6: =G6&H6 -> KB-0061 | J6: 44683 | K6: 02821601667971 | M6: 해당무 | N6: 전부신청 | O6: A | P6: R | Q6: 8747 | R6: 2521825 | S6: 신경철 | T6: 8747 | U6: 대구여신관리센터 | V6: 8002771451 | Z6: R-001 | AA6: 농업회사법인（주）한길웰바이오 | AB6: 일반 | AE6: 16 | AG6: 기업 | AH6: KRW | AI6: 02821601667971 | AJ6: 1979000000 | AK6: 502162624 | AL6: 5.0216262e+08 | AM6: 502162624 | AN6: 502162624 | AP6: 502162624 | AR6: 1979000000 | AS6: 1576223548 | AT6: 0 | AU6: 0 | AV6: 1576223548 | AW6: 1576223548 | BC6: 1979000000 | BD6: 0 | BE6: 683570 | BF6: 0 | BG6: 683570 | BH6: 1979683570 | BJ6: 76449040 | BK6: 20180920 | BL6: 20220120 | BN6: 20211222 | BO6: 20220121 | BP6: 1990000000 | BS6: 기업 | BT6: 2534P0300001 | BU6: C2자금대출 | BV6: 02821601667971 | BW6: 0.13 | BX6: 0.15 | CA6: 0 | CB6: 0 | CC6: 1576223548 | CD6: 0 | CE6: 402776452 | CF6: 1979000000 | CH6: 8002602915 | CI6: 8002771451 | CK6: 154 | CL6: 154 | CM6: 000 | CN6: 000 | CO6: 000 | CP6: 000
A7: 1 | B7: 1 | C7: （주）화진정공 | D7: 7003372067 | E7: 7003492826 | F7: 법인 | G7: =VLOOKUP(C7,차주정보!B:E,4,0) -> KB-009 | H7: =IF(D6=D7,H6+1,1) -> 1 | I7: =G7&H7 -> KB-0091 | J7: 44683 | K7: 63780104372883 | M7: 해당무 | N7: 전부신청 | O7: A | P7: R | Q7: 8747 | R7: 2521825 | S7: 신경철 | T7: 8747 | U7: 대구여신관리센터 | V7: 7003372067 | Z7: R-002 | AA7: （주）화진정공 | AB7: 일반 | AE7: 01 | AG7: 기업 | AH7: KRW | AI7: 63780104372883 | AJ7: 179000000 | AK7: 179000000 | AL7: 179000000 | AM7: 179000000 | AN7: 179000000 | AP7: 179000000 | AR7: 179000000 | AS7: 0 | AT7: 0 | AU7: 0 | AV7: 0 | AW7: 0 | BC7: 179000000 | BD7: 0 | BE7: 0 | BF7: 0 | BG7: 0 | BH7: 179000000 | BJ7: 6262497 | BK7: 20170731 | BL7: 20220128 | BN7: 20220202 | BO7: 20220129 | BP7: 179000000 | BS7: 기업 | BT7: 2532P0200001 | BU7: 기업일반운전자금대출 | BV7: 63780104372883 | BW7: 0.13 | BX7: 0.15 | BY7: 63787300018904 | CA7: 0 | CB7: 0 | CC7: 0 | CD7: 0 | CE7: 179000000 | CF7: 179000000 | CH7: 7003492826 | CI7: 7003372067 | CK7: 005 | CL7: 000 | CM7: 000 | CN7: 000 | CO7: 000 | CP7: 000
A8: 0 | B8: 1 | C8: （주）화진정공 | D8: 7003372067 | E8: 7003492826 | F8: 법인 | G8: =VLOOKUP(C8,차주정보!B:E,4,0) -> KB-009 | H8: =IF(D7=D8,H7+1,1) -> 2 | I8: =G8&H8 -> KB-0092 | J8: 44683 | K8: 63781604344299 | M8: 해당무 | N8: 전부신청 | O8: A | P8: R | Q8: 8747 | R8: 2521825 | S8: 신경철 | T8: 8747 | U8: 대구여신관리센터 | V8: 7003372067 | Z8: R-002 | AA8: （주）화진정공 | AB8: 일반 | AE8: 16 | AG8: 기업 | AH8: KRW | AI8: 63781604344299 | AJ8: 935000000 | AK8: 323097605 | AL8: 323097605 | AM8: 323097605 | AN8: 323097605 | AP8: 324677578 | AR8: 935000000 | AS8: 617994135 | AT8: 0 | AU8: 0 | AV8: 617994135 | AW8: 617994135 | BC8: 935000000 | BD8: 0 | BE8: 0 | BF8: 0 | BG8: 0 | BH8: 935000000 | BJ8: 38817064 | BK8: 20170731 | BL8: 20220131 | BN8: 20211213 | BO8: 20220114 | BP8: 940000000 | BS8: 기업 | BT8: 2532P0200030 | BU8: KB 기술창조기업 우대대출 | BV8: 63781604344299 | BW8: 0.13 | BX8: 0.15 | CA8: 0 | CB8: 0 | CC8: 617994135 | CD8: 0 | CE8: 317005865 | CF8: 935000000 | CH8: 7003492826 | CI8: 7003372067 | CK8: 154 | CL8: 154 | CM8: 000 | CN8: 000 | CO8: 000 | CP8: 000
A9: 0 | B9: 1 | C9: （주）화진정공 | D9: 7003372067 | E9: 7003492826 | F9: 법인 | G9: =VLOOKUP(C9,차주정보!B:E,4,0) -> KB-009 | H9: =IF(D8=D9,H8+1,1) -> 3 | I9: =G9&H9 -> KB-0093 | J9: 44683 | K9: 63781604348383 | M9: 해당무 | N9: 전부신청 | O9: A | P9: R | Q9: 8747 | R9: 2521825 | S9: 신경철 | T9: 8747 | U9: 대구여신관리센터 | V9: 7003372067 | Z9: R-002 | AA9: （주）화진정공 | AB9: 일반 | AE9: 16 | AG9: 기업 | AH9: KRW | AI9: 63781604348383 | AJ9: 99148959 | AK9: 26917098 | AL9: 26917098 | AM9: 26917098 | AN9: 26917098 | AP9: 28199689 | AR9: 99148959 | AS9: 99148959 | AT9: 0 | AU9: 0 | AV9: 99148959 | AW9: 99148959 | BC9: 99148959 | BD9: 0 | BE9: 0 | BF9: 0 | BG9: 0 | BH9: 99148959 | BJ9: 1116529 | BK9: 20171129 | BL9: 20221024 | BN9: 20211229 | BO9: 20220204 | BP9: 466000000 | BS9: 기업 | BT9: 2534P0500021 | BU9: KB 기술창조기업 우대대출 | BV9: 63781604348383 | BW9: 0.035 | BX9: 0.065 | CA9: 0 | CB9: 0 | CC9: 99148959 | CD9: 0 | CE9: 0 | CF9: 99148959 | CH9: 7003492826 | CI9: 7003372067 | CK9: 154 | CL9: 154 | CM9: 471 | CN9: 000 | CO9: 000 | CP9: 000
A10: 0 | B10: 1 | C10: （주）화진정공 | D10: 7003372067 | E10: 7003492826 | F10: 법인 | G10: =VLOOKUP(C10,차주정보!B:E,4,0) -> KB-009 | H10: =IF(D9=D10,H9+1,1) -> 4 | I10: =G10&H10 -> KB-0094 | J10: 44683 | K10: 63781604356410 | M10: 해당무 | N10: 전부신청 | O10: A | P10: R | Q10: 8747 | R10: 2521825 | S10: 신경철 | T10: 8747 | U10: 대구여신관리센터 | V10: 7003372067 | Z10: R-002 | AA10: （주）화진정공 | AB10: 일반 | AE10: 16 | AG10: 기업 | AH10: KRW | AI10: 63781604356410 | AJ10: 300000000 | AK10: 31880172 | AL10: 31880172 | AM10: 31880172 | AN10: 31880172 | AP10: 33647610 | AR10: 300000000 | AS10: 0 | AT10: 270000000 | AU10: 0 | AV10: 270000000 | AW10: 270000000 | BC10: 300000000 | BD10: 0 | BE10: 0 | BF10: 0 | BG10: 0 | BH10: 300000000 | BJ10: 6055002 | BK10: 20180425 | BL10: 20220413 | BN10: 20211213 | BO10: 20220114 | BP10: 300000000 | BS10: 기업 | BT10: 2532P0200001 | BU10: 기업일반운전자금대출 | BV10: 63781604356410 | BW10: 0.0517 | BX10: 0.0817 | CA10: 270000000 | CB10: 0 | CC10: 0 | CD10: 0 | CE10: 30000000 | CF10: 30000000 | CH10: 7003492826 | CI10: 7003372067 | CK10: 471 | CL10: 471 | CM10: 000 | CN10: 000 | CO10: 000 | CP10: 000
A11: 1 | B11: 1 | C11: 정현에프엔지（주） | D11: 8000836913 | E11: 8000836899 | F11: 법인 | G11: =VLOOKUP(C11,차주정보!B:E,4,0) -> KB-012 | H11: =IF(D10=D11,H10+1,1) -> 1 | I11: =G11&H11 -> KB-0121 | J11: 44651 | K11: 92901601297954 | M11: 해당무 | N11: 전부신청 | O11: A | P11: R | Q11: 3496 | R11: 2717480 | S11: 오승환 | T11: 3496 | U11: 여신관리센터 | V11: 8000836913 | Z11: R-003 | AA11: 정현에프엔지（주） | AB11: 일반 | AE11: 16 | AG11: 기업 | AH11: KRW | AI11: 92901601297954 | AJ11: 1000000000 | AK11: 6090000 | AL11: 6090000 | AM11: 6090000 | AN11: 6090000 | AP11: 6300000 | AR11: 1000000000 | AS11: 1000000000 | AT11: 0 | AU11: 0 | AV11: 1000000000 | AW11: 1000000000 | BC11: 1000000000 | BD11: 0 | BE11: 11798310 | BF11: 0 | BG11: 11798310 | BH11: 1011798310 | BJ11: 31094251 | BK11: 20200226 | BL11: 20220226 | BN11: 20210826 | BO11: 20210928 | BP11: 1000000000 | BS11: 기업 | BT11: 2534P0500001 | BU11: 기업일반시설자금대출 | BV11: 92901601297954 | BW11: 0.0292 | BX11: 0.0592 | CA11: 0 | CB11: 0 | CC11: 1000000000 | CD11: 0 | CE11: 0 | CF11: 1000000000 | CH11: 8000836899 | CI11: 8000836913 | CK11: 155 | CL11: 155 | CM11: 000 | CN11: 000 | CO11: 000 | CP11: 000
A12: 0 | B12: 1 | C12: 정현에프엔지（주） | D12: 8000836913 | E12: 8000836899 | F12: 법인 | G12: =VLOOKUP(C12,차주정보!B:E,4,0) -> KB-012 | H12: =IF(D11=D12,H11+1,1) -> 2 | I12: =G12&H12 -> KB-0122 | J12: 44651 | K12: 92901601305019 | M12: 해당무 | N12: 전부신청 | O12: A | P12: R | Q12: 3496 | R12: 2717480 | S12: 오승환 | T12: 3496 | U12: 여신관리센터 | V12: 8000836913 | Z12: R-003 | AA12: 정현에프엔지（주） | AB12: 일반 | AE12: 16 | AG12: 기업 | AH12: KRW | AI12: 92901601305019 | AJ12: 29279770 | AK12: 29279770 | AL12: 29279770 | AM12: 29279770 | AN12: 29279770 | AP12: 29279770 | AR12: 29279770 | AS12: 0 | AT12: 0 | AU12: 0 | AV12: 0 | AW12: 0 | BC12: 29279770 | BD12: 0 | BE12: 349320 | BF12: 0 | BG12: 349320 | BH12: 29629090 | BJ12: 6728439 | BK12: 20200625 | BL12: 20220616 | BN12: 20211230 | BO12: 20210928 | BP12: 330000000 | BS12: 기업 | BT12: 2532P0200001 | BU12: 기업일반운전자금대출 | BV12: 92901601305019 | BW12: 0.036 | BX12: 0.066 | CA12: 0 | CB12: 0 | CC12: 0 | CD12: 0 | CE12: 29279770 | CF12: 29279770 | CH12: 8000836899 | CI12: 8000836913 | CK12: 000 | CL12: 000 | CM12: 000 | CN12: 000 | CO12: 000 | CP12: 000
A13: 0 | B13: 1 | C13: 정현에프엔지（주） | D13: 8000836913 | E13: 8000836899 | F13: 법인 | G13: =VLOOKUP(C13,차주정보!B:E,4,0) -> KB-012 | H13: =IF(D12=D13,H12+1,1) -> 3 | I13: =G13&H13 -> KB-0123 | J13: 44651 | K13: 92901601312420 | M13: 해당무 | N13: 전부신청 | O13: A | P13: R | Q13: 3496 | R13: 2717480 | S13: 오승환 | T13: 3496 | U13: 여신관리센터 | V13: 8000836913 | Z13: R-003 | AA13: 정현에프엔지（주） | AB13: 일반 | AE13: 16 | AG13: 기업 | AH13: KRW | AI13: 92901601312420 | AJ13: 200000000 | AK13: 7331707 | AL13: 7331707 | AM13: 7331707 | AN13: 7331707 | AP13: 7368555 | AR13: 200000000 | AS13: 194560000 | AT13: 0 | AU13: 0 | AV13: 194560000 | AW13: 194560000 | BC13: 200000000 | BD13: 0 | BE13: 0 | BF13: 0 | BG13: 0 | BH13: 200000000 | BJ13: 5488542 | BK13: 20210225 | BL13: 20220225 | BN13: 20210928 | BO13: 20211029 | BP13: 200000000 | BS13: 기업 | BT13: 2534P0500001 | BU13: 기업일반시설자금대출 | BV13: 92901601312420 | BW13: 0.0321 | BX13: 0.0621 | CA13: 0 | CB13: 0 | CC13: 194560000 | CD13: 0 | CE13: 5440000 | CF13: 200000000 | CH13: 8000836899 | CI13: 8000836913 | CK13: 155 | CL13: 155 | CM13: 000 | CN13: 000 | CO13: 000 | CP13: 000
A14: 1 | B14: 1 | C14: 조연희 | D14: 1036050850 | E14: 1036050850 | F14: 소호 | G14: =VLOOKUP(C14,차주정보!B:E,4,0) -> KB-011 | H14: =IF(D13=D14,H13+1,1) -> 1 | I14: =G14&H14 -> KB-0111 | J14: 44683 | K14: 46151604107141 | M14: 해당무 | N14: 전부신청 | O14: A | P14: R | Q14: 8747 | R14: 3139171 | S14: 조국현 | T14: 8747 | U14: 대구여신관리센터 | V14: 1036050850 | Z14: R-004 | AA14: 조연희 | AB14: 일반 | AE14: 16 | AG14: 기업 | AH14: KRW | AI14: 46151604107141 | AJ14: 1200000000 | AK14: 364019227 | AL14: 2.6585568e+08 | AM14: 265855678 | AN14: 265855678 | AP14: 17681911 | AR14: 876400998 | AS14: 863984748 | AT14: 0 | AU14: 0 | AV14: 863984748 | AW14: 863984748 | BC14: 876400998 | BD14: 0 | BE14: 8701220 | BF14: 0 | BG14: 8701220 | BH14: 885102218 | BJ14: 123172297 | BK14: 20180511 | BL14: 20241011 | BN14: 20220324 | BO14: 20211112 | BP14: 1200000000 | BR14: 일부상각 | BS14: 기업 | BT14: 2532P0200001 | BU14: 기업일반운전자금대출 | BV14: 46151604107141 | BW14: 0.0691 | BX14: 0.0991 | CA14: 0 | CB14: 0 | CC14: 863984748 | CD14: 0 | CE14: 12416250 | CF14: 876400998 | CH14: 1036050850 | CI14: 1036050850 | CK14: 114 | CL14: 130 | CM14: 114 | CN14: 000 | CO14: 000 | CP14: 000
A15: 0 | B15: 1 | C15: 조연희 | D15: 1036050850 | E15: 1036050850 | F15: 소호 | G15: =VLOOKUP(C15,차주정보!B:E,4,0) -> KB-011 | H15: =IF(D14=D15,H14+1,1) -> 2 | I15: =G15&H15 -> KB-0112 | J15: 44683 | K15: 87470500136583 | M15: 해당무 | N15: 전부신청 | O15: A | P15: R | Q15: 8747 | R15: 3139171 | S15: 조국현 | T15: 8747 | U15: 대구여신관리센터 | V15: 1036050850 | Z15: R-004 | AA15: 조연희 | AB15: 특채 | AE15: 05 | AF15: 46151604107141 | AG15: 기업 | AH15: KRW | AI15: 46151604107141 | AJ15: 1200000000 | AK15: 364019227 | AL15: 98163549 | AM15: 98163549 | AO15: 225435453 | AP15: 0 | AR15: 323599002 | AS15: 0 | AT15: 0 | AU15: 0 | AV15: 0 | AW15: 0 | BC15: 0 | BD15: 323599002 | BE15: 0 | BF15: 0 | BG15: 0 | BH15: 323599002 | BJ15: 527156 | BK15: 20180511 | BL15: 20241011 | BM15: 20220324 | BN15: 20220324 | BO15: 20211111 | BP15: 1200000000 | BR15: 일부상각 | BS15: 기업 | BT15: 2532P0200001 | BU15: 기업일반운전자금대출 | BV15: 87470500136583 | BW15: 0.0691 | BX15: 0.0991 | CA15: 0 | CB15: 0 | CC15: 0 | CD15: 0 | CE15: 0 | CF15: 0 | CH15: 1036050850 | CI15: 1036050850 | CK15: 특채 | CL15: 특채 | CM15: 특채 | CN15: 특채 | CO15: 특채 | CP15: 특채
A16: 0 | B16: 1 | C16: 조연희 | D16: 1036050850 | E16: 1036050850 | F16: 소호 | G16: =VLOOKUP(C16,차주정보!B:E,4,0) -> KB-011 | H16: =IF(D15=D16,H15+1,1) -> 3 | I16: =G16&H16 -> KB-0113 | J16: 44683 | K16: 87470500136608 | M16: 해당무 | N16: 전부신청 | O16: A | P16: R | Q16: 8747 | R16: 3139171 | S16: 조국현 | T16: 8747 | U16: 대구여신관리센터 | V16: 1036050850 | Z16: R-004 | AA16: 조연희 | AB16: 특채 | AE16: 05 | AF16: 46151604113568 | AG16: 기업 | AH16: KRW | AI16: 46151604113568 | AJ16: 31901050 | AK16: 31901050 | AL16: 31901050 | AM16: 31901050 | AO16: 0 | AP16: 0 | AR16: 31901050 | AS16: 0 | AT16: 0 | AU16: 0 | AV16: 0 | AW16: 0 | BC16: 0 | BD16: 31901050 | BE16: 0 | BF16: 0 | BG16: 0 | BH16: 31901050 | BJ16: 3059905 | BK16: 20190214 | BL16: 20230214 | BM16: 20220324 | BN16: 20220324 | BO16: 20211114 | BP16: 50000000 | BS16: 기업 | BT16: 2532P0200001 | BU16: 기업일반운전자금대출 | BV16: 87470500136608 | BW16: 0.0688 | BX16: 0.0988 | CA16: 0 | CB16: 0 | CC16: 0 | CD16: 0 | CE16: 0 | CF16: 0 | CH16: 1036050850 | CI16: 1036050850 | CK16: 특채 | CL16: 특채 | CM16: 특채 | CN16: 특채 | CO16: 특채 | CP16: 특채
A17: 1 | B17: 1 | C17: 이성현 | D17: 1291683406 | E17: 1291683406 | F17: 소호 | G17: =VLOOKUP(C17,차주정보!B:E,4,0) -> KB-013 | H17: =IF(D16=D17,H16+1,1) -> 1 | I17: =G17&H17 -> KB-0131 | J17: 44683 | K17: 82331601342101 | M17: 해당무 | N17: 전부신청 | O17: A | P17: R | Q17: 8747 | R17: 2521825 | S17: 신경철 | T17: 8747 | U17: 대구여신관리센터 | V17: 1291683406 | Z17: R-005 | AA17: 이성현 | AB17: 일반 | AE17: 16 | AG17: 기업 | AH17: KRW | AI17: 82331601342101 | AJ17: 610000000 | AK17: 5051090 | AL17: 5051090 | AM17: 5051090 | AN17: 5051090 | AP17: 5051029 | AR17: 610000000 | AS17: 385557450 | AT17: 27450000 | AU17: 0 | AV17: 413007450 | AW17: 413007450 | BC17: 610000000 | BD17: 0 | BE17: 10504310 | BF17: 0 | BG17: 10504310 | BH17: 620504310 | BJ17: 11282490 | BK17: 20170404 | BL17: 20260328 | BN17: 20210703 | BO17: 20211006 | BP17: 610000000 | BS17: 기업 | BT17: 2542A2200006 | BU17: 중소기업 창업 및 진흥기금(20170110 이후추천분) | BV17: 82331601342101 | BW17: 0.0155 | BX17: 0.0455 | CA17: 27450000 | CB17: 0 | CC17: 385557450 | CD17: 196992550 | CE17: 0 | CF17: 582550000 | CH17: 1291683406 | CI17: 1291683406 | CK17: 154 | CL17: 472 | CM17: 154 | CN17: 134 | CO17: 000 | CP17: 000
A18: 0 | B18: 1 | C18: 이성현 | D18: 1291683406 | E18: 1291683406 | F18: 소호 | G18: =VLOOKUP(C18,차주정보!B:E,4,0) -> KB-013 | H18: =IF(D17=D18,H17+1,1) -> 2 | I18: =G18&H18 -> KB-0132 | J18: 44683 | K18: 82331601342185 | M18: 해당무 | N18: 전부신청 | O18: A | P18: R | Q18: 8747 | R18: 2521825 | S18: 신경철 | T18: 8747 | U18: 대구여신관리센터 | V18: 1291683406 | Z18: R-005 | AA18: 이성현 | AB18: 일반 | AE18: 16 | AG18: 기업 | AH18: KRW | AI18: 82331601342185 | AJ18: 56666000 | AK18: 6382421 | AL18: 6382421 | AM18: 6382421 | AN18: 6382421 | AP18: 6473790 | AR18: 56666000 | AS18: 0 | AT18: 48166100 | AU18: 0 | AV18: 48166100 | AW18: 48166100 | BC18: 56666000 | BD18: 0 | BE18: 0 | BF18: 0 | BG18: 0 | BH18: 56666000 | BJ18: 1379792 | BK18: 20170404 | BL18: 20220328 | BN18: 20210703 | BO18: 20211006 | BP18: 170000000 | BS18: 기업 | BT18: 2541A2200006 | BU18: 중소기업 창업 및 진흥기금(20170110 이후추천분) | BV18: 82331601342185 | BW18: 0.0185 | BX18: 0.0485 | CA18: 48166100 | CB18: 0 | CC18: 0 | CD18: 8499900 | CE18: 0 | CF18: 8499900 | CH18: 1291683406 | CI18: 1291683406 | CK18: 472 | CL18: 472 | CM18: 000 | CN18: 000 | CO18: 000 | CP18: 000
A19: 0 | B19: 1 | C19: 이성현 | D19: 1291683406 | E19: 1291683406 | F19: 소호 | G19: =VLOOKUP(C19,차주정보!B:E,4,0) -> KB-013 | H19: =IF(D18=D19,H18+1,1) -> 3 | I19: =G19&H19 -> KB-0133 | J19: 44683 | K19: 82331601350184 | M19: 해당무 | N19: 전부신청 | O19: A | P19: R | Q19: 8747 | R19: 2521825 | S19: 신경철 | T19: 8747 | U19: 대구여신관리센터 | V19: 1291683406 | Z19: R-005 | AA19: 이성현 | AB19: 일반 | AE19: 16 | AG19: 기업 | AH19: KRW | AI19: 82331601350184 | AJ19: 500000000 | AK19: 47821997 | AL19: 47821997 | AM19: 47821997 | AN19: 47821997 | AP19: 47925397 | AR19: 500000000 | AS19: 174304860 | AT19: 204476860 | AU19: 0 | AV19: 378781720 | AW19: 378781720 | BC19: 500000000 | BD19: 0 | BE19: 0 | BF19: 0 | BG19: 0 | BH19: 500000000 | BJ19: 12327882 | BK19: 20180413 | BL19: 20270331 | BN19: 20210630 | BO19: 20211001 | BP19: 500000000 | BS19: 기업 | BT19: 2542A0400001 | BU19: 경상북도중소기업육성기금 | BV19: 82331601350184 | BW19: 0.022 | BX19: 0.052 | CA19: 204476860 | CB19: 0 | CC19: 174304860 | CD19: 121218280 | CE19: 0 | CF19: 295523140 | CH19: 1291683406 | CI19: 1291683406 | CK19: 472 | CL19: 472 | CM19: 154 | CN19: 000 | CO19: 000 | CP19: 000
A20: 0 | B20: 1 | C20: 이성현 | D20: 1291683406 | E20: 1291683406 | F20: 소호 | G20: =VLOOKUP(C20,차주정보!B:E,4,0) -> KB-013 | H20: =IF(D19=D20,H19+1,1) -> 4 | I20: =G20&H20 -> KB-0134 | J20: 44683 | K20: 82331601350650 | M20: 해당무 | N20: 전부신청 | O20: A | P20: R | Q20: 8747 | R20: 2521825 | S20: 신경철 | T20: 8747 | U20: 대구여신관리센터 | V20: 1291683406 | Z20: R-005 | AA20: 이성현 | AB20: 일반 | AE20: 16 | AG20: 기업 | AH20: KRW | AI20: 82331601350650 | AJ20: 50000000 | AK20: 5668615 | AL20: 5668615 | AM20: 5668615 | AN20: 5668615 | AP20: 5799765 | AR20: 50000000 | AS20: 0 | AT20: 42500000 | AU20: 0 | AV20: 42500000 | AW20: 42500000 | BC20: 50000000 | BD20: 0 | BE20: 0 | BF20: 0 | BG20: 0 | BH20: 50000000 | BJ20: 1300400 | BK20: 20180426 | BL20: 20220708 | BN20: 20210926 | BO20: 20211027 | BP20: 50000000 | BS20: 기업 | BT20: 2532P0200001 | BU20: 기업일반운전자금대출 | BV20: 82331601350650 | BW20: 0.0286 | BX20: 0.0586 | CA20: 42500000 | CB20: 0 | CC20: 0 | CD20: 7500000 | CE20: 0 | CF20: 7500000 | CH20: 1291683406 | CI20: 1291683406 | CK20: 472 | CL20: 472 | CM20: 000 | CN20: 000 | CO20: 000 | CP20: 000
A21: 0 | B21: 1 | C21: 이성현 | D21: 1291683406 | E21: 1291683406 | F21: 소호 | G21: =VLOOKUP(C21,차주정보!B:E,4,0) -> KB-013 | H21: =IF(D20=D21,H20+1,1) -> 5 | I21: =G21&H21 -> KB-0135 | J21: 44683 | K21: 87470500136004 | M21: KB신용정보 | N21: 전부신청 | O21: A | P21: R | Q21: 8747 | R21: 2521825 | S21: 신경철 | T21: 8747 | U21: 대구여신관리센터 | V21: 1291683406 | Z21: R-005 | AA21: 이성현 | AB21: 특채 | AE21: 05 | AF21: 82331601368422 | AG21: 기업 | AH21: KRW | AI21: 82331601368422 | AJ21: 45833336 | AK21: 1635154 | AL21: 0 | AM21: 0 | AO21: 0 | AP21: 0 | AR21: 0 | AS21: 0 | AT21: 0 | AU21: 0 | AV21: 0 | AW21: 0 | BC21: 0 | BD21: 0 | BE21: 0 | BF21: 0 | BG21: 0 | BH21: 0 | BJ21: 402422 | BK21: 20200507 | BL21: 20250502 | BM21: 20220223 | BN21: 20220223 | BO21: 20211007 | BP21: 50000000 | BS21: 기업 | BT21: 2533D0500001 | BU21: 경상북도협약 중소기업자금 | BV21: 87470500136004 | BW21: 0 | BX21: 0 | CA21: 0 | CB21: 0 | CC21: 0 | CD21: 0 | CE21: 0 | CF21: 0 | CH21: 1291683406 | CI21: 1291683406 | CK21: 특채 | CL21: 특채 | CM21: 특채 | CN21: 특채 | CO21: 특채 | CP21: 특채
A22: 1 | B22: 1 | C22: 심병민 | D22: 1226165922 | E22: 1226165922 | F22: 소호 | G22: =VLOOKUP(C22,차주정보!B:E,4,0) -> KB-014 | H22: =IF(D21=D22,H21+1,1) -> 1 | I22: =G22&H22 -> KB-0141 | J22: 44683 | K22: 61251601424959 | M22: 해당무 | N22: 전부신청 | O22: A | P22: R | Q22: 3496 | R22: 3158528 | S22: 조성덕 | T22: 3496 | U22: 여신관리센터 | V22: 1226165922 | Z22: R-006 | AA22: 심병민 | AB22: 일반 | AE22: 16 | AG22: 기업 | AH22: KRW | AI22: 61251601424959 | AJ22: 1000000000 | AK22: 11918612 | AL22: 11918612 | AM22: 11918612 | AN22: 11918612 | AP22: 41710000 | AR22: 1000000000 | AS22: 1000000000 | AT22: 0 | AU22: 0 | AV22: 1000000000 | AW22: 1000000000 | BC22: 1000000000 | BD22: 0 | BE22: 0 | BF22: 0 | BG22: 0 | BH22: 1000000000 | BJ22: 21506909 | BK22: 20180426 | BL22: 20220125 | BN22: 20211129 | BO22: 20211230 | BP22: 1000000000 | BS22: 기업 | BT22: 2534P0500001 | BU22: 기업일반시설자금대출 | BV22: 61251601424959 | BW22: 0.046 | BX22: 0.076 | CA22: 0 | CB22: 0 | CC22: 1000000000 | CD22: 0 | CE22: 0 | CF22: 1000000000 | CH22: 1226165922 | CI22: 1226165922 | CK22: 130 | CL22: 130 | CM22: 000 | CN22: 000 | CO22: 000 | CP22: 000
A23: 0 | B23: 1 | C23: 심병민 | D23: 1226165922 | E23: 1226165922 | F23: 소호 | G23: =VLOOKUP(C23,차주정보!B:E,4,0) -> KB-014 | H23: =IF(D22=D23,H22+1,1) -> 2 | I23: =G23&H23 -> KB-0142 | J23: 44683 | K23: 61251601426078 | M23: 해당무 | N23: 전부신청 | O23: A | P23: R | Q23: 3496 | R23: 3158528 | S23: 조성덕 | T23: 3496 | U23: 여신관리센터 | V23: 1226165922 | Z23: R-006 | AA23: 심병민 | AB23: 일반 | AE23: 16 | AG23: 기업 | AH23: KRW | AI23: 61251601426078 | AJ23: 110000000 | AK23: 4126098 | AL23: 4126098 | AM23: 4126098 | AN23: 4126098 | AP23: 17150980 | AR23: 110000000 | AS23: 110000000 | AT23: 0 | AU23: 0 | AV23: 110000000 | AW23: 110000000 | BC23: 110000000 | BD23: 0 | BE23: 0 | BF23: 0 | BG23: 0 | BH23: 110000000 | BJ23: 2504494 | BK23: 20180508 | BL23: 20220208 | BN23: 20211129 | BO23: 20211230 | BP23: 120000000 | BS23: 기업 | BT23: 2532P0200001 | BU23: 기업일반운전자금대출 | BV23: 61251601426078 | BW23: 0.0498 | BX23: 0.0798 | CA23: 0 | CB23: 0 | CC23: 110000000 | CD23: 0 | CE23: 0 | CF23: 110000000 | CH23: 1226165922 | CI23: 1226165922 | CK23: 130 | CL23: 130 | CM23: 000 | CN23: 000 | CO23: 000 | CP23: 000
A24: 0 | B24: 1 | C24: 심병민 | D24: 1226165922 | E24: 1226165922 | F24: 소호 | G24: =VLOOKUP(C24,차주정보!B:E,4,0) -> KB-014 | H24: =IF(D23=D24,H23+1,1) -> 3 | I24: =G24&H24 -> KB-0143 | J24: 44683 | K24: 61251601428746 | M24: 해당무 | N24: 전부신청 | O24: A | P24: R | Q24: 3496 | R24: 3158528 | S24: 조성덕 | T24: 3496 | U24: 여신관리센터 | V24: 1226165922 | Z24: R-006 | AA24: 심병민 | AB24: 일반 | AE24: 16 | AG24: 기업 | AH24: KRW | AI24: 61251601428746 | AJ24: 33000000 | AK24: 6637177 | AL24: 6637177 | AM24: 6637177 | AN24: 6637177 | AP24: 24605460 | AR24: 33000000 | AS24: 0 | AT24: 0 | AU24: 0 | AV24: 0 | AW24: 0 | BC24: 33000000 | BD24: 0 | BE24: 0 | BF24: 0 | BG24: 0 | BH24: 33000000 | BJ24: 1561325 | BK24: 20180723 | BL24: 20220120 | BN24: 20211129 | BO24: 20211230 | BP24: 40000000 | BS24: 기업 | BT24: 2532P0200001 | BU24: 기업일반운전자금대출 | BV24: 61251601428746 | BW24: 0.13 | BX24: 0.15 | CA24: 0 | CB24: 0 | CC24: 0 | CD24: 33000000 | CE24: 0 | CF24: 33000000 | CH24: 1226165922 | CI24: 1226165922 | CK24: 000 | CL24: 000 | CM24: 000 | CN24: 000 | CO24: 000 | CP24: 000
A25: 1 | B25: 1 | C25: （주）대한지기산업 | D25: 8005330632 | E25: 8005330629 | F25: 법인 | G25: =VLOOKUP(C25,차주정보!B:E,4,0) -> KB-017 | H25: =IF(D24=D25,H24+1,1) -> 1 | I25: =G25&H25 -> KB-0171 | J25: 44691 | K25: 67491600028912 | M25: 해당무 | N25: 일부신청 | O25: A | P25: R | Q25: 3496 | R25: 3158528 | S25: 조성덕 | T25: 3496 | U25: 여신관리센터 | V25: 8005330632 | Z25: R-007 | AA25: （주）대한지기산업 | AB25: 일반 | AE25: 16 | AG25: 기업 | AH25: KRW | AI25: 67491600028912 | AJ25: 690000000 | AK25: 4781700 | AL25: 4781700 | AM25: 4781700 | AN25: 4781700 | AP25: 4781700 | AR25: 690000000 | AS25: 690000000 | AT25: 0 | AU25: 0 | AV25: 690000000 | AW25: 690000000 | BC25: 690000000 | BD25: 0 | BE25: 10346670 | BF25: 0 | BG25: 10346670 | BH25: 700346670 | BJ25: 93742222 | BK25: 20170428 | BL25: 20200428 | BN25: 20200228 | BO25: 20200320 | BP25: 690000000 | BS25: 기업 | BT25: 2534P0500021 | BU25: KB 기술창조기업 우대대출 | BV25: 67491600028912 | BW25: 0.0361 | BX25: 0.0661 | CA25: 0 | CB25: 0 | CC25: 690000000 | CD25: 0 | CE25: 0 | CF25: 690000000 | CH25: 8005330629 | CI25: 8005330632 | CK25: 115 | CL25: 154 | CM25: 000 | CN25: 000 | CO25: 000 | CP25: 000
A26: 0 | B26: 1 | C26: （주）대한지기산업 | D26: 8005330632 | E26: 8005330629 | F26: 법인 | G26: =VLOOKUP(C26,차주정보!B:E,4,0) -> KB-017 | H26: =IF(D25=D26,H25+1,1) -> 2 | I26: =G26&H26 -> KB-0172 | J26: 44691 | K26: 67491600033233 | M26: 해당무 | N26: 일부신청 | O26: A | P26: R | Q26: 3496 | R26: 3158528 | S26: 조성덕 | T26: 3496 | U26: 여신관리센터 | V26: 8005330632 | Z26: R-007 | AA26: （주）대한지기산업 | AB26: 일반 | AE26: 16 | AG26: 기업 | AH26: KRW | AI26: 67491600033233 | AJ26: 175871091 | AK26: 152756228 | AL26: 152756228 | AM26: 152756228 | AN26: 152756228 | AP26: 152756228 | AR26: 175871091 | AS26: 23191217 | AT26: 0 | AU26: 0 | AV26: 23191217 | AW26: 23191217 | BC26: 175871091 | BD26: 0 | BE26: 17230400 | BF26: 0 | BG26: 17230400 | BH26: 193101491 | BJ26: 33039516 | BK26: 20180104 | BL26: 20251204 | BN26: 20200901 | BO26: 20200305 | BP26: 600000000 | BS26: 기업 | BT26: 2534P0500001 | BU26: 기업일반시설자금대출 | BV26: 67491600033233 | BW26: 0.0355 | BX26: 0.0655 | CA26: 0 | CB26: 0 | CC26: 23191217 | CD26: 0 | CE26: 152679874 | CF26: 175871091 | CH26: 8005330629 | CI26: 8005330632 | CK26: 154 | CL26: 154 | CM26: 000 | CN26: 000 | CO26: 000 | CP26: 000
A27: 1 | B27: 1 | C27: 강화란 | D27: 1087799595 | E27: 1087799595 | F27: 소호 | G27: =VLOOKUP(C27,차주정보!B:E,4,0) -> KB-018 | H27: =IF(D26=D27,H26+1,1) -> 1 | I27: =G27&H27 -> KB-0181 | J27: 44687 | K27: 53621601517805 | M27: 해당무 | N27: 전부신청 | O27: A | P27: R | Q27: 3496 | R27: 2323211 | S27: 박재흥 | T27: 3496 | U27: 여신관리센터 | V27: 1087799595 | W27: 사망 | Z27: R-008 | AA27: 강화란 | AB27: 일반 | AE27: 16 | AG27: 기업 | AH27: KRW | AI27: 53621601517805 | AJ27: 800000000 | AK27: 55072240 | AL27: 55072240 | AM27: 55072240 | AN27: 55072240 | AP27: 56977280 | AR27: 800000000 | AS27: 800000000 | AT27: 0 | AU27: 0 | AV27: 800000000 | AW27: 800000000 | BC27: 800000000 | BD27: 0 | BE27: 46736840 | BF27: 0 | BG27: 46736840 | BH27: 846736840 | BJ27: 56328109 | BK27: 20171130 | BL27: 20210228 | BN27: 20210322 | BO27: 20210303 | BP27: 800000000 | BS27: 기업 | BT27: 2534P0500001 | BU27: 기업일반시설자금대출 | BV27: 53621601517805 | BW27: 0.0389 | BX27: 0.0689 | CA27: 0 | CB27: 0 | CC27: 800000000 | CD27: 0 | CE27: 0 | CF27: 800000000 | CH27: 1087799595 | CI27: 1087799595 | CK27: 151 | CL27: 151 | CM27: 121 | CN27: 000 | CO27: 000 | CP27: 000
A28: 1 | B28: 1 | C28: （주）대신푸드글로벌 | D28: 7011858174 | E28: 7011858550 | F28: 법인 | G28: =VLOOKUP(C28,차주정보!B:E,4,0) -> KB-015 | H28: =IF(D27=D28,H27+1,1) -> 1 | I28: =G28&H28 -> KB-0151 | J28: 44651 | K28: 02481604446247 | M28: 해당무 | N28: 일부신청 | O28: A | P28: R | Q28: 3496 | R28: 2717480 | S28: 오승환 | T28: 3496 | U28: 여신관리센터 | V28: 7011858174 | Z28: R-009 | AA28: （주）대신푸드글로벌 | AB28: 일반 | AE28: 16 | AG28: 기업 | AH28: KRW | AI28: 02481604446247 | AJ28: 840000000 | AK28: 57537750 | AL28: 57537750 | AM28: 57537750 | AN28: 57537750 | AP28: 242797764 | AR28: 840000000 | AS28: 626626274 | AT28: 0 | AU28: 0 | AV28: 626626274 | AW28: 626626274 | BC28: 840000000 | BD28: 0 | BE28: 0 | BF28: 0 | BG28: 0 | BH28: 840000000 | BJ28: 12273618 | BK28: 20210730 | BL28: 20220722 | BN28: 20211217 | BO28: 20220118 | BP28: 840000000 | BS28: 기업 | BT28: 2534P0500001 | BU28: 기업일반시설자금대출 | BV28: 02481604446247 | BW28: 0.0376 | BX28: 0.0676 | CA28: 0 | CB28: 0 | CC28: 626626274 | CD28: 0 | CE28: 213373726 | CF28: 840000000 | CH28: 7011858550 | CI28: 7011858174 | CK28: 154 | CL28: 154 | CM28: 000 | CN28: 000 | CO28: 000 | CP28: 000
A29: 1 | B29: 1 | C29: 최병현 | D29: 1179520162 | E29: 1179520162 | F29: 소호 | G29: =VLOOKUP(C29,차주정보!B:E,4,0) -> KB-019 | H29: =IF(D28=D29,H28+1,1) -> 1 | I29: =G29&H29 -> KB-0191 | J29: 44683 | K29: 60481604470459 | M29: 해당무 | N29: 일부신청 | O29: A | P29: R | Q29: 8747 | R29: 2521825 | S29: 신경철 | T29: 8747 | U29: 대구여신관리센터 | V29: 1179520162 | Z29: R-010 | AA29: 최병현 | AB29: 일반 | AE29: 16 | AG29: 기업 | AH29: KRW | AI29: 60481604470459 | AJ29: 100000000 | AK29: 20689 | AL29: 20689 | AM29: 20689 | AN29: 20689 | AP29: 610062 | AR29: 100000000 | AS29: 100000000 | AT29: 0 | AU29: 0 | AV29: 100000000 | AW29: 100000000 | BC29: 100000000 | BD29: 0 | BE29: 0 | BF29: 0 | BG29: 0 | BH29: 100000000 | BJ29: 684707 | BK29: 20210525 | BL29: 20220525 | BN29: 20220125 | BO29: 20220226 | BP29: 100000000 | BS29: 기업 | BT29: 2532P0200111 | BU29: 일반운전자금- ONE KB 기업 우대대출 | BV29: 60481604470459 | BW29: 0.0306 | BX29: 0.0606 | CA29: 0 | CB29: 0 | CC29: 100000000 | CD29: 0 | CE29: 0 | CF29: 100000000 | CH29: 1179520162 | CI29: 1179520162 | CK29: 154 | CL29: 154 | CM29: 000 | CN29: 000 | CO29: 000 | CP29: 000
A30: 0 | B30: 1 | C30: 최병현 | D30: 1179520162 | E30: 1179520162 | F30: 소호 | G30: =VLOOKUP(C30,차주정보!B:E,4,0) -> KB-019 | H30: =IF(D29=D30,H29+1,1) -> 2 | I30: =G30&H30 -> KB-0192 | J30: 44683 | K30: 60481604474105 | M30: 해당무 | N30: 일부신청 | O30: A | P30: R | Q30: 8747 | R30: 2521825 | S30: 신경철 | T30: 8747 | U30: 대구여신관리센터 | V30: 1179520162 | Z30: R-010 | AA30: 최병현 | AB30: 일반 | AE30: 16 | AG30: 기업 | AH30: KRW | AI30: 60481604474105 | AJ30: 300000000 | AK30: 1114853 | AL30: 1114853 | AM30: 1114853 | AN30: 1114853 | AP30: 38361973 | AR30: 300000000 | AS30: 300000000 | AT30: 0 | AU30: 0 | AV30: 300000000 | AW30: 300000000 | BC30: 300000000 | BD30: 0 | BE30: 0 | BF30: 0 | BG30: 0 | BH30: 300000000 | BJ30: 3228034 | BK30: 20210805 | BL30: 20220805 | BN30: 20220106 | BO30: 20220208 | BP30: 300000000 | BS30: 기업 | BT30: 2532P0200001 | BU30: 기업일반운전자금대출 | BV30: 60481604474105 | BW30: 0.0343 | BX30: 0.0643 | CA30: 0 | CB30: 0 | CC30: 300000000 | CD30: 0 | CE30: 0 | CF30: 300000000 | CH30: 1179520162 | CI30: 1179520162 | CK30: 154 | CL30: 154 | CM30: 000 | CN30: 000 | CO30: 000 | CP30: 000
A31: 0 | B31: 1 | C31: 최병현 | D31: 1179520162 | E31: 1179520162 | F31: 소호 | G31: =VLOOKUP(C31,차주정보!B:E,4,0) -> KB-019 | H31: =IF(D30=D31,H30+1,1) -> 3 | I31: =G31&H31 -> KB-0193 | J31: 44683 | K31: 82331601326062 | M31: 해당무 | N31: 일부신청 | O31: A | P31: R | Q31: 8747 | R31: 2521825 | S31: 신경철 | T31: 8747 | U31: 대구여신관리센터 | V31: 1179520162 | Z31: R-010 | AA31: 최병현 | AB31: 일반 | AE31: 16 | AG31: 기업 | AH31: KRW | AI31: 82331601326062 | AJ31: 400000000 | AK31: 89060 | AL31: 89060 | AM31: 89060 | AN31: 89060 | AP31: 2599206 | AR31: 400000000 | AS31: 400000000 | AT31: 0 | AU31: 0 | AV31: 400000000 | AW31: 400000000 | BC31: 400000000 | BD31: 0 | BE31: 0 | BF31: 0 | BG31: 0 | BH31: 400000000 | BJ31: 2498182 | BK31: 20150605 | BL31: 20231202 | BN31: 20211204 | BO31: 20220305 | BP31: 900000000 | BS31: 기업 | BT31: 2542A2200002 | BU31: 중소기업 창업 및 진흥기금(2015 이후기표분) | BV31: 82331601326062 | BW31: 0.0196 | BX31: 0.0496 | CA31: 0 | CB31: 0 | CC31: 400000000 | CD31: 0 | CE31: 0 | CF31: 400000000 | CH31: 1179520162 | CI31: 1179520162 | CK31: 154 | CL31: 154 | CM31: 472 | CN31: 000 | CO31: 000 | CP31: 000
A32: 1 | B32: 1 | C32: 진상현 | D32: 1074053675 | E32: 1074053675 | F32: 소호 | G32: =VLOOKUP(C32,차주정보!B:E,4,0) -> KB-020 | H32: =IF(D31=D32,H31+1,1) -> 1 | I32: =G32&H32 -> KB-0201 | J32: 44691 | K32: 25211604187301 | M32: 해당무 | N32: 전부신청 | O32: A | P32: R | Q32: 3496 | R32: 3158528 | S32: 조성덕 | T32: 3496 | U32: 여신관리센터 | V32: 1074053675 | Z32: R-011 | AA32: 진상현 | AB32: 일반 | AE32: 16 | AG32: 기업 | AH32: KRW | AI32: 25211604187301 | AJ32: 780000000 | AK32: 122667103 | AL32: 122667103 | AM32: 122667103 | AN32: 122667103 | AP32: 124393746 | AR32: 780000000 | AS32: 676580000 | AT32: 0 | AU32: 0 | AV32: 676580000 | AW32: 676580000 | BC32: 780000000 | BD32: 0 | BE32: 6982800 | BF32: 0 | BG32: 6982800 | BH32: 786982800 | BJ32: 31021317 | BK32: 20200717 | BL32: 20230617 | BN32: 20210803 | BO32: 20210904 | BP32: 780000000 | BS32: 기업 | BT32: 2534P0500005 | BU32: KB커머셜모기지론 | BV32: 25211604187301 | BW32: 0.0365 | BX32: 0.0665 | CA32: 0 | CB32: 0 | CC32: 676580000 | CD32: 0 | CE32: 103420000 | CF32: 780000000 | CH32: 1074053675 | CI32: 1074053675 | CK32: 152 | CL32: 152 | CM32: 000 | CN32: 000 | CO32: 000 | CP32: 000
A33: 1 | B33: 1 | C33: 이원산업（주） | D33: 7007958083 | E33: 7007957231 | F33: 법인 | G33: =VLOOKUP(C33,차주정보!B:E,4,0) -> KB-021 | H33: =IF(D32=D33,H32+1,1) -> 1 | I33: =G33&H33 -> KB-0211 | J33: 44677 | K33: 02811600006201 | M33: 해당무 | N33: 전부신청 | O33: A | P33: R | Q33: 8734 | R33: 2819582 | S33: 임태인 | T33: 8734 | U33: 대전여신관리센터 | V33: 7007958083 | Z33: R-012 | AA33: 이원산업（주） | AB33: 일반 | AE33: 16 | AG33: 기업 | AH33: KRW | AI33: 02811600006201 | AJ33: 395000000 | AK33: 207662323 | AL33: 2.0766232e+08 | AM33: 207662323 | AN33: 207662323 | AP33: 297944550 | AR33: 395000000 | AS33: 0 | AT33: 0 | AU33: 0 | AV33: 0 | AW33: 0 | BC33: 395000000 | BD33: 0 | BE33: 1226290 | BF33: 0 | BG33: 1226290 | BH33: 396226290 | BJ33: 13971094 | BK33: 20210630 | BL33: 20220130 | BN33: 20211229 | BO33: 20220204 | BP33: 399000000 | BS33: 기업 | BT33: 2532P0200001 | BU33: 기업일반운전자금대출 | BV33: 02811600006201 | BW33: 0.13 | BX33: 0.15 | CA33: 0 | CB33: 0 | CC33: 0 | CD33: 395000000 | CE33: 0 | CF33: 395000000 | CH33: 7007957231 | CI33: 7007958083 | CK33: 005 | CL33: 000 | CM33: 000 | CN33: 000 | CO33: 000 | CP33: 000
A34: 0 | B34: 1 | C34: 이원산업（주） | D34: 7007958083 | E34: 7007957231 | F34: 법인 | G34: =VLOOKUP(C34,차주정보!B:E,4,0) -> KB-021 | H34: =IF(D33=D34,H33+1,1) -> 2 | I34: =G34&H34 -> KB-0212 | J34: 44677 | K34: 40241604391958 | M34: 해당무 | N34: 전부신청 | O34: A | P34: R | Q34: 8734 | R34: 2819582 | S34: 임태인 | T34: 8734 | U34: 대전여신관리센터 | V34: 7007958083 | Z34: R-012 | AA34: 이원산업（주） | AB34: 일반 | AE34: 16 | AG34: 기업 | AH34: KRW | AI34: 40241604391958 | AJ34: 325330000 | AK34: 1430399 | AL34: 1430399 | AM34: 1430399 | AN34: 1430399 | AP34: 1981259 | AR34: 325330000 | AS34: 325330000 | AT34: 0 | AU34: 0 | AV34: 325330000 | AW34: 325330000 | BC34: 325330000 | BD34: 0 | BE34: 0 | BF34: 0 | BG34: 0 | BH34: 325330000 | BJ34: 5775185 | BK34: 20180914 | BL34: 20220130 | BN34: 20211229 | BO34: 20220204 | BP34: 500330000 | BS34: 기업 | BT34: 2534P0500001 | BU34: 기업일반시설자금대출 | BV34: 40241604391958 | BW34: 0.0534 | BX34: 0.0834 | CA34: 0 | CB34: 0 | CC34: 325330000 | CD34: 0 | CE34: 0 | CF34: 325330000 | CH34: 7007957231 | CI34: 7007958083 | CK34: 157 | CL34: 121 | CM34: 157 | CN34: 000 | CO34: 000 | CP34: 000
A35: 1 | B35: 1 | C35: （주）성우앤푸드 | D35: 8019697968 | E35: 8019697955 | F35: 법인 | G35: =VLOOKUP(C35,차주정보!B:E,4,0) -> KB-022 | H35: =IF(D34=D35,H34+1,1) -> 1 | I35: =G35&H35 -> KB-0221 | J35: 44673 | K35: 40241604397877 | M35: 해당무 | N35: 전부신청 | O35: A | P35: R | Q35: 8734 | R35: 2819582 | S35: 임태인 | T35: 8734 | U35: 대전여신관리센터 | V35: 8019697968 | Z35: R-013 | AA35: （주）성우앤푸드 | AB35: 일반 | AE35: 16 | AG35: 기업 | AH35: KRW | AI35: 40241604397877 | AJ35: 707000000 | AK35: 15720191 | AL35: 15720191 | AM35: 15720191 | AN35: 15720191 | AP35: 18873111 | AR35: 707000000 | AS35: 707000000 | AT35: 0 | AU35: 0 | AV35: 707000000 | AW35: 707000000 | BC35: 707000000 | BD35: 0 | BE35: 0 | BF35: 0 | BG35: 0 | BH35: 707000000 | BJ35: 9736067 | BK35: 20190503 | BL35: 20220103 | BN35: 20220128 | BO35: 20220104 | BP35: 825000000 | BS35: 기업 | BT35: 2534P0500001 | BU35: 기업일반시설자금대출 | BV35: 40241604397877 | BW35: 0.0524 | BX35: 0.0824 | CA35: 0 | CB35: 0 | CC35: 707000000 | CD35: 0 | CE35: 0 | CF35: 707000000 | CH35: 8019697955 | CI35: 8019697968 | CK35: 154 | CL35: 154 | CM35: 000 | CN35: 000 | CO35: 000 | CP35: 000
A36: 1 | B36: 1 | C36: 강은경 | D36: 1194869077 | E36: 1194869077 | F36: 소호 | G36: =VLOOKUP(C36,차주정보!B:E,4,0) -> KB-023 | H36: =IF(D35=D36,H35+1,1) -> 1 | I36: =G36&H36 -> KB-0231 | J36: 44648 | K36: 50651604481487 | M36: 해당무 | N36: 전부신청 | O36: A | P36: R | Q36: 8763 | R36: 2806039 | S36: 이행술 | T36: 8763 | U36: 광주여신관리센터 | V36: 1194869077 | Z36: R-014 | AA36: 강은경 | AB36: 일반 | AE36: 16 | AG36: 기업 | AH36: KRW | AI36: 50651604481487 | AJ36: 4800000 | AK36: 29335 | AL36: 29335 | AM36: 29335 | AN36: 29335 | AP36: 32080 | AR36: 4800000 | AS36: 4800000 | AT36: 0 | AU36: 0 | AV36: 4800000 | AW36: 4800000 | BC36: 4800000 | BD36: 0 | BE36: 0 | BF36: 0 | BG36: 0 | BH36: 4800000 | BJ36: 150969 | BK36: 20120831 | BL36: 20220831 | BN36: 20210831 | BO36: 20211001 | BP36: 30000000 | BS36: 기업 | BT36: 2534P0500001 | BU36: 기업일반시설자금대출 | BV36: 50651604481487 | BW36: 0.033 | BX36: 0.063 | CA36: 0 | CB36: 0 | CC36: 4800000 | CD36: 0 | CE36: 0 | CF36: 4800000 | CH36: 1194869077 | CI36: 1194869077 | CK36: 151 | CL36: 151 | CM36: 000 | CN36: 000 | CO36: 000 | CP36: 000
A37: 0 | B37: 1 | C37: 강은경 | D37: 1194869077 | E37: 1194869077 | F37: 소호 | G37: =VLOOKUP(C37,차주정보!B:E,4,0) -> KB-023 | H37: =IF(D36=D37,H36+1,1) -> 2 | I37: =G37&H37 -> KB-0232 | J37: 44648 | K37: 50651604483027 | M37: 해당무 | N37: 전부신청 | O37: A | P37: R | Q37: 8763 | R37: 2806039 | S37: 이행술 | T37: 8763 | U37: 광주여신관리센터 | V37: 1194869077 | Z37: R-014 | AA37: 강은경 | AB37: 일반 | AE37: 16 | AG37: 기업 | AH37: KRW | AI37: 50651604483027 | AJ37: 114400000 | AK37: 786636 | AL37: 786636 | AM37: 786636 | AN37: 786636 | AP37: 856603 | AR37: 114400000 | AS37: 114400000 | AT37: 0 | AU37: 0 | AV37: 114400000 | AW37: 114400000 | BC37: 114400000 | BD37: 0 | BE37: 2574000 | BF37: 0 | BG37: 2574000 | BH37: 116974000 | BJ37: 8444137 | BK37: 20120928 | BL37: 20220902 | BN37: 20210728 | BO37: 20210831 | BP37: 330000000 | BS37: 기업 | BT37: 2534P0500001 | BU37: 기업일반시설자금대출 | BV37: 50651604483027 | BW37: 0.0344 | BX37: 0.0644 | CA37: 0 | CB37: 0 | CC37: 114400000 | CD37: 0 | CE37: 0 | CF37: 114400000 | CH37: 1194869077 | CI37: 1194869077 | CK37: 154 | CL37: 154 | CM37: 000 | CN37: 000 | CO37: 000 | CP37: 000
A38: 0 | B38: 1 | C38: 강은경 | D38: 1194869077 | E38: 1194869077 | F38: 소호 | G38: =VLOOKUP(C38,차주정보!B:E,4,0) -> KB-023 | H38: =IF(D37=D38,H37+1,1) -> 3 | I38: =G38&H38 -> KB-0233 | J38: 44648 | K38: 50651604531353 | M38: 해당무 | N38: 전부신청 | O38: A | P38: R | Q38: 8763 | R38: 2806039 | S38: 이행술 | T38: 8763 | U38: 광주여신관리센터 | V38: 1194869077 | Z38: R-014 | AA38: 강은경 | AB38: 일반 | AE38: 16 | AG38: 기업 | AH38: KRW | AI38: 50651604531353 | AJ38: 337000000 | AK38: 69171437 | AL38: 69171437 | AM38: 69171437 | AN38: 69171437 | AP38: 73133077 | AR38: 337000000 | AS38: 0 | AT38: 269600000 | AU38: 0 | AV38: 269600000 | AW38: 269600000 | BC38: 337000000 | BD38: 0 | BE38: 0 | BF38: 0 | BG38: 0 | BH38: 337000000 | BJ38: 15510868 | BK38: 20150331 | BL38: 20211224 | BN38: 20210901 | BO38: 20211002 | BP38: 350000000 | BS38: 기업 | BT38: 2532P0200030 | BU38: KB 기술창조기업 우대대출 | BV38: 50651604531353 | BW38: 0.0564 | BX38: 0.0864 | CA38: 269600000 | CB38: 0 | CC38: 0 | CD38: 0 | CE38: 67400000 | CF38: 67400000 | CH38: 1194869077 | CI38: 1194869077 | CK38: 471 | CL38: 471 | CM38: 000 | CN38: 000 | CO38: 000 | CP38: 000
A39: 0 | B39: 1 | C39: 강은경 | D39: 1194869077 | E39: 1194869077 | F39: 소호 | G39: =VLOOKUP(C39,차주정보!B:E,4,0) -> KB-023 | H39: =IF(D38=D39,H38+1,1) -> 4 | I39: =G39&H39 -> KB-0234 | J39: 44648 | K39: 50651604652342 | M39: 해당무 | N39: 전부신청 | O39: A | P39: R | Q39: 8763 | R39: 2806039 | S39: 이행술 | T39: 8763 | U39: 광주여신관리센터 | V39: 1194869077 | Z39: R-014 | AA39: 강은경 | AB39: 일반 | AE39: 16 | AG39: 기업 | AH39: KRW | AI39: 50651604652342 | AJ39: 180000000 | AK39: 94350231 | AL39: 94350231 | AM39: 94350231 | AN39: 94350231 | AP39: 94367709 | AR39: 180000000 | AS39: 85810955 | AT39: 0 | AU39: 0 | AV39: 85810955 | AW39: 85810955 | BC39: 180000000 | BD39: 0 | BE39: 0 | BF39: 0 | BG39: 0 | BH39: 180000000 | BJ39: 10529062 | BK39: 20200826 | BL39: 20210918 | BN39: 20210831 | BO39: 20210924 | BP39: 181000000 | BS39: 기업 | BT39: 2532P0200001 | BU39: 기업일반운전자금대출 | BV39: 50651604652342 | BW39: 0.0746 | BX39: 0.1046 | CA39: 0 | CB39: 0 | CC39: 85810955 | CD39: 0 | CE39: 94189045 | CF39: 180000000 | CH39: 1194869077 | CI39: 1194869077 | CK39: 154 | CL39: 154 | CM39: 000 | CN39: 000 | CO39: 000 | CP39: 000
A40: 0 | B40: 1 | C40: 강은경 | D40: 1194869077 | E40: 1194869077 | F40: 소호 | G40: =VLOOKUP(C40,차주정보!B:E,4,0) -> KB-023 | H40: =IF(D39=D40,H39+1,1) -> 5 | I40: =G40&H40 -> KB-0235 | J40: 44648 | K40: 87630500138695 | M40: 고려신용정보 | N40: 전부신청 | O40: A | P40: R | Q40: 8763 | R40: 2806039 | S40: 이행술 | T40: 8763 | U40: 광주여신관리센터 | V40: 1194869077 | Z40: R-014 | AA40: 강은경 | AB40: 특채 | AE40: 05 | AF40: 50651604594969 | AG40: 기업 | AH40: KRW | AP40: 0 | AR40: 65034995 | AS40: 0 | AT40: 0 | AU40: 0 | AV40: 0 | AW40: 0 | BC40: 0 | BD40: 65034995 | BE40: 0 | BF40: 0 | BG40: 0 | BH40: 65034995 | BJ40: 3307047 | BK40: 20171130 | BL40: 20210829 | BM40: 20211228 | BN40: 20211228 | BO40: 20210829 | BP40: 100000000 | BS40: 기업 | BT40: 2532P0200030 | BU40: KB 기술창조기업 우대대출 | BV40: 87630500138695 | BW40: 0.1007 | BX40: 0.1307 | CA40: 0 | CB40: 0 | CC40: 0 | CD40: 0 | CE40: 0 | CF40: 0 | CH40: 1194869077 | CI40: 1194869077 | CK40: 특채 | CL40: 특채 | CM40: 특채 | CN40: 특채 | CO40: 특채 | CP40: 특채
A41: 1 | B41: 1 | C41: 한병삼 | D41: 1072127643 | E41: 1072127643 | F41: 소호 | G41: =VLOOKUP(C41,차주정보!B:E,4,0) -> KB-115 | H41: =IF(D40=D41,H40+1,1) -> 1 | I41: =G41&H41 -> KB-1151 | J41: 44683 | K41: 23491601397099 | M41: 해당무 | N41: 전부신청 | O41: A | P41: R | Q41: 8747 | R41: 3139171 | S41: 조국현 | T41: 8747 | U41: 대구여신관리센터 | V41: 1072127643 | Z41: R-015 | AA41: 한병삼 | AB41: 일반 | AE41: 16 | AG41: 기업 | AH41: KRW | AI41: 23491601397099 | AJ41: 100000000 | AK41: 1296117 | AL41: 1296117 | AM41: 1296117 | AN41: 1296117 | AP41: 10655793 | AR41: 100000000 | AS41: 0 | AT41: 90000000 | AU41: 0 | AV41: 90000000 | AW41: 90000000 | BC41: 100000000 | BD41: 0 | BE41: 728100 | BF41: 0 | BG41: 728100 | BH41: 100728100 | BJ41: 1041780 | BK41: 20180425 | BL41: 20230421 | BN41: 20211125 | BO41: 20211228 | BP41: 100000000 | BS41: 기업 | BT41: 2532P0200002 | BU41: 일반운전자금-KB투게더론 | BV41: 23491601397099 | BW41: 0.0285 | BX41: 0.0585 | CA41: 90000000 | CB41: 0 | CC41: 0 | CD41: 0 | CE41: 10000000 | CF41: 10000000 | CH41: 1072127643 | CI41: 1072127643 | CK41: 471 | CL41: 471 | CM41: 000 | CN41: 000 | CO41: 000 | CP41: 000
A42: 0 | B42: 1 | C42: 한병삼 | D42: 1072127643 | E42: 1072127643 | F42: 소호 | G42: =VLOOKUP(C42,차주정보!B:E,4,0) -> KB-115 | H42: =IF(D41=D42,H41+1,1) -> 2 | I42: =G42&H42 -> KB-1152 | J42: 44683 | K42: 23491601405943 | M42: 해당무 | N42: 전부신청 | O42: A | P42: R | Q42: 8747 | R42: 3139171 | S42: 조국현 | T42: 8747 | U42: 대구여신관리센터 | V42: 1072127643 | Z42: R-015 | AA42: 한병삼 | AB42: 일반 | AE42: 16 | AG42: 기업 | AH42: KRW | AI42: 23491601405943 | AJ42: 300000000 | AK42: 12443292 | AL42: 12443292 | AM42: 12443292 | AN42: 12443292 | AP42: 155409956 | AR42: 300000000 | AS42: 160975000 | AT42: 0 | AU42: 0 | AV42: 160975000 | AW42: 160975000 | BC42: 300000000 | BD42: 0 | BE42: 0 | BF42: 0 | BG42: 0 | BH42: 300000000 | BJ42: 7556711 | BK42: 20180829 | BL42: 20220228 | BN42: 20211129 | BO42: 20211230 | BP42: 300000000 | BS42: 기업 | BT42: 2532P0200030 | BU42: KB 기술창조기업 우대대출 | BV42: 23491601405943 | BW42: 0.074 | BX42: 0.104 | CA42: 0 | CB42: 0 | CC42: 160975000 | CD42: 0 | CE42: 139025000 | CF42: 300000000 | CH42: 1072127643 | CI42: 1072127643 | CK42: 121 | CL42: 121 | CM42: 000 | CN42: 000 | CO42: 000 | CP42: 000
A43: 0 | B43: 1 | C43: 한병삼 | D43: 1072127643 | E43: 1072127643 | F43: 소호 | G43: =VLOOKUP(C43,차주정보!B:E,4,0) -> KB-115 | H43: =IF(D42=D43,H42+1,1) -> 3 | I43: =G43&H43 -> KB-1153 | J43: 44683 | K43: 23491601426496 | M43: 해당무 | N43: 전부신청 | O43: A | P43: R | Q43: 8747 | R43: 3139171 | S43: 조국현 | T43: 8747 | U43: 대구여신관리센터 | V43: 1072127643 | Z43: R-015 | AA43: 한병삼 | AB43: 일반 | AE43: 16 | AG43: 기업 | AH43: KRW | AI43: 23491601426496 | AJ43: 120000000 | AK43: 14340928 | AL43: 14340928 | AM43: 14340928 | AN43: 14340928 | AP43: 120000000 | AR43: 120000000 | AS43: 0 | AT43: 0 | AU43: 0 | AV43: 0 | AW43: 0 | BC43: 120000000 | BD43: 0 | BE43: 0 | BF43: 0 | BG43: 0 | BH43: 120000000 | BJ43: 795039 | BK43: 20190911 | BL43: 20220311 | BN43: 20220329 | BO43: 20220112 | BP43: 120000000 | BS43: 기업 | BT43: 2532P0200030 | BU43: KB 기술창조기업 우대대출 | BV43: 23491601426496 | BW43: 0.0978 | BX43: 0.1278 | CA43: 0 | CB43: 0 | CC43: 0 | CD43: 0 | CE43: 120000000 | CF43: 120000000 | CH43: 1072127643 | CI43: 1072127643 | CK43: 000 | CL43: 000 | CM43: 000 | CN43: 000 | CO43: 000 | CP43: 000
A44: 0 | B44: 1 | C44: 한병삼 | D44: 1072127643 | E44: 1072127643 | F44: 소호 | G44: =VLOOKUP(C44,차주정보!B:E,4,0) -> KB-115 | H44: =IF(D43=D44,H43+1,1) -> 4 | I44: =G44&H44 -> KB-1154 | J44: 44683 | K44: 23491601455427 | M44: 해당무 | N44: 전부신청 | O44: A | P44: R | Q44: 8747 | R44: 3139171 | S44: 조국현 | T44: 8747 | U44: 대구여신관리센터 | V44: 1072127643 | Z44: R-015 | AA44: 한병삼 | AB44: 일반 | AE44: 16 | AG44: 기업 | AH44: KRW | AI44: 23491601455427 | AJ44: 161111115 | AK44: 1411822 | AL44: 1411822 | AM44: 1411822 | AN44: 1411822 | AP44: 10548912 | AR44: 161111115 | AS44: 0 | AT44: 153055559 | AU44: 0 | AV44: 153055559 | AW44: 153055559 | BC44: 161111115 | BD44: 0 | BE44: 0 | BF44: 0 | BG44: 0 | BH44: 161111115 | BJ44: 2316709 | BK44: 20210421 | BL44: 20240419 | BN44: 20211121 | BO44: 20211222 | BP44: 200000000 | BS44: 기업 | BT44: 2532P0200001 | BU44: 기업일반운전자금대출 | BV44: 23491601455427 | BW44: 0.0408 | BX44: 0.0708 | CA44: 153055559 | CB44: 0 | CC44: 0 | CD44: 0 | CE44: 8055556 | CF44: 8055556 | CH44: 1072127643 | CI44: 1072127643 | CK44: 471 | CL44: 471 | CM44: 000 | CN44: 000 | CO44: 000 | CP44: 000
A45: 1 | B45: 1 | C45: 김재현 | D45: 1271420129 | E45: 1271420129 | F45: 소호 | G45: =VLOOKUP(C45,차주정보!B:E,4,0) -> KB-026 | H45: =IF(D44=D45,H44+1,1) -> 1 | I45: =G45&H45 -> KB-0261 | J45: 44683 | K45: 02821601683560 | M45: 해당무 | N45: 전부신청 | O45: A | P45: R | Q45: 8747 | R45: 2521825 | S45: 신경철 | T45: 8747 | U45: 대구여신관리센터 | V45: 1271420129 | Z45: R-016 | AA45: 김재현 | AB45: 일반 | AE45: 16 | AG45: 기업 | AH45: KRW | AI45: 02821601683560 | AJ45: 300000000 | AK45: 31737632 | AL45: 31737632 | AM45: 31737632 | AN45: 31737632 | AP45: 32088676 | AR45: 300000000 | AS45: 0 | AT45: 270000000 | AU45: 0 | AV45: 270000000 | AW45: 270000000 | BC45: 300000000 | BD45: 0 | BE45: 649982 | BF45: 0 | BG45: 649982 | BH45: 300649982 | BJ45: 9126808 | BK45: 20190215 | BL45: 20220225 | BN45: 20211029 | BO45: 20211130 | BP45: 300000000 | BS45: 기업 | BT45: 2532P0200002 | BU45: KB투게더론 | BV45: 02821601683560 | BW45: 0.0521 | BX45: 0.0821 | CA45: 270000000 | CB45: 0 | CC45: 0 | CD45: 0 | CE45: 30000000 | CF45: 30000000 | CH45: 1271420129 | CI45: 1271420129 | CK45: 471 | CL45: 471 | CM45: 000 | CN45: 000 | CO45: 000 | CP45: 000
A46: 0 | B46: 1 | C46: 김재현 | D46: 1271420129 | E46: 1271420129 | F46: 소호 | G46: =VLOOKUP(C46,차주정보!B:E,4,0) -> KB-026 | H46: =IF(D45=D46,H45+1,1) -> 2 | I46: =G46&H46 -> KB-0262 | J46: 44683 | K46: 02821601746076 | M46: 해당무 | N46: 전부신청 | O46: A | P46: R | Q46: 8747 | R46: 2521825 | S46: 신경철 | T46: 8747 | U46: 대구여신관리센터 | V46: 1271420129 | Z46: R-016 | AA46: 김재현 | AB46: 일반 | AE46: 16 | AG46: 기업 | AH46: KRW | AI46: 02821601746076 | AJ46: 290000000 | AK46: 12004057 | AL46: 12004057 | AM46: 12004057 | AN46: 12004057 | AP46: 13431118 | AR46: 290000000 | AS46: 290000000 | AT46: 0 | AU46: 0 | AV46: 290000000 | AW46: 290000000 | BC46: 290000000 | BD46: 0 | BE46: 4322850 | BF46: 0 | BG46: 4322850 | BH46: 294322850 | BJ46: 7509918 | BK46: 20201231 | BL46: 20220630 | BN46: 20210930 | BO46: 20211102 | BP46: 290000000 | BS46: 기업 | BT46: 2532P0200001 | BU46: 기업일반운전자금대출 | BV46: 02821601746076 | BW46: 0.03 | BX46: 0.06 | CA46: 0 | CB46: 0 | CC46: 290000000 | CD46: 0 | CE46: 0 | CF46: 290000000 | CH46: 1271420129 | CI46: 1271420129 | CK46: 121 | CL46: 121 | CM46: 000 | CN46: 000 | CO46: 000 | CP46: 000
A47: 0 | B47: 1 | C47: 김재현 | D47: 1271420129 | E47: 1271420129 | F47: 소호 | G47: =VLOOKUP(C47,차주정보!B:E,4,0) -> KB-026 | H47: =IF(D46=D47,H46+1,1) -> 3 | I47: =G47&H47 -> KB-0263 | J47: 44683 | K47: 02821601752266 | M47: 해당무 | N47: 전부신청 | O47: A | P47: R | Q47: 8747 | R47: 2521825 | S47: 신경철 | T47: 8747 | U47: 대구여신관리센터 | V47: 1271420129 | Z47: R-016 | AA47: 김재현 | AB47: 일반 | AE47: 16 | AG47: 기업 | AH47: KRW | AI47: 02821601752266 | AJ47: 72500000 | AK47: 38579551 | AL47: 19688874 | AM47: 19688874 | AN47: 19688874 | AP47: 9836823 | AR47: 37000000 | AS47: 37000000 | AT47: 0 | AU47: 0 | AV47: 37000000 | AW47: 37000000 | BC47: 37000000 | BD47: 0 | BE47: 0 | BF47: 0 | BG47: 0 | BH47: 37000000 | BJ47: 883081 | BK47: 20210330 | BL47: 20220630 | BN47: 20220324 | BO47: 20220121 | BP47: 72500000 | BR47: 일부상각 | BS47: 기업 | BT47: 2532P0200001 | BU47: 기업일반운전자금대출 | BV47: 02821601752266 | BW47: 0.03 | BX47: 0.06 | CA47: 0 | CB47: 0 | CC47: 37000000 | CD47: 0 | CE47: 0 | CF47: 37000000 | CH47: 1271420129 | CI47: 1271420129 | CK47: 000 | CL47: 121 | CM47: 000 | CN47: 000 | CO47: 000 | CP47: 000
A48: 0 | B48: 1 | C48: 김재현 | D48: 1271420129 | E48: 1271420129 | F48: 소호 | G48: =VLOOKUP(C48,차주정보!B:E,4,0) -> KB-026 | H48: =IF(D47=D48,H47+1,1) -> 4 | I48: =G48&H48 -> KB-0264 | J48: 44683 | K48: 87470500137788 | M48: 해당무 | N48: 전부신청 | O48: A | P48: R | Q48: 8747 | R48: 2521825 | S48: 신경철 | T48: 8747 | U48: 대구여신관리센터 | V48: 1271420129 | Z48: R-016 | AA48: 김재현 | AB48: 특채 | AE48: 05 | AF48: 02821601752266 | AG48: 기업 | AH48: KRW | AI48: 02821601752266 | AJ48: 72500000 | AK48: 38579551 | AL48: 18890677 | AM48: 18890677 | AO48: 16609323 | AP48: 0 | AR48: 35500000 | AS48: 0 | AT48: 0 | AU48: 0 | AV48: 0 | AW48: 0 | BC48: 0 | BD48: 35500000 | BE48: 0 | BF48: 0 | BG48: 0 | BH48: 35500000 | BJ48: 35013 | BK48: 20210330 | BL48: 20220630 | BM48: 20220324 | BN48: 20220324 | BO48: 20220120 | BP48: 72500000 | BR48: 일부상각 | BS48: 기업 | BT48: 2532P0200001 | BU48: 기업일반운전자금대출 | BV48: 87470500137788 | BW48: 0.03 | BX48: 0.06 | CA48: 0 | CB48: 0 | CC48: 0 | CD48: 0 | CE48: 0 | CF48: 0 | CH48: 1271420129 | CI48: 1271420129 | CK48: 특채 | CL48: 특채 | CM48: 특채 | CN48: 특채 | CO48: 특채 | CP48: 특채
A49: 1 | B49: 1 | C49: 무진유통（주） | D49: 7006076533 | E49: 7006075294 | F49: 법인 | G49: =VLOOKUP(C49,차주정보!B:E,4,0) -> KB-025 | H49: =IF(D48=D49,H48+1,1) -> 1 | I49: =G49&H49 -> KB-0251 | J49: 44666 | K49: 55111601387281 | M49: 해당무 | N49: 전부신청 | O49: A | P49: R | Q49: 8750 | R49: 1579179 | S49: 김욱태 | T49: 8750 | U49: 부산여신관리센터 | V49: 7006076533 | Z49: R-017 | AA49: 무진유통（주） | AB49: 일반 | AE49: 16 | AG49: 기업 | AH49: KRW | AI49: 55111601387281 | AJ49: 389771000 | AK49: 389771000 | AL49: 389771000 | AM49: 389771000 | AN49: 389771000 | AP49: 389771000 | AR49: 389771000 | AS49: 0 | AT49: 0 | AU49: 0 | AV49: 0 | AW49: 0 | BC49: 389771000 | BD49: 0 | BE49: 0 | BF49: 0 | BG49: 0 | BH49: 389771000 | BJ49: 12369782 | BK49: 20111104 | BL49: 20211015 | BN49: 20211106 | BO49: 20211116 | BP49: 390000000 | BS49: 기업 | BT49: 2539M7400002 | BU49: 기업구매자금대출_한도후취 | BV49: 55111601387281 | BW49: 0.0474 | BX49: 0.0774 | BY49: 55117300005338 | CA49: 0 | CB49: 0 | CC49: 0 | CD49: 0 | CE49: 389771000 | CF49: 389771000 | CH49: 7006075294 | CI49: 7006076533 | CK49: 471 | CL49: 000 | CM49: 000 | CN49: 000 | CO49: 000 | CP49: 000
A50: 0 | B50: 1 | C50: 무진유통（주） | D50: 7006076533 | E50: 7006075294 | F50: 법인 | G50: =VLOOKUP(C50,차주정보!B:E,4,0) -> KB-025 | H50: =IF(D49=D50,H49+1,1) -> 2 | I50: =G50&H50 -> KB-0252 | J50: 44666 | K50: 55111601549195 | M50: 해당무 | N50: 전부신청 | O50: A | P50: R | Q50: 8750 | R50: 1579179 | S50: 김욱태 | T50: 8750 | U50: 부산여신관리센터 | V50: 7006076533 | Z50: R-017 | AA50: 무진유통（주） | AB50: 일반 | AE50: 16 | AG50: 기업 | AH50: KRW | AI50: 55111601549195 | AJ50: 136000000 | AK50: 136000000 | AL50: 136000000 | AM50: 136000000 | AN50: 136000000 | AP50: 136000000 | AR50: 136000000 | AS50: 0 | AT50: 0 | AU50: 0 | AV50: 0 | AW50: 0 | BC50: 136000000 | BD50: 0 | BE50: 0 | BF50: 0 | BG50: 0 | BH50: 136000000 | BJ50: 3227938 | BK50: 20190507 | BL50: 20220630 | BN50: 20211107 | BO50: 20211208 | BP50: 158000000 | BS50: 기업 | BT50: 2532P0200001 | BU50: 기업일반운전자금대출 | BV50: 55111601549195 | BW50: 0.04 | BX50: 0.07 | CA50: 0 | CB50: 0 | CC50: 0 | CD50: 0 | CE50: 136000000 | CF50: 136000000 | CH50: 7006075294 | CI50: 7006076533 | CK50: 005 | CL50: 000 | CM50: 000 | CN50: 000 | CO50: 000 | CP50: 000
A51: 0 | B51: 1 | C51: 무진유통（주） | D51: 7006076533 | E51: 7006075294 | F51: 법인 | G51: =VLOOKUP(C51,차주정보!B:E,4,0) -> KB-025 | H51: =IF(D50=D51,H50+1,1) -> 3 | I51: =G51&H51 -> KB-0253 | J51: 44666 | K51: 98050101016497 | M51: 해당무 | N51: 전부신청 | O51: A | P51: R | Q51: 8750 | R51: 1579179 | S51: 김욱태 | T51: 8750 | U51: 부산여신관리센터 | V51: 7006076533 | Z51: R-017 | AA51: 무진유통（주） | AB51: 일반 | AE51: 01 | AG51: 기업 | AH51: KRW | AI51: 98050101016497 | AJ51: 138000000 | AK51: 44678024 | AL51: 44678024 | AM51: 44678024 | AN51: 44678024 | AP51: 44678024 | AR51: 138000000 | AS51: 100740000 | AT51: 0 | AU51: 0 | AV51: 100740000 | AW51: 100740000 | BC51: 138000000 | BD51: 0 | BE51: 0 | BF51: 0 | BG51: 0 | BH51: 138000000 | BJ51: 3156778 | BK51: 20190807 | BL51: 20220630 | BN51: 20220106 | BO51: 20211208 | BP51: 138000000 | BS51: 기업 | BT51: 2532P0200001 | BU51: 기업일반운전자금대출 | BV51: 98050101016497 | BW51: 0.04 | BX51: 0.07 | BY51: 55117300027338 | CA51: 0 | CB51: 0 | CC51: 100740000 | CD51: 0 | CE51: 37260000 | CF51: 138000000 | CH51: 7006075294 | CI51: 7006076533 | CK51: 005 | CL51: 151 | CM51: 000 | CN51: 000 | CO51: 000 | CP51: 000
A52: 1 | B52: 1 | C52: 정구남 | D52: 1046705360 | E52: 1046705360 | F52: 소호 | G52: =VLOOKUP(C52,차주정보!B:E,4,0) -> KB-027 | H52: =IF(D51=D52,H51+1,1) -> 1 | I52: =G52&H52 -> KB-0271 | J52: 44636 | K52: 55331604062404 | M52: 해당무 | N52: 일부신청 | O52: A | P52: R | Q52: 3496 | R52: 2323211 | S52: 박재흥 | T52: 3496 | U52: 여신관리센터 | V52: 1046705360 | X52: 개인신용회복지원확정 | Z52: R-018 | AA52: 정구남 | AB52: 일반 | AE52: 16 | AG52: 기업 | AH52: KRW | AI52: 55331604062404 | AJ52: 654000000 | AK52: 150426815 | AL52: 150426815 | AM52: 150426815 | AN52: 150426815 | AP52: 164246002 | AR52: 654000000 | AS52: 516800000 | AT52: 0 | AU52: 0 | AV52: 516800000 | AW52: 516800000 | BC52: 654000000 | BD52: 0 | BE52: 6488780 | BF52: 0 | BG52: 6488780 | BH52: 660488780 | BJ52: 42218795 | BK52: 20161013 | BL52: 20210713 | BN52: 20210426 | BO52: 20210518 | BP52: 660000000 | BS52: 기업 | BT52: 2534P0500021 | BU52: KB 기술창조기업 우대대출 | BV52: 55331604062404 | BW52: 0.0429 | BX52: 0.0729 | CA52: 0 | CB52: 0 | CC52: 516800000 | CD52: 0 | CE52: 137200000 | CF52: 654000000 | CH52: 1046705360 | CI52: 1046705360 | CK52: 155 | CL52: 155 | CM52: 000 | CN52: 000 | CO52: 000 | CP52: 000
A53: 1 | B53: 1 | C53: 임수근 | D53: 1209592398 | E53: 1209592398 | F53: 소호 | G53: =VLOOKUP(C53,차주정보!B:E,4,0) -> KB-030 | H53: =IF(D52=D53,H52+1,1) -> 1 | I53: =G53&H53 -> KB-0301 | J53: 44642 | K53: 74961601165013 | M53: 해당무 | N53: 일부신청 | O53: A | P53: R | Q53: 8734 | R53: 2731401 | S53: 유종관 | T53: 8734 | U53: 대전여신관리센터 | V53: 1209592398 | Z53: R-019 | AA53: 임수근 | AB53: 일반 | AE53: 16 | AG53: 기업 | AH53: KRW | AI53: 74961601165013 | AJ53: 319500000 | AK53: 42866771 | AL53: 36000038 | AM53: 36000038 | AN53: 36000038 | AP53: 29100887 | AR53: 268320000 | AS53: 268320000 | AT53: 0 | AU53: 0 | AV53: 268320000 | AW53: 268320000 | BC53: 268320000 | BD53: 0 | BE53: 4776370 | BF53: 0 | BG53: 4776370 | BH53: 273096370 | BJ53: 18233082 | BK53: 20170215 | BL53: 20211013 | BN53: 20220324 | BO53: 20211014 | BP53: 340000000 | BR53: 일부상각 | BS53: 기업 | BT53: 2534P0500001 | BU53: 기업일반시설자금대출 | BV53: 74961601165013 | BW53: 0.0821 | BX53: 0.1121 | CA53: 0 | CB53: 0 | CC53: 268320000 | CD53: 0 | CE53: 0 | CF53: 268320000 | CH53: 1209592398 | CI53: 1209592398 | CK53: 152 | CL53: 152 | CM53: 000 | CN53: 000 | CO53: 000 | CP53: 000
A54: 0 | B54: 1 | C54: 임수근 | D54: 1209592398 | E54: 1209592398 | F54: 소호 | G54: =VLOOKUP(C54,차주정보!B:E,4,0) -> KB-030 | H54: =IF(D53=D54,H53+1,1) -> 2 | I54: =G54&H54 -> KB-0302 | J54: 44642 | K54: 74961601165026 | M54: 해당무 | N54: 일부신청 | O54: A | P54: R | Q54: 8734 | R54: 2731401 | S54: 유종관 | T54: 8734 | U54: 대전여신관리센터 | V54: 1209592398 | Z54: R-019 | AA54: 임수근 | AB54: 일반 | AE54: 16 | AG54: 기업 | AH54: KRW | AI54: 74961601165026 | AJ54: 319500000 | AK54: 42866771 | AL54: 36000038 | AM54: 36000038 | AN54: 36000038 | AP54: 29100887 | AR54: 268320000 | AS54: 268320000 | AT54: 0 | AU54: 0 | AV54: 268320000 | AW54: 268320000 | BC54: 268320000 | BD54: 0 | BE54: 0 | BF54: 0 | BG54: 0 | BH54: 268320000 | BJ54: 18233082 | BK54: 20170215 | BL54: 20211013 | BN54: 20220324 | BO54: 20211014 | BP54: 340000000 | BR54: 일부상각 | BS54: 기업 | BT54: 2534P0500001 | BU54: 기업일반시설자금대출 | BV54: 74961601165026 | BW54: 0.0821 | BX54: 0.1121 | CA54: 0 | CB54: 0 | CC54: 268320000 | CD54: 0 | CE54: 0 | CF54: 268320000 | CH54: 1209592398 | CI54: 1209592398 | CK54: 152 | CL54: 152 | CM54: 000 | CN54: 000 | CO54: 000 | CP54: 000
A55: 0 | B55: 1 | C55: 임수근 | D55: 1209592398 | E55: 1209592398 | F55: 소호 | G55: =VLOOKUP(C55,차주정보!B:E,4,0) -> KB-030 | H55: =IF(D54=D55,H54+1,1) -> 3 | I55: =G55&H55 -> KB-0303 | J55: 44642 | K55: 87340500152182 | M55: 해당무 | N55: 일부신청 | O55: A | P55: R | Q55: 8734 | R55: 2731401 | S55: 유종관 | T55: 8734 | U55: 대전여신관리센터 | V55: 1209592398 | Z55: R-019 | AA55: 임수근 | AB55: 특채 | AE55: 05 | AF55: 74961601165013 | AG55: 기업 | AH55: KRW | AI55: 74961601165013 | AJ55: 319500000 | AK55: 42866771 | AL55: 6866733.5 | AM55: 6866733 | AO55: 44313267 | AP55: 0 | AR55: 51180000 | AS55: 0 | AT55: 0 | AU55: 0 | AV55: 0 | AW55: 0 | BC55: 0 | BD55: 51180000 | BE55: 0 | BF55: 0 | BG55: 0 | BH55: 51180000 | BJ55: 94311 | BK55: 20170215 | BL55: 20211013 | BM55: 20220324 | BN55: 20220324 | BO55: 20211013 | BP55: 340000000 | BR55: 일부상각 | BS55: 기업 | BT55: 2534P0500001 | BU55: 기업일반시설자금대출 | BV55: 87340500152182 | BW55: 0.0821 | BX55: 0.1121 | CA55: 0 | CB55: 0 | CC55: 0 | CD55: 0 | CE55: 0 | CF55: 0 | CH55: 1209592398 | CI55: 1209592398 | CK55: 특채 | CL55: 특채 | CM55: 특채 | CN55: 특채 | CO55: 특채 | CP55: 특채
A56: 0 | B56: 1 | C56: 임수근 | D56: 1209592398 | E56: 1209592398 | F56: 소호 | G56: =VLOOKUP(C56,차주정보!B:E,4,0) -> KB-030 | H56: =IF(D55=D56,H55+1,1) -> 4 | I56: =G56&H56 -> KB-0304 | J56: 44642 | K56: 87340500152207 | M56: 해당무 | N56: 일부신청 | O56: A | P56: R | Q56: 8734 | R56: 2731401 | S56: 유종관 | T56: 8734 | U56: 대전여신관리센터 | V56: 1209592398 | Z56: R-019 | AA56: 임수근 | AB56: 특채 | AE56: 05 | AF56: 74961601165026 | AG56: 기업 | AH56: KRW | AI56: 74961601165026 | AJ56: 319500000 | AK56: 42866771 | AL56: 6866733.5 | AM56: 6866733 | AO56: 44313267 | AP56: 0 | AR56: 51180000 | AS56: 0 | AT56: 0 | AU56: 0 | AV56: 0 | AW56: 0 | BC56: 0 | BD56: 51180000 | BE56: 0 | BF56: 0 | BG56: 0 | BH56: 51180000 | BJ56: 94311 | BK56: 20170215 | BL56: 20211013 | BM56: 20220324 | BN56: 20220324 | BO56: 20211013 | BP56: 340000000 | BR56: 일부상각 | BS56: 기업 | BT56: 2534P0500001 | BU56: 기업일반시설자금대출 | BV56: 87340500152207 | BW56: 0.0821 | BX56: 0.1121 | CA56: 0 | CB56: 0 | CC56: 0 | CD56: 0 | CE56: 0 | CF56: 0 | CH56: 1209592398 | CI56: 1209592398 | CK56: 특채 | CL56: 특채 | CM56: 특채 | CN56: 특채 | CO56: 특채 | CP56: 특채
A57: 1 | B57: 1 | C57: （주）한주 | D57: 8004065618 | E57: 8004065510 | F57: 법인 | G57: =VLOOKUP(C57,차주정보!B:E,4,0) -> KB-046 | H57: =IF(D56=D57,H56+1,1) -> 1 | I57: =G57&H57 -> KB-0461 | J57: 44683 | K57: 96141601342265 | M57: 해당무 | N57: 전부신청 | O57: A | P57: R | Q57: 3496 | R57: 3159187 | S57: 주영기 | T57: 3496 | U57: 여신관리센터 | V57: 8004065618 | Z57: R-020 | AA57: （주）한주 | AB57: 일반 | AE57: 16 | AG57: 기업 | AH57: KRW | AI57: 96141601342265 | AJ57: 760000000 | AK57: 142444672 | AL57: 17938171 | AM57: 17938171 | AN57: 17938171 | AP57: 95707404 | AR57: 95707404 | AS57: 0 | AT57: 0 | AU57: 0 | AV57: 0 | AW57: 0 | BC57: 95707404 | BD57: 0 | BE57: 0 | BF57: 0 | BG57: 0 | BH57: 95707404 | BJ57: 30574649 | BK57: 20190830 | BL57: 20211130 | BN57: 20220224 | BO57: 20211001 | BP57: 760000000 | BS57: 기업 | BT57: 2532P0200001 | BU57: 기업일반운전자금대출 | BV57: 96141601342265 | BW57: 0.0594 | BX57: 0.0894 | CA57: 0 | CB57: 0 | CC57: 0 | CD57: 0 | CE57: 95707404 | CF57: 95707404 | CH57: 8004065510 | CI57: 8004065618 | CK57: 005 | CL57: 000 | CM57: 000 | CN57: 000 | CO57: 000 | CP57: 000
A58: 0 | B58: 1 | C58: （주）한주 | D58: 8004065618 | E58: 8004065510 | F58: 법인 | G58: =VLOOKUP(C58,차주정보!B:E,4,0) -> KB-046 | H58: =IF(D57=D58,H57+1,1) -> 2 | I58: =G58&H58 -> KB-0462 | J58: 44683 | K58: 96141601342278 | M58: 해당무 | N58: 전부신청 | O58: A | P58: R | Q58: 3496 | R58: 3159187 | S58: 주영기 | T58: 3496 | U58: 여신관리센터 | V58: 8004065618 | Z58: R-020 | AA58: （주）한주 | AB58: 일반 | AE58: 16 | AG58: 기업 | AH58: KRW | AI58: 96141601342278 | AJ58: 395000000 | AK58: 260958392 | AL58: 260958392 | AM58: 260958392 | AN58: 260958392 | AP58: 248273467 | AR58: 395000000 | AS58: 161155386 | AT58: 0 | AU58: 0 | AV58: 161155386 | AW58: 161155386 | BC58: 395000000 | BD58: 0 | BE58: 6239460 | BF58: 0 | BG58: 6239460 | BH58: 401239460 | BJ58: 24814656 | BK58: 20190830 | BL58: 20211028 | BN58: 20211028 | BO58: 20211029 | BP58: 398000000 | BS58: 기업 | BT58: 2534P0500001 | BU58: 기업일반시설자금대출 | BV58: 96141601342278 | BW58: 0.13 | BX58: 0.15 | CA58: 0 | CB58: 0 | CC58: 161155386 | CD58: 0 | CE58: 233844614 | CF58: 395000000 | CH58: 8004065510 | CI58: 8004065618 | CK58: 154 | CL58: 154 | CM58: 000 | CN58: 000 | CO58: 000 | CP58: 000
A59: 0 | B59: 1 | C59: （주）한주 | D59: 8004065618 | E59: 8004065510 | F59: 법인 | G59: =VLOOKUP(C59,차주정보!B:E,4,0) -> KB-046 | H59: =IF(D58=D59,H58+1,1) -> 3 | I59: =G59&H59 -> KB-0463 | J59: 44683 | K59: 96141601342281 | M59: 해당무 | N59: 전부신청 | O59: A | P59: R | Q59: 3496 | R59: 3159187 | S59: 주영기 | T59: 3496 | U59: 여신관리센터 | V59: 8004065618 | Z59: R-020 | AA59: （주）한주 | AB59: 일반 | AE59: 16 | AG59: 기업 | AH59: KRW | AI59: 96141601342281 | AJ59: 102500000 | AK59: 102500000 | AL59: 102500000 | AM59: 102500000 | AN59: 102500000 | AP59: 102500000 | AR59: 102500000 | AS59: 0 | AT59: 0 | AU59: 0 | AV59: 0 | AW59: 0 | BC59: 102500000 | BD59: 0 | BE59: 0 | BF59: 0 | BG59: 0 | BH59: 102500000 | BJ59: 7278903 | BK59: 20190830 | BL59: 20211028 | BN59: 20211005 | BO59: 20211029 | BP59: 107000000 | BS59: 기업 | BT59: 2532P0200001 | BU59: 기업일반운전자금대출 | BV59: 96141601342281 | BW59: 0.13 | BX59: 0.15 | CA59: 0 | CB59: 0 | CC59: 0 | CD59: 0 | CE59: 102500000 | CF59: 102500000 | CH59: 8004065510 | CI59: 8004065618 | CK59: 154 | CL59: 000 | CM59: 000 | CN59: 000 | CO59: 000 | CP59: 000
A60: 0 | B60: 1 | C60: （주）한주 | D60: 8004065618 | E60: 8004065510 | F60: 법인 | G60: =VLOOKUP(C60,차주정보!B:E,4,0) -> KB-046 | H60: =IF(D59=D60,H59+1,1) -> 4 | I60: =G60&H60 -> KB-0464 | J60: 44683 | K60: 96141601342294 | M60: 해당무 | N60: 전부신청 | O60: A | P60: R | Q60: 3496 | R60: 3159187 | S60: 주영기 | T60: 3496 | U60: 여신관리센터 | V60: 8004065618 | Z60: R-020 | AA60: （주）한주 | AB60: 일반 | AE60: 16 | AG60: 기업 | AH60: KRW | AI60: 96141601342294 | AJ60: 55500000 | AK60: 55500000 | AL60: 21387715 | AM60: 21387715 | AN60: 21387715 | AP60: 21387715 | AR60: 21387715 | AS60: 0 | AT60: 0 | AU60: 0 | AV60: 0 | AW60: 0 | BC60: 21387715 | BD60: 0 | BE60: 0 | BF60: 0 | BG60: 0 | BH60: 21387715 | BJ60: 298842 | BK60: 20190830 | BL60: 20211028 | BN60: 20220224 | BO60: 20211029 | BP60: 60000000 | BS60: 기업 | BT60: 2532P0200001 | BU60: 기업일반운전자금대출 | BV60: 96141601342294 | BW60: 0.13 | BX60: 0.15 | CA60: 0 | CB60: 0 | CC60: 0 | CD60: 0 | CE60: 21387715 | CF60: 21387715 | CH60: 8004065510 | CI60: 8004065618 | CK60: 005 | CL60: 000 | CM60: 000 | CN60: 000 | CO60: 000 | CP60: 000
A61: 1 | B61: 1 | C61: 주식회사루서인컴퍼니 | D61: 8016198582 | E61: 8017520844 | F61: 법인 | G61: =VLOOKUP(C61,차주정보!B:E,4,0) -> KB-031 | H61: =IF(D60=D61,H60+1,1) -> 1 | I61: =G61&H61 -> KB-0311 | AI61: 35881604498329 | AJ61: 492000000 | AK61: 10939652 | AL61: 10939652 | AM61: 10939652 | AN61: 10939652 | AP61: 10939652 | AS61: 492000000 | AT61: 0 | AU61: 0 | AV61: 492000000 | AW61: 492000000
A62: 0 | B62: 1 | C62: 주식회사루서인컴퍼니 | D62: 8016198582 | E62: 8017520844 | F62: 법인 | G62: =VLOOKUP(C62,차주정보!B:E,4,0) -> KB-031 | H62: =IF(D61=D62,H61+1,1) -> 2 | I62: =G62&H62 -> KB-0312 | AI62: 35881604518788 | AJ62: 118000000 | AK62: 3149967 | AL62: 3149967 | AM62: 3149967 | AN62: 3149967 | AP62: 2623737 | AS62: 118000000 | AT62: 0 | AU62: 0 | AV62: 118000000 | AW62: 118000000
A63: 1 | B63: 1 | C63: 김명성 | D63: 1021578145 | E63: 1021578145 | F63: 소호 | G63: =VLOOKUP(C63,차주정보!B:E,4,0) -> KB-032 | H63: =IF(D62=D63,H62+1,1) -> 1 | I63: =G63&H63 -> KB-0321 | J63: 44683 | K63: 59601604083527 | M63: 해당무 | N63: 전부신청 | O63: A | P63: R | Q63: 8747 | R63: 3139171 | S63: 조국현 | T63: 8747 | U63: 대구여신관리센터 | V63: 1021578145 | W63: 사망 | Z63: R-022 | AA63: 김명성 | AB63: 일반 | AE63: 16 | AG63: 기업 | AH63: KRW | AI63: 59601604083527 | AJ63: 400000000 | AK63: 221158038 | AL63: 110579019 | AM63: 110579019 | AN63: 110579019 | AP63: 4342400 | AR63: 200000000 | AS63: 200000000 | AT63: 0 | AU63: 0 | AV63: 200000000 | AW63: 200000000 | BC63: 200000000 | BD63: 0 | BE63: 0 | BF63: 0 | BG63: 0 | BH63: 200000000 | BJ63: 3816250 | BK63: 20201103 | BL63: 20250930 | BN63: 20220324 | BO63: 20211221 | BP63: 400000000 | BR63: 일부상각 | BS63: 기업 | BT63: 2541A5800004 | BU63: 기타재정운전자금- 의료기관 긴급지원자금(코로나19_3차 신규) | BV63: 59601604083527 | BW63: 0.019 | BX63: 0.049 | CA63: 0 | CB63: 0 | CC63: 200000000 | CD63: 0 | CE63: 0 | CF63: 200000000 | CH63: 1021578145 | CI63: 1021578145 | CK63: 159 | CL63: 159 | CM63: 000 | CN63: 000 | CO63: 000 | CP63: 000
A64: 0 | B64: 1 | C64: 김명성 | D64: 1021578145 | E64: 1021578145 | F64: 소호 | G64: =VLOOKUP(C64,차주정보!B:E,4,0) -> KB-032 | H64: =IF(D63=D64,H63+1,1) -> 2 | I64: =G64&H64 -> KB-0322 | J64: 44683 | K64: 87470500138350 | M64: 해당무 | N64: 전부신청 | O64: A | P64: R | Q64: 8747 | R64: 3139171 | S64: 조국현 | T64: 8747 | U64: 대구여신관리센터 | V64: 1021578145 | W64: 사망 | Z64: R-022 | AA64: 김명성 | AB64: 특채 | AE64: 05 | AF64: 59601604075825 | AG64: 기업 | AH64: KRW | AI64: 59601604075825 | AJ64: 300000000 | AK64: 300000000 | AL64: 189005795 | AM64: 189005795 | AO64: 0 | AP64: 0 | AR64: 189005795 | AS64: 0 | AT64: 0 | AU64: 0 | AV64: 0 | AW64: 0 | BC64: 0 | BD64: 189005795 | BE64: 0 | BF64: 1721540 | BG64: 1721540 | BH64: 190727335 | BJ64: 1040308 | BK64: 20200514 | BL64: 20250331 | BM64: 20220324 | BN64: 20220324 | BO64: 20211220 | BP64: 300000000 | BS64: 기업 | BT64: 2541A5800002 | BU64: 기타재정운전자금- 의료기관 긴급지원자금(코로나19) | BV64: 87470500138350 | BW64: 0.019 | BX64: 0.049 | CA64: 0 | CB64: 0 | CC64: 0 | CD64: 0 | CE64: 0 | CF64: 0 | CH64: 1021578145 | CI64: 1021578145 | CK64: 특채 | CL64: 특채 | CM64: 특채 | CN64: 특채 | CO64: 특채 | CP64: 특채
A65: 0 | B65: 1 | C65: 김명성 | D65: 1021578145 | E65: 1021578145 | F65: 소호 | G65: =VLOOKUP(C65,차주정보!B:E,4,0) -> KB-032 | H65: =IF(D64=D65,H64+1,1) -> 3 | I65: =G65&H65 -> KB-0323 | J65: 44683 | K65: 87470500138376 | M65: 해당무 | N65: 전부신청 | O65: A | P65: R | Q65: 8747 | R65: 3139171 | S65: 조국현 | T65: 8747 | U65: 대구여신관리센터 | V65: 1021578145 | W65: 사망 | Z65: R-022 | AA65: 김명성 | AB65: 특채 | AE65: 05 | AF65: 59601604083527 | AG65: 기업 | AH65: KRW | AI65: 59601604083527 | AJ65: 400000000 | AK65: 221158038 | AL65: 110579019 | AM65: 110579019 | AO65: 89420981 | AP65: 0 | AR65: 200000000 | AS65: 0 | AT65: 0 | AU65: 0 | AV65: 0 | AW65: 0 | BC65: 0 | BD65: 200000000 | BE65: 0 | BF65: 0 | BG65: 0 | BH65: 200000000 | BJ65: 161095 | BK65: 20201103 | BL65: 20250930 | BM65: 20220324 | BN65: 20220324 | BO65: 20211220 | BP65: 400000000 | BR65: 일부상각 | BS65: 기업 | BT65: 2541A5800004 | BU65: 기타재정운전자금- 의료기관 긴급지원자금(코로나19_3차 신규) | BV65: 87470500138376 | BW65: 0.019 | BX65: 0.049 | CA65: 0 | CB65: 0 | CC65: 0 | CD65: 0 | CE65: 0 | CF65: 0 | CH65: 1021578145 | CI65: 1021578145 | CK65: 특채 | CL65: 특채 | CM65: 특채 | CN65: 특채 | CO65: 특채 | CP65: 특채
A66: 1 | B66: 1 | C66: 전영희 | D66: 1364372832 | E66: 1364372832 | F66: 소호 | G66: =VLOOKUP(C66,차주정보!B:E,4,0) -> KB-035 | H66: =IF(D65=D66,H65+1,1) -> 1 | I66: =G66&H66 -> KB-0351 | J66: 44666 | K66: 12630104247995 | M66: 해당무 | N66: 전부신청 | O66: A | P66: R | Q66: 8750 | R66: 1579179 | S66: 김욱태 | T66: 8750 | U66: 부산여신관리센터 | V66: 1364372832 | Z66: R-023 | AA66: 전영희 | AB66: 일반 | AE66: 01 | AG66: 기업 | AH66: KRW | AI66: 12630104247995 | AJ66: 121500000 | AK66: 2846935 | AL66: 2846935 | AM66: 2846935 | AN66: 2846935 | AP66: 2828082 | AR66: 121500000 | AS66: 121500000 | AT66: 0 | AU66: 0 | AV66: 121500000 | AW66: 121500000 | BC66: 121500000 | BD66: 0 | BE66: 0 | BF66: 0 | BG66: 0 | BH66: 121500000 | BJ66: 1941484 | BK66: 20210422 | BL66: 20220415 | BN66: 20211221 | BO66: 20220120 | BP66: 121500000 | BS66: 기업 | BT66: 2532P0200001 | BU66: 기업일반운전자금대출 | BV66: 12630104247995 | BW66: 0.0387 | BX66: 0.0687 | BY66: 12637300017786 | CA66: 0 | CB66: 0 | CC66: 121500000 | CD66: 0 | CE66: 0 | CF66: 121500000 | CH66: 1364372832 | CI66: 1364372832 | CK66: 121 | CL66: 121 | CM66: 000 | CN66: 000 | CO66: 000 | CP66: 000
A67: 0 | B67: 1 | C67: 전영희 | D67: 1364372832 | E67: 1364372832 | F67: 가계 | G67: =VLOOKUP(C67,차주정보!B:E,4,0) -> KB-035 | H67: =IF(D66=D67,H66+1,1) -> 2 | I67: =G67&H67 -> KB-0352 | J67: 44666 | K67: 12631604181279 | M67: KB신용정보 | N67: 전부신청 | O67: A | P67: R | Q67: 8750 | R67: 1579179 | S67: 김욱태 | T67: 8750 | U67: 부산여신관리센터 | V67: 1364372832 | Z67: R-023 | AA67: 전영희 | AB67: 일반 | AE67: 16 | AG67: 가계 | AH67: KRW | AI67: 12631604181279 | AJ67: 92784102 | AK67: 408332 | AL67: 408332 | AM67: 408332 | AN67: 408332 | AP67: 580798 | AR67: 92784102 | AS67: 92784102 | AT67: 0 | AU67: 0 | AV67: 92784102 | AW67: 92784102 | BC67: 92784102 | BD67: 0 | BE67: 0 | BF67: 0 | BG67: 0 | BH67: 92784102 | BJ67: 1067518 | BK67: 20110624 | BL67: 20310624 | BN67: 20211124 | BO67: 20211225 | BP67: 170000000 | BS67: 가계 | BT67: 200211400004 | BU67: KB부동산담보대출 | BV67: 12631604181279 | BW67: 0.026 | BX67: 0.056 | CA67: 0 | CB67: 0 | CC67: 92784102 | CD67: 0 | CE67: 0 | CF67: 92784102 | CH67: 1364372832 | CI67: 1364372832 | CK67: 121 | CL67: 121 | CM67: 000 | CN67: 000 | CO67: 000 | CP67: 000
A68: 0 | B68: 1 | C68: 전영희 | D68: 1364372832 | E68: 1364372832 | F68: 소호 | G68: =VLOOKUP(C68,차주정보!B:E,4,0) -> KB-035 | H68: =IF(D67=D68,H67+1,1) -> 3 | I68: =G68&H68 -> KB-0353 | J68: 44666 | K68: 12631604195072 | M68: 해당무 | N68: 전부신청 | O68: A | P68: R | Q68: 8750 | R68: 1579179 | S68: 김욱태 | T68: 8750 | U68: 부산여신관리센터 | V68: 1364372832 | Z68: R-023 | AA68: 전영희 | AB68: 일반 | AE68: 16 | AG68: 기업 | AH68: KRW | AI68: 12631604195072 | AJ68: 90000000 | AK68: 9259002 | AL68: 9259002 | AM68: 9259002 | AN68: 9259002 | AP68: 14043090 | AR68: 90000000 | AS68: 0 | AT68: 76500000 | AU68: 0 | AV68: 76500000 | AW68: 76500000 | BC68: 90000000 | BD68: 0 | BE68: 0 | BF68: 0 | BG68: 0 | BH68: 90000000 | BJ68: 1417975 | BK68: 20130329 | BL68: 20220415 | BN68: 20211210 | BO68: 20220111 | BP68: 100000000 | BS68: 기업 | BT68: 2533D7600001 | BU68: 중진공협약 경영안정자금 | BV68: 12631604195072 | BW68: 0.0348 | BX68: 0.0648 | CA68: 76500000 | CB68: 0 | CC68: 0 | CD68: 0 | CE68: 13500000 | CF68: 13500000 | CH68: 1364372832 | CI68: 1364372832 | CK68: 471 | CL68: 471 | CM68: 000 | CN68: 000 | CO68: 000 | CP68: 000
A69: 0 | B69: 1 | C69: 전영희 | D69: 1364372832 | E69: 1364372832 | F69: 소호 | G69: =VLOOKUP(C69,차주정보!B:E,4,0) -> KB-035 | H69: =IF(D68=D69,H68+1,1) -> 4 | I69: =G69&H69 -> KB-0354 | J69: 44666 | K69: 12631604258236 | M69: 해당무 | N69: 전부신청 | O69: A | P69: R | Q69: 8750 | R69: 1579179 | S69: 김욱태 | T69: 8750 | U69: 부산여신관리센터 | V69: 1364372832 | Z69: R-023 | AA69: 전영희 | AB69: 일반 | AE69: 16 | AG69: 기업 | AH69: KRW | AI69: 12631604258236 | AJ69: 200000000 | AK69: 66511692 | AL69: 66511692 | AM69: 66511692 | AN69: 66511692 | AP69: 132575350 | AR69: 200000000 | AS69: 75300000 | AT69: 0 | AU69: 0 | AV69: 75300000 | AW69: 75300000 | BC69: 200000000 | BD69: 0 | BE69: 0 | BF69: 0 | BG69: 0 | BH69: 200000000 | BJ69: 2614092 | BK69: 20190731 | BL69: 20220731 | BN69: 20211210 | BO69: 20220111 | BP69: 200000000 | BS69: 기업 | BT69: 2533D2200001 | BU69: 부산시협약 중소기업자금 | BV69: 12631604258236 | BW69: 0.0259 | BX69: 0.0559 | CA69: 0 | CB69: 0 | CC69: 75300000 | CD69: 0 | CE69: 124700000 | CF69: 200000000 | CH69: 1364372832 | CI69: 1364372832 | CK69: 121 | CL69: 121 | CM69: 000 | CN69: 000 | CO69: 000 | CP69: 000
A70: 0 | B70: 1 | C70: 전영희 | D70: 1364372832 | E70: 1364372832 | F70: 소호 | G70: =VLOOKUP(C70,차주정보!B:E,4,0) -> KB-035 | H70: =IF(D69=D70,H69+1,1) -> 5 | I70: =G70&H70 -> KB-0355 | J70: 44666 | K70: 12631604282709 | M70: 해당무 | N70: 전부신청 | O70: A | P70: R | Q70: 8750 | R70: 1579179 | S70: 김욱태 | T70: 8750 | U70: 부산여신관리센터 | V70: 1364372832 | Z70: R-023 | AA70: 전영희 | AB70: 일반 | AE70: 16 | AG70: 기업 | AH70: KRW | AI70: 12631604282709 | AJ70: 20000000 | AK70: 1013711 | AL70: 1013711 | AM70: 1013711 | AN70: 1013711 | AP70: 1219933 | AR70: 20000000 | AS70: 0 | AT70: 19000000 | AU70: 0 | AV70: 19000000 | AW70: 19000000 | BC70: 20000000 | BD70: 0 | BE70: 658720 | BF70: 0 | BG70: 658720 | BH70: 20658720 | BJ70: 212847 | BK70: 20210421 | BL70: 20260421 | BN70: 20211221 | BO70: 20220122 | BP70: 20000000 | BS70: 기업 | BT70: 2532P0200115 | BU70: 일반운전자금- 소상공인 2차 금융지원대출(수탁보증) | BV70: 12631604282709 | BW70: 0.0283 | BX70: 0.0583 | CA70: 19000000 | CB70: 0 | CC70: 0 | CD70: 0 | CE70: 1000000 | CF70: 1000000 | CH70: 1364372832 | CI70: 1364372832 | CK70: 407 | CL70: 407 | CM70: 000 | CN70: 000 | CO70: 000 | CP70: 000
A71: 1 | B71: 1 | C71: 문용주 | D71: 1094641971 | E71: 1094641971 | F71: 소호 | G71: =VLOOKUP(C71,차주정보!B:E,4,0) -> KB-037 | H71: =IF(D70=D71,H70+1,1) -> 1 | I71: =G71&H71 -> KB-0371 | J71: 44683 | K71: 76361604159882 | M71: 해당무 | N71: 일부신청 | O71: A | P71: R | Q71: 3496 | R71: 3159187 | S71: 주영기 | T71: 3496 | U71: 여신관리센터 | V71: 1094641971 | Z71: R-024 | AA71: 문용주 | AB71: 일반 | AE71: 16 | AG71: 기업 | AH71: KRW | AI71: 76361604159882 | AJ71: 17752939 | AK71: 17752939 | AL71: 17752939 | AM71: 17752939 | AN71: 17752939 | AP71: 17752939 | AR71: 17752939 | AS71: 0 | AT71: 0 | AU71: 0 | AV71: 0 | AW71: 0 | BC71: 17752939 | BD71: 0 | BE71: 0 | BF71: 0 | BG71: 0 | BH71: 17752939 | BJ71: 464285 | BK71: 20180320 | BL71: 20220311 | BN71: 20211109 | BO71: 20210727 | BP71: 220000000 | BS71: 기업 | BT71: 2532P0200030 | BU71: KB 기술창조기업 우대대출 | BV71: 76361604159882 | BW71: 0.0377 | BX71: 0.0677 | CA71: 0 | CB71: 0 | CC71: 0 | CD71: 0 | CE71: 17752939 | CF71: 17752939 | CH71: 1094641971 | CI71: 1094641971 | CK71: 000 | CL71: 000 | CM71: 000 | CN71: 000 | CO71: 000 | CP71: 000
A72: 0 | B72: 1 | C72: 문용주 | D72: 1094641971 | E72: 1094641971 | F72: 소호 | G72: =VLOOKUP(C72,차주정보!B:E,4,0) -> KB-037 | H72: =IF(D71=D72,H71+1,1) -> 2 | I72: =G72&H72 -> KB-0372 | J72: 44683 | K72: 76361604169799 | M72: 해당무 | N72: 일부신청 | O72: A | P72: R | Q72: 3496 | R72: 3159187 | S72: 주영기 | T72: 3496 | U72: 여신관리센터 | V72: 1094641971 | Z72: R-024 | AA72: 문용주 | AB72: 일반 | AE72: 16 | AG72: 기업 | AH72: KRW | AI72: 76361604169799 | AJ72: 500000000 | AK72: 80152899 | AL72: 80152899 | AM72: 80152899 | AN72: 80152899 | AP72: 82241875 | AR72: 500000000 | AS72: 439584349 | AT72: 0 | AU72: 0 | AV72: 439584349 | AW72: 439584349 | BC72: 500000000 | BD72: 0 | BE72: 5700870 | BF72: 0 | BG72: 5700870 | BH72: 505700870 | BJ72: 22939224 | BK72: 20191030 | BL72: 20210828 | BN72: 20210708 | BO72: 20210810 | BP72: 500000000 | BS72: 기업 | BT72: 2534P0500022 | BU72: KB일사천리소호대출 | BV72: 76361604169799 | BW72: 0.0385 | BX72: 0.0685 | CA72: 0 | CB72: 0 | CC72: 439584349 | CD72: 0 | CE72: 60415651 | CF72: 500000000 | CH72: 1094641971 | CI72: 1094641971 | CK72: 157 | CL72: 157 | CM72: 000 | CN72: 000 | CO72: 000 | CP72: 000
A73: 1 | B73: 1 | C73: （주）씨앤디코퍼레이션 | D73: 8013039880 | E73: 8013642412 | F73: 법인 | G73: =VLOOKUP(C73,차주정보!B:E,4,0) -> KB-028 | H73: =IF(D72=D73,H72+1,1) -> 1 | I73: =G73&H73 -> KB-0281 | J73: 44651 | K73: 64971601407626 | M73: 해당무 | N73: 일부신청 | O73: A | P73: R | Q73: 3496 | R73: 2717480 | S73: 오승환 | T73: 3496 | U73: 여신관리센터 | V73: 8013039880 | Z73: R-025 | AA73: （주）씨앤디코퍼레이션 | AB73: 일반 | AE73: 16 | AG73: 기업 | AH73: KRW | AI73: 64971601407626 | AJ73: 42222244 | AK73: 31899380 | AL73: 31899380 | AM73: 31899380 | AN73: 31899380 | AP73: 31899380 | AR73: 42222244 | AS73: 0 | AT73: 0 | AU73: 42222244 | AV73: 42222244 | AW73: 42222244 | BC73: 42222244 | BD73: 0 | BE73: 1212260 | BF73: 0 | BG73: 1212260 | BH73: 43434504 | BJ73: 1320054 | BK73: 20180614 | BL73: 20220614 | BN73: 20210930 | BO73: 20211102 | BP73: 190000000 | BS73: 기업 | BT73: 2534P0500013 | BU73: KB동산ㆍ채권담보대출(유형자산) | BV73: 64971601407626 | BW73: 0.0428 | BX73: 0.0728 | CA73: 0 | CB73: 0 | CC73: 42222244 | CD73: 0 | CE73: 0 | CF73: 42222244 | CH73: 8013642412 | CI73: 8013039880 | CK73: 851 | CL73: 851 | CM73: 000 | CN73: 000 | CO73: 000 | CP73: 000
A74: 0 | B74: 1 | C74: （주）씨앤디코퍼레이션 | D74: 8013039880 | E74: 8013642412 | F74: 법인 | G74: =VLOOKUP(C74,차주정보!B:E,4,0) -> KB-028 | H74: =IF(D73=D74,H73+1,1) -> 2 | I74: =G74&H74 -> KB-0282 | J74: 44651 | K74: 64971601419665 | M74: 해당무 | N74: 일부신청 | O74: A | P74: R | Q74: 3496 | R74: 2717480 | S74: 오승환 | T74: 3496 | U74: 여신관리센터 | V74: 8013039880 | Z74: R-025 | AA74: （주）씨앤디코퍼레이션 | AB74: 일반 | AE74: 16 | AG74: 기업 | AH74: KRW | AI74: 64971601419665 | AJ74: 27777792 | AK74: 21059464 | AL74: 21059464 | AM74: 21059464 | AN74: 21059464 | AP74: 21059464 | AR74: 27777792 | AS74: 0 | AT74: 0 | AU74: 26509000 | AV74: 26509000 | AW74: 26509000 | BC74: 27777792 | BD74: 0 | BE74: 0 | BF74: 0 | BG74: 0 | BH74: 27777792 | BJ74: 772504 | BK74: 20190527 | BL74: 20230527 | BN74: 20210927 | BO74: 20211028 | BP74: 50000000 | BS74: 기업 | BT74: 2532P0200019 | BU74: KB동산ㆍ채권담보대출(유형자산) | BV74: 64971601419665 | BW74: 0.0353 | BX74: 0.0653 | CA74: 0 | CB74: 0 | CC74: 26509000 | CD74: 0 | CE74: 1268792 | CF74: 27777792 | CH74: 8013642412 | CI74: 8013039880 | CK74: 851 | CL74: 851 | CM74: 000 | CN74: 000 | CO74: 000 | CP74: 000
A75: 0 | B75: 1 | C75: （주）씨앤디코퍼레이션 | D75: 8013039880 | E75: 8013642412 | F75: 법인 | G75: =VLOOKUP(C75,차주정보!B:E,4,0) -> KB-028 | H75: =IF(D74=D75,H74+1,1) -> 3 | I75: =G75&H75 -> KB-0283 | J75: 44651 | K75: 78611600022615 | M75: 해당무 | N75: 일부신청 | O75: A | P75: R | Q75: 3496 | R75: 2717480 | S75: 오승환 | T75: 3496 | U75: 여신관리센터 | V75: 8013039880 | Z75: R-025 | AA75: （주）씨앤디코퍼레이션 | AB75: 일반 | AE75: 16 | AG75: 기업 | AH75: KRW | AI75: 78611600022615 | AJ75: 433400000 | AK75: 2639406 | AL75: 2639406 | AM75: 2639406 | AN75: 2639406 | AP75: 2639406 | AR75: 433400000 | AS75: 433400000 | AT75: 0 | AU75: 0 | AV75: 433400000 | AW75: 433400000 | BC75: 433400000 | BD75: 0 | BE75: 0 | BF75: 0 | BG75: 0 | BH75: 433400000 | BJ75: 15658173 | BK75: 20170428 | BL75: 20220427 | BN75: 20210928 | BO75: 20211029 | BP75: 440000000 | BS75: 기업 | BT75: 2534P0500001 | BU75: 기업일반시설자금대출 | BV75: 78611600022615 | BW75: 0.05 | BX75: 0.08 | CA75: 0 | CB75: 0 | CC75: 433400000 | CD75: 0 | CE75: 0 | CF75: 433400000 | CH75: 8013642412 | CI75: 8013039880 | CK75: 155 | CL75: 155 | CM75: 000 | CN75: 000 | CO75: 000 | CP75: 000
A76: 1 | B76: 1 | C76: 임춘자 | D76: 1070754695 | E76: 1070754695 | F76: 소호 | G76: =VLOOKUP(C76,차주정보!B:E,4,0) -> KB-036 | H76: =IF(D75=D76,H75+1,1) -> 1 | I76: =G76&H76 -> KB-0361 | J76: 44690 | K76: 13151604324865 | M76: 해당무 | N76: 전부신청 | O76: A | P76: R | Q76: 8750 | R76: 3122418 | S76: 정상호 | T76: 8750 | U76: 부산여신관리센터 | V76: 1070754695 | Z76: R-026 | AA76: 임춘자 | AB76: 일반 | AE76: 16 | AG76: 기업 | AH76: KRW | AI76: 13151604324865 | AJ76: 500000000 | AK76: 135797881 | AL76: 135797881 | AM76: 135797881 | AN76: 135797881 | AP76: 139650247 | AR76: 500000000 | AS76: 406461815 | AT76: 0 | AU76: 0 | AV76: 406461815 | AW76: 406461815 | BC76: 500000000 | BD76: 0 | BE76: 4571130 | BF76: 0 | BG76: 4571130 | BH76: 504571130 | BJ76: 25277887 | BK76: 20190805 | BL76: 20220805 | BN76: 20210719 | BO76: 20210820 | BP76: 500000000 | BS76: 기업 | BT76: 2534P0500005 | BU76: KB커머셜모기지론 | BV76: 13151604324865 | BW76: 0.0336 | BX76: 0.0636 | CA76: 0 | CB76: 0 | CC76: 406461815 | CD76: 0 | CE76: 93538185 | CF76: 500000000 | CH76: 1070754695 | CI76: 1070754695 | CK76: 151 | CL76: 151 | CM76: 000 | CN76: 000 | CO76: 000 | CP76: 000
A77: 1 | B77: 1 | C77: 김동욱 | D77: 1382262166 | E77: 1382262166 | F77: 소호 | G77: =VLOOKUP(C77,차주정보!B:E,4,0) -> KB-024 | H77: =IF(D76=D77,H76+1,1) -> 1 | I77: =G77&H77 -> KB-0241 | J77: 44691 | K77: 04001604307124 | M77: 해당무 | N77: 일부신청 | O77: A | P77: R | Q77: 3496 | R77: 3158528 | S77: 조성덕 | T77: 3496 | U77: 여신관리센터 | V77: 1382262166 | Z77: R-027 | AA77: 김동욱 | AB77: 일반 | AE77: 16 | AG77: 기업 | AH77: KRW | AI77: 04001604307124 | AJ77: 130000000 | AK77: 12186512 | AL77: 12186512 | AM77: 12186512 | AN77: 12186512 | AP77: 13183677 | AR77: 130000000 | AS77: 130000000 | AT77: 0 | AU77: 0 | AV77: 130000000 | AW77: 130000000 | BC77: 130000000 | BD77: 0 | BE77: 5542770 | BF77: 0 | BG77: 5542770 | BH77: 135542770 | BJ77: 3642128 | BK77: 20200318 | BL77: 20220318 | BN77: 20210927 | BO77: 20211028 | BP77: 130000000 | BS77: 기업 | BT77: 2532P0200030 | BU77: KB 기술창조기업 우대대출 | BV77: 04001604307124 | BW77: 0.0329 | BX77: 0.0629 | CA77: 0 | CB77: 0 | CC77: 130000000 | CD77: 0 | CE77: 0 | CF77: 130000000 | CH77: 1382262166 | CI77: 1382262166 | CK77: 121 | CL77: 121 | CM77: 000 | CN77: 000 | CO77: 000 | CP77: 000
A78: 0 | B78: 1 | C78: 김동욱 | D78: 1382262166 | E78: 1382262166 | F78: 소호 | G78: =VLOOKUP(C78,차주정보!B:E,4,0) -> KB-024 | H78: =IF(D77=D78,H77+1,1) -> 2 | I78: =G78&H78 -> KB-0242 | J78: 44691 | K78: 04001604314957 | M78: 해당무 | N78: 일부신청 | O78: A | P78: R | Q78: 3496 | R78: 3158528 | S78: 조성덕 | T78: 3496 | U78: 여신관리센터 | V78: 1382262166 | Z78: R-027 | AA78: 김동욱 | AB78: 일반 | AE78: 16 | AG78: 기업 | AH78: KRW | AI78: 04001604314957 | AJ78: 100000000 | AK78: 17491642 | AL78: 17491642 | AM78: 17491642 | AN78: 17491642 | AP78: 18874222 | AR78: 100000000 | AS78: 100000000 | AT78: 0 | AU78: 0 | AV78: 100000000 | AW78: 100000000 | BC78: 100000000 | BD78: 0 | BE78: 0 | BF78: 0 | BG78: 0 | BH78: 100000000 | BJ78: 2829012 | BK78: 20210126 | BL78: 20220126 | BN78: 20210926 | BO78: 20211027 | BP78: 100000000 | BS78: 기업 | BT78: 2532P0200030 | BU78: KB 기술창조기업 우대대출 | BV78: 04001604314957 | BW78: 0.0331 | BX78: 0.0631 | CA78: 0 | CB78: 0 | CC78: 100000000 | CD78: 0 | CE78: 0 | CF78: 100000000 | CH78: 1382262166 | CI78: 1382262166 | CK78: 121 | CL78: 121 | CM78: 000 | CN78: 000 | CO78: 000 | CP78: 000
... A80: 0 | B80: 1 | C80: 김동욱 | D80: 1382262166 | E80: 1382262166 | F80: 소호 | G80: =VLOOKUP(C80,차주정보!B:E,4,0) -> KB-024 | H80: =IF(D79=D80,H79+1,1) -> 4 | I80: =G80&H80 -> KB-0244 | J80: 44691 | K80: 75841604148367 | M80: 해당무 | N80: 일부신청 | O80: A | P80: R | Q80: 3496 | R80: 3158528 | S80: 조성덕 | T80: 3496 | U80: 여신관리센터 | V80: 1382262166 | Z80: R-027 | AA80: 김동욱 | AB80: 일반 | AE80: 16 | AG80: 기업 | AH80: KRW | AI80: 75841604148367 | AJ80: 200000000 | AK80: 2511640 | AL80: 2511640 | AM80: 2511640 | AN80: 2511640 | AP80: 2721240 | AR80: 200000000 | AS80: 200000000 | AT80: 0 | AU80: 0 | AV80: 200000000 | AW80: 200000000 | BC80: 200000000 | BD80: 0 | BE80: 0 | BF80: 0 | BG80: 0 | BH80: 200000000 | BJ80: 5700486 | BK80: 20200108 | BL80: 20220108 | BN80: 20210924 | BO80: 20211026 | BP80: 200000000 | BS80: 기업 | BT80: 2532P0200030 | BU80: KB 기술창조기업 우대대출 | BV80: 75841604148367 | BW80: 0.033 | BX80: 0.063 | CA80: 0 | CB80: 0 | CC80: 200000000 | CD80: 0 | CE80: 0 | CF80: 200000000 | CH80: 1382262166 | CI80: 1382262166 | CK80: 121 | CL80: 121 | CM80: 000 | CN80: 000 | CO80: 000 | CP80: 000
A81: 1 | B81: 1 | C81: 강광영 | D81: 1005094640 | E81: 1005094640 | F81: 소호 | G81: =VLOOKUP(C81,차주정보!B:E,4,0) -> KB-040 | H81: =IF(D80=D81,H80+1,1) -> 1 | I81: =G81&H81 -> KB-0401 | J81: 44635 | K81: 42331604070186 | M81: 해당무 | N81: 전부신청 | O81: A | P81: R | Q81: 3496 | R81: 2323211 | S81: 박재흥 | T81: 3496 | U81: 여신관리센터 | V81: 1005094640 | W81: 사망 | Z81: R-028 | AA81: 강광영 | AB81: 일반 | AE81: 16 | AG81: 기업 | AH81: KRW | AI81: 42331604070186 | AJ81: 194000000 | AK81: 34363730 | AL81: 34363730 | AM81: 34363730 | AN81: 34363730 | AP81: 38124123 | AR81: 194000000 | AS81: 178831667 | AT81: 0 | AU81: 0 | AV81: 178831667 | AW81: 178831667 | BC81: 194000000 | BD81: 0 | BE81: 18005700 | BF81: 0 | BG81: 18005700 | BH81: 212005700 | BJ81: 18132823 | BK81: 20141215 | BL81: 20201215 | BN81: 20201030 | BO81: 20201201 | BP81: 194000000 | BS81: 기업 | BT81: 2534P0500001 | BU81: 기업일반시설자금대출 | BV81: 42331604070186 | BW81: 0.0388 | BX81: 0.0688 | CA81: 0 | CB81: 0 | CC81: 178831667 | CD81: 0 | CE81: 15168333 | CF81: 194000000 | CH81: 1005094640 | CI81: 1005094640 | CK81: 113 | CL81: 113 | CM81: 000 | CN81: 000 | CO81: 000 | CP81: 000
A82: 0 | B82: 1 | C82: 강광영 | D82: 1005094640 | E82: 1005094640 | F82: 소호 | G82: =VLOOKUP(C82,차주정보!B:E,4,0) -> KB-040 | H82: =IF(D81=D82,H81+1,1) -> 2 | I82: =G82&H82 -> KB-0402 | J82: 44635 | K82: 42331604070199 | M82: 해당무 | N82: 전부신청 | O82: A | P82: R | Q82: 3496 | R82: 2323211 | S82: 박재흥 | T82: 3496 | U82: 여신관리센터 | V82: 1005094640 | W82: 사망 | Z82: R-028 | AA82: 강광영 | AB82: 일반 | AE82: 16 | AG82: 기업 | AH82: KRW | AI82: 42331604070199 | AJ82: 94000000 | AK82: 2108410 | AL82: 2108410 | AM82: 2108410 | AN82: 2108410 | AP82: 2438228 | AR82: 94000000 | AS82: 94000000 | AT82: 0 | AU82: 0 | AV82: 94000000 | AW82: 94000000 | BC82: 94000000 | BD82: 0 | BE82: 0 | BF82: 0 | BG82: 0 | BH82: 94000000 | BJ82: 8732856 | BK82: 20141215 | BL82: 20201215 | BN82: 20201030 | BO82: 20201201 | BP82: 194000000 | BS82: 기업 | BT82: 2534P0500001 | BU82: 기업일반시설자금대출 | BV82: 42331604070199 | BW82: 0.0384 | BX82: 0.0684 | CA82: 0 | CB82: 0 | CC82: 94000000 | CD82: 0 | CE82: 0 | CF82: 94000000 | CH82: 1005094640 | CI82: 1005094640 | CK82: 113 | CL82: 113 | CM82: 000 | CN82: 000 | CO82: 000 | CP82: 000
A83: 0 | B83: 1 | C83: 강광영 | D83: 1005094640 | E83: 1005094640 | F83: 소호 | G83: =VLOOKUP(C83,차주정보!B:E,4,0) -> KB-040 | H83: =IF(D82=D83,H82+1,1) -> 3 | I83: =G83&H83 -> KB-0403 | J83: 44635 | K83: 42331604070201 | M83: 해당무 | N83: 전부신청 | O83: A | P83: R | Q83: 3496 | R83: 2323211 | S83: 박재흥 | T83: 3496 | U83: 여신관리센터 | V83: 1005094640 | W83: 사망 | Z83: R-028 | AA83: 강광영 | AB83: 일반 | AE83: 16 | AG83: 기업 | AH83: KRW | AI83: 42331604070201 | AJ83: 168000000 | AK83: 14378582 | AL83: 14378582 | AM83: 14378582 | AN83: 14378582 | AP83: 17131867 | AR83: 168000000 | AS83: 168000000 | AT83: 0 | AU83: 0 | AV83: 168000000 | AW83: 168000000 | BC83: 168000000 | BD83: 0 | BE83: 0 | BF83: 0 | BG83: 0 | BH83: 168000000 | BJ83: 15607660 | BK83: 20141215 | BL83: 20201215 | BN83: 20201030 | BO83: 20201201 | BP83: 168000000 | BS83: 기업 | BT83: 2534P0500001 | BU83: 기업일반시설자금대출 | BV83: 42331604070201 | BW83: 0.0384 | BX83: 0.0684 | CA83: 0 | CB83: 0 | CC83: 168000000 | CD83: 0 | CE83: 0 | CF83: 168000000 | CH83: 1005094640 | CI83: 1005094640 | CK83: 113 | CL83: 113 | CM83: 000 | CN83: 000 | CO83: 000 | CP83: 000
A84: 1 | B84: 1 | C84: 사공근 | D84: 1131254994 | E84: 1131254994 | F84: 소호 | G84: =VLOOKUP(C84,차주정보!B:E,4,0) -> KB-038 | H84: =IF(D83=D84,H83+1,1) -> 1 | I84: =G84&H84 -> KB-0381 | J84: 44683 | K84: 63031601300792 | M84: 해당무 | N84: 일부신청 | O84: A | P84: R | Q84: 3496 | R84: 3159187 | S84: 주영기 | T84: 3496 | U84: 여신관리센터 | V84: 1131254994 | Z84: R-029 | AA84: 사공근 | AB84: 일반 | AE84: 16 | AG84: 기업 | AH84: KRW | AI84: 63031601300792 | AJ84: 462500000 | AK84: 36566688 | AL84: 36566688 | AM84: 36566688 | AN84: 36566688 | AP84: 39175129 | AR84: 462500000 | AS84: 433960000 | AT84: 0 | AU84: 0 | AV84: 433960000 | AW84: 433960000 | BC84: 462500000 | BD84: 0 | BE84: 0 | BF84: 0 | BG84: 0 | BH84: 462500000 | BJ84: 13311635 | BK84: 20180309 | BL84: 20220217 | BN84: 20211216 | BO84: 20220118 | BP84: 515000000 | BS84: 기업 | BT84: 2534P0500005 | BU84: KB커머셜모기지론 | BV84: 63031601300792 | BW84: 0.0853 | BX84: 0.1153 | CA84: 0 | CB84: 0 | CC84: 433960000 | CD84: 0 | CE84: 28540000 | CF84: 462500000 | CH84: 1131254994 | CI84: 1131254994 | CK84: 155 | CL84: 155 | CM84: 000 | CN84: 000 | CO84: 000 | CP84: 000
A85: 1 | B85: 1 | C85: 김환신 | D85: 1260326714 | E85: 1260326714 | F85: 소호 | G85: =VLOOKUP(C85,차주정보!B:E,4,0) -> KB-042 | H85: =IF(D84=D85,H84+1,1) -> 1 | I85: =G85&H85 -> KB-0421 | J85: 44651 | K85: 17001604281824 | M85: 해당무 | N85: 전부신청 | O85: A | P85: R | Q85: 3496 | R85: 2717480 | S85: 오승환 | T85: 3496 | U85: 여신관리센터 | V85: 1260326714 | Z85: R-030 | AA85: 김환신 | AB85: 일반 | AE85: 16 | AG85: 기업 | AH85: KRW | AI85: 17001604281824 | AJ85: 390000000 | AK85: 17401059 | AL85: 17401059 | AM85: 17401059 | AN85: 17401059 | AP85: 18615051 | AR85: 390000000 | AS85: 345600000 | AT85: 0 | AU85: 0 | AV85: 345600000 | AW85: 345600000 | BC85: 390000000 | BD85: 0 | BE85: 5007690 | BF85: 0 | BG85: 5007690 | BH85: 395007690 | BJ85: 20160755 | BK85: 20171123 | BL85: 20210823 | BN85: 20210804 | BO85: 20210824 | BP85: 400000000 | BS85: 기업 | BT85: 2534P0500021 | BU85: KB 기술창조기업 우대대출 | BV85: 17001604281824 | BW85: 0.0518 | BX85: 0.0818 | CA85: 0 | CB85: 0 | CC85: 345600000 | CD85: 44400000 | CE85: 0 | CF85: 390000000 | CH85: 1260326714 | CI85: 1260326714 | CK85: 155 | CL85: 155 | CM85: 000 | CN85: 000 | CO85: 000 | CP85: 000
A86: 0 | B86: 1 | C86: 김환신 | D86: 1260326714 | E86: 1260326714 | F86: 소호 | G86: =VLOOKUP(C86,차주정보!B:E,4,0) -> KB-042 | H86: =IF(D85=D86,H85+1,1) -> 2 | I86: =G86&H86 -> KB-0422 | J86: 44651 | K86: 17001604281837 | M86: 해당무 | N86: 전부신청 | O86: A | P86: R | Q86: 3496 | R86: 2717480 | S86: 오승환 | T86: 3496 | U86: 여신관리센터 | V86: 1260326714 | Z86: R-030 | AA86: 김환신 | AB86: 일반 | AE86: 16 | AG86: 기업 | AH86: KRW | AI86: 17001604281837 | AJ86: 38518528 | AK86: 28721835 | AL86: 28721835 | AM86: 28721835 | AN86: 28721835 | AP86: 32143051 | AR86: 38518528 | AS86: 0 | AT86: 0 | AU86: 0 | AV86: 0 | AW86: 0 | BC86: 38518528 | BD86: 0 | BE86: 0 | BF86: 0 | BG86: 0 | BH86: 38518528 | BJ86: 2282445 | BK86: 20171123 | BL86: 20221123 | BN86: 20210723 | BO86: 20210824 | BP86: 100000000 | BS86: 기업 | BT86: 2534P0500021 | BU86: KB 기술창조기업 우대대출 | BV86: 17001604281837 | BW86: 0.0415 | BX86: 0.0715 | CA86: 0 | CB86: 0 | CC86: 0 | CD86: 38518528 | CE86: 0 | CF86: 38518528 | CH86: 1260326714 | CI86: 1260326714 | CK86: 155 | CL86: 000 | CM86: 000 | CN86: 000 | CO86: 000 | CP86: 000
A87: 1 | B87: 1 | C87: 구미정 | D87: 1331804414 | E87: 1331804414 | F87: 소호 | G87: =VLOOKUP(C87,차주정보!B:E,4,0) -> KB-043 | H87: =IF(D86=D87,H86+1,1) -> 1 | I87: =G87&H87 -> KB-0431 | J87: 44666 | K87: 76380100109551 | M87: 해당무 | N87: 일부신청 | O87: A | P87: R | Q87: 8750 | R87: 1579179 | S87: 김욱태 | T87: 8750 | U87: 부산여신관리센터 | V87: 1331804414 | Z87: R-031 | AA87: 구미정 | AB87: 일반 | AE87: 01 | AG87: 기업 | AH87: KRW | AI87: 76380100109551 | AJ87: 14200000 | AK87: 3724630 | AL87: 3724630 | AM87: 3724630 | AN87: 3724630 | AP87: 14200000 | AR87: 14200000 | AS87: 0 | AT87: 0 | AU87: 0 | AV87: 0 | AW87: 0 | BC87: 14200000 | BD87: 0 | BE87: 0 | BF87: 0 | BG87: 0 | BH87: 14200000 | BJ87: 551221 | BK87: 20170713 | BL87: 20220708 | BN87: 20211112 | BO87: 20211014 | BP87: 14200000 | BS87: 기업 | BT87: 2532P0200001 | BU87: 기업일반운전자금대출 | BV87: 76380100109551 | BW87: 0.0489 | BX87: 0.0789 | BY87: 76387300008536 | CA87: 0 | CB87: 0 | CC87: 0 | CD87: 0 | CE87: 14200000 | CF87: 14200000 | CH87: 1331804414 | CI87: 1331804414 | CK87: 152 | CL87: 000 | CM87: 000 | CN87: 000 | CO87: 000 | CP87: 000
A88: 0 | B88: 1 | C88: 구미정 | D88: 1331804414 | E88: 1331804414 | F88: 소호 | G88: =VLOOKUP(C88,차주정보!B:E,4,0) -> KB-043 | H88: =IF(D87=D88,H87+1,1) -> 2 | I88: =G88&H88 -> KB-0432 | J88: 44666 | K88: 76381600047482 | M88: 해당무 | N88: 일부신청 | O88: A | P88: R | Q88: 8750 | R88: 1579179 | S88: 김욱태 | T88: 8750 | U88: 부산여신관리센터 | V88: 1331804414 | Z88: R-031 | AA88: 구미정 | AB88: 일반 | AE88: 16 | AG88: 기업 | AH88: KRW | AI88: 76381600047482 | AJ88: 400000000 | AK88: 47628640 | AL88: 47628640 | AM88: 47628640 | AN88: 47628640 | AP88: 55287977 | AR88: 400000000 | AS88: 394400000 | AT88: 0 | AU88: 0 | AV88: 394400000 | AW88: 394400000 | BC88: 400000000 | BD88: 0 | BE88: 0 | BF88: 0 | BG88: 0 | BH88: 400000000 | BJ88: 13182288 | BK88: 20170713 | BL88: 20220713 | BN88: 20210926 | BO88: 20211014 | BP88: 400000000 | BS88: 기업 | BT88: 2534P0500001 | BU88: 기업일반시설자금대출 | BV88: 76381600047482 | BW88: 0.0402 | BX88: 0.0702 | CA88: 0 | CB88: 0 | CC88: 394400000 | CD88: 0 | CE88: 5600000 | CF88: 400000000 | CH88: 1331804414 | CI88: 1331804414 | CK88: 152 | CL88: 152 | CM88: 000 | CN88: 000 | CO88: 000 | CP88: 000
A89: 1 | B89: 1 | C89: 최금희 | D89: 1017039524 | E89: 1017039524 | F89: 가계 | G89: =VLOOKUP(C89,차주정보!B:E,4,0) -> KB-045 | H89: =IF(D88=D89,H88+1,1) -> 1 | I89: =G89&H89 -> KB-0451 | J89: 44679 | K89: 27010904027687 | M89: KB신용정보 | N89: 전부신청 | O89: A | P89: R | Q89: 3496 | R89: 1644061 | S89: 김정식 | T89: 3496 | U89: 여신관리센터 | V89: 1017039524 | Z89: R-033 | AA89: 최금희 | AB89: 일반 | AE89: 09 | AG89: 가계 | AH89: KRW | AI89: 27010904027687 | AJ89: 393350505 | AK89: 4607144 | AL89: 4607144 | AM89: 4607144 | AN89: 4607144 | AP89: 31486008 | AR89: 393350505 | AS89: 365250000 | AT89: 0 | AU89: 0 | AV89: 365250000 | AW89: 365250000 | BC89: 393350505 | BD89: 0 | BE89: 0 | BF89: 0 | BG89: 0 | BH89: 393350505 | BJ89: 12436768 | BK89: 20150519 | BL89: 20450519 | BN89: 20210719 | BO89: 20210820 | BP89: 460000000 | BS89: 가계 | BT89: 200331100015 | BU89: KB주택구입자금대출 | BV89: 27010904027687 | BW89: 0.0287 | BX89: 0.0587 | CA89: 0 | CB89: 0 | CC89: 365250000 | CD89: 0 | CE89: 28100505 | CF89: 393350505 | CH89: 1017039524 | CI89: 1017039524 | CK89: 121 | CL89: 121 | CM89: 000 | CN89: 000 | CO89: 000 | CP89: 000
A90: 0 | B90: 1 | C90: 최금희 | D90: 1017039524 | E90: 1017039524 | F90: 가계 | G90: =VLOOKUP(C90,차주정보!B:E,4,0) -> KB-045 | H90: =IF(D89=D90,H89+1,1) -> 2 | I90: =G90&H90 -> KB-0452 | J90: 44679 | K90: 34960501646606 | M90: 해당무 | N90: 전부신청 | O90: A | P90: R | Q90: 3496 | R90: 1644061 | S90: 김정식 | T90: 3496 | U90: 여신관리센터 | V90: 1017039524 | Z90: R-033 | AA90: 최금희 | AB90: 특채 | AE90: 05 | AF90: 27011604218014 | AG90: 가계 | AH90: KRW | AI90: 27011604218014 | AJ90: 4559782 | AK90: 3567847 | AL90: 2916025.7 | AM90: 2916026 | AO90: 810715 | AP90: 0 | AR90: 3726741 | AS90: 0 | AT90: 0 | AU90: 0 | AV90: 0 | AW90: 0 | BC90: 0 | BD90: 3726741 | BE90: 0 | BF90: 0 | BG90: 0 | BH90: 3726741 | BJ90: 31855 | BK90: 20210226 | BL90: 20240226 | BM90: 20220324 | BN90: 20220324 | BO90: 20211126 | BP90: 5862574 | BS90: 가계 | BT90: 200213100005 | BU90: KB가계대출채무조정프로그램 | BV90: 34960501646606 | BW90: 0.09 | BX90: 0.12 | CA90: 0 | CB90: 0 | CC90: 0 | CD90: 0 | CE90: 0 | CF90: 0 | CH90: 1017039524 | CI90: 1017039524 | CK90: 특채 | CL90: 특채 | CM90: 특채 | CN90: 특채 | CO90: 특채 | CP90: 특채
A91: 1 | B91: 1 | C91: 이현우 | D91: 1307183017 | E91: 1307183017 | F91: 소호 | G91: =VLOOKUP(C91,차주정보!B:E,4,0) -> KB-047 | H91: =IF(D90=D91,H90+1,1) -> 1 | I91: =G91&H91 -> KB-0471 | J91: 44683 | K91: 62551604273341 | M91: 해당무 | N91: 전부신청 | O91: A | P91: R | Q91: 8747 | R91: 3139171 | S91: 조국현 | T91: 6996 | U91: 본리동종합금융센터 | V91: 1307183017 | Z91: R-034 | AA91: 이현우 | AB91: 일반 | AE91: 16 | AG91: 기업 | AH91: KRW | AI91: 62551604273341 | AJ91: 270000000 | AK91: 20376225 | AL91: 20376225 | AM91: 20376225 | AN91: 20376225 | AP91: 20895057 | AR91: 270000000 | AS91: 0 | AT91: 243000000 | AU91: 0 | AV91: 243000000 | AW91: 243000000 | BC91: 270000000 | BD91: 0 | BE91: 0 | BF91: 0 | BG91: 0 | BH91: 270000000 | BJ91: 1329642 | BK91: 20180615 | BL91: 20220608 | BN91: 20220207 | BO91: 20220308 | BP91: 300000000 | BS91: 기업 | BT91: 2533D1600001 | BU91: 대구시협약 중소기업자금 | BV91: 62551604273341 | BW91: 0.0305 | BX91: 0.0605 | CA91: 243000000 | CB91: 0 | CC91: 0 | CD91: 27000000 | CE91: 0 | CF91: 27000000 | CH91: 1307183017 | CI91: 1307183017 | CK91: 471 | CL91: 471 | CM91: 000 | CN91: 000 | CO91: 000 | CP91: 000
A92: 0 | B92: 1 | C92: 이현우 | D92: 1307183017 | E92: 1307183017 | F92: 소호 | G92: =VLOOKUP(C92,차주정보!B:E,4,0) -> KB-047 | H92: =IF(D91=D92,H91+1,1) -> 2 | I92: =G92&H92 -> KB-0472 | J92: 44683 | K92: 62551604301770 | M92: 해당무 | N92: 전부신청 | O92: A | P92: R | Q92: 8747 | R92: 3139171 | S92: 조국현 | T92: 8747 | U92: 대구여신관리센터 | V92: 1307183017 | Z92: R-034 | AA92: 이현우 | AB92: 일반 | AE92: 16 | AG92: 기업 | AH92: KRW | AI92: 62551604301770 | AJ92: 90000000 | AK92: 22834989 | AL92: 22834989 | AM92: 22834989 | AN92: 22834989 | AP92: 23029641 | AR92: 90000000 | AS92: 50000000 | AT92: 0 | AU92: 0 | AV92: 50000000 | AW92: 50000000 | BC92: 90000000 | BD92: 0 | BE92: 0 | BF92: 0 | BG92: 0 | BH92: 90000000 | BJ92: 2603835 | BK92: 20200721 | BL92: 20220121 | BN92: 20211230 | BO92: 20220122 | BP92: 100000000 | BS92: 기업 | BT92: 2533D1600001 | BU92: 대구시협약 중소기업자금 | BV92: 62551604301770 | BW92: 0.095 | BX92: 0.125 | CA92: 0 | CB92: 0 | CC92: 50000000 | CD92: 40000000 | CE92: 0 | CF92: 90000000 | CH92: 1307183017 | CI92: 1307183017 | CK92: 121 | CL92: 121 | CM92: 000 | CN92: 000 | CO92: 000 | CP92: 000
A93: 0 | B93: 1 | C93: 이현우 | D93: 1307183017 | E93: 1307183017 | F93: 소호 | G93: =VLOOKUP(C93,차주정보!B:E,4,0) -> KB-047 | H93: =IF(D92=D93,H92+1,1) -> 3 | I93: =G93&H93 -> KB-0473 | J93: 44683 | K93: 62551604307701 | M93: 해당무 | N93: 전부신청 | O93: A | P93: R | Q93: 8747 | R93: 3139171 | S93: 조국현 | T93: 8747 | U93: 대구여신관리센터 | V93: 1307183017 | Z93: R-034 | AA93: 이현우 | AB93: 일반 | AE93: 16 | AG93: 기업 | AH93: KRW | AI93: 62551604307701 | AJ93: 32000000 | AK93: 3088711 | AL93: 3088711 | AM93: 3088711 | AN93: 3088711 | AP93: 3076092 | AR93: 32000000 | AS93: 32000000 | AT93: 0 | AU93: 0 | AV93: 32000000 | AW93: 32000000 | BC93: 32000000 | BD93: 0 | BE93: 0 | BF93: 0 | BG93: 0 | BH93: 32000000 | BJ93: 481051 | BK93: 20210120 | BL93: 20220120 | BN93: 20211230 | BO93: 20220121 | BP93: 32000000 | BS93: 기업 | BT93: 2532P0200001 | BU93: 기업일반운전자금대출 | BV93: 62551604307701 | BW93: 0.0383 | BX93: 0.0683 | CA93: 0 | CB93: 0 | CC93: 32000000 | CD93: 0 | CE93: 0 | CF93: 32000000 | CH93: 1307183017 | CI93: 1307183017 | CK93: 121 | CL93: 121 | CM93: 000 | CN93: 000 | CO93: 000 | CP93: 000
A94: 1 | B94: 1 | C94: 황규천 | D94: 1421709882 | E94: 1421709882 | F94: 가계 | G94: =VLOOKUP(C94,차주정보!B:E,4,0) -> KB-049 | H94: =IF(D93=D94,H93+1,1) -> 1 | I94: =G94&H94 -> KB-0491 | J94: 44679 | K94: 28221604268960 | M94: KB신용정보 | N94: 일부신청 | O94: A | P94: R | Q94: 3496 | R94: 1644061 | S94: 김정식 | T94: 3496 | U94: 여신관리센터 | V94: 1421709882 | Z94: R-036 | AA94: 황규천 | AB94: 일반 | AE94: 16 | AG94: 가계 | AH94: KRW | AI94: 28221604268960 | AJ94: 358303060 | AK94: 427700 | AL94: 427700 | AM94: 427700 | AN94: 427700 | AP94: 2873708 | AR94: 358303060 | AS94: 358303060 | AT94: 0 | AU94: 0 | AV94: 358303060 | AW94: 358303060 | BC94: 358303060 | BD94: 0 | BE94: 0 | BF94: 0 | BG94: 0 | BH94: 358303060 | BJ94: 4973365 | BK94: 20141226 | BL94: 20441226 | BN94: 20211026 | BO94: 20211127 | BP94: 399000000 | BS94: 가계 | BT94: 200211400004 | BU94: KB부동산담보대출 | BV94: 28221604268960 | BW94: 0.0276 | BX94: 0.0576 | CA94: 0 | CB94: 0 | CC94: 358303060 | CD94: 0 | CE94: 0 | CF94: 358303060 | CH94: 1421709882 | CI94: 1421709882 | CK94: 121 | CL94: 121 | CM94: 000 | CN94: 000 | CO94: 000 | CP94: 000
A95: 1 | B95: 1 | C95: （주）가온이앤씨 | D95: 8017277477 | E95: 8020385739 | F95: 법인 | G95: =VLOOKUP(C95,차주정보!B:E,4,0) -> KB-051 | H95: =IF(D94=D95,H94+1,1) -> 1 | I95: =G95&H95 -> KB-0511 | J95: 44635 | K95: 17390104290728 | M95: 해당무 | N95: 전부신청 | O95: A | P95: R | Q95: 3496 | R95: 2323211 | S95: 박재흥 | T95: 3496 | U95: 여신관리센터 | V95: 8017277477 | Z95: R-037 | AA95: （주）가온이앤씨 | AB95: 일반 | AE95: 01 | AG95: 기업 | AH95: KRW | AI95: 17390104290728 | AJ95: 50000000 | AK95: 37714500 | AL95: 37714500 | AM95: 37714500 | AN95: 37714500 | AP95: 40815000 | AR95: 50000000 | AS95: 0 | AT95: 0 | AU95: 0 | AV95: 0 | AW95: 0 | BC95: 50000000 | BD95: 0 | BE95: 565726 | BF95: 0 | BG95: 565726 | BH95: 50565726 | BJ95: 3381714 | BK95: 20200217 | BL95: 20220217 | BN95: 20211016 | BO95: 20210918 | BP95: 50000000 | BS95: 기업 | BT95: 2532P0200001 | BU95: 기업일반운전자금대출 | BV95: 17390104290728 | BW95: 0.0858 | BX95: 0.1158 | BY95: 17397300032176 | CA95: 0 | CB95: 0 | CC95: 0 | CD95: 50000000 | CE95: 0 | CF95: 50000000 | CH95: 8020385739 | CI95: 8017277477 | CK95: 005 | CL95: 000 | CM95: 000 | CN95: 000 | CO95: 000 | CP95: 000
A96: 0 | B96: 1 | C96: （주）가온이앤씨 | D96: 8017277477 | E96: 8020385739 | F96: 법인 | G96: =VLOOKUP(C96,차주정보!B:E,4,0) -> KB-051 | H96: =IF(D95=D96,H95+1,1) -> 2 | I96: =G96&H96 -> KB-0512 | J96: 44635 | K96: 17391604375249 | M96: 해당무 | N96: 전부신청 | O96: A | P96: R | Q96: 3496 | R96: 2323211 | S96: 박재흥 | T96: 3496 | U96: 여신관리센터 | V96: 8017277477 | Z96: R-037 | AA96: （주）가온이앤씨 | AB96: 일반 | AE96: 16 | AG96: 기업 | AH96: KRW | AI96: 17391604375249 | AJ96: 287000000 | AK96: 21005242 | AL96: 21005242 | AM96: 21005242 | AN96: 21005242 | AP96: 21935122 | AR96: 287000000 | AS96: 240640000 | AT96: 0 | AU96: 0 | AV96: 240640000 | AW96: 240640000 | BC96: 287000000 | BD96: 0 | BE96: 4232590 | BF96: 0 | BG96: 4232590 | BH96: 291232590 | BJ96: 6411246 | BK96: 20191017 | BL96: 20270930 | BN96: 20210630 | BO96: 20211001 | BP96: 287000000 | BS96: 기업 | BT96: 2542A1100001 | BU96: 인천시중소기업육성자금 | BV96: 17391604375249 | BW96: 0.023 | BX96: 0.053 | CA96: 0 | CB96: 0 | CC96: 240640000 | CD96: 46360000 | CE96: 0 | CF96: 287000000 | CH96: 8020385739 | CI96: 8017277477 | CK96: 155 | CL96: 155 | CM96: 000 | CN96: 000 | CO96: 000 | CP96: 000
A97: 0 | B97: 1 | C97: （주）가온이앤씨 | D97: 8017277477 | E97: 8020385739 | F97: 법인 | G97: =VLOOKUP(C97,차주정보!B:E,4,0) -> KB-051 | H97: =IF(D96=D97,H96+1,1) -> 3 | I97: =G97&H97 -> KB-0513 | J97: 44635 | K97: 34960501628419 | M97: 해당무 | N97: 전부신청 | O97: A | P97: R | Q97: 3496 | R97: 2323211 | S97: 박재흥 | T97: 3496 | U97: 여신관리센터 | V97: 8017277477 | Z97: R-037 | AA97: （주）가온이앤씨 | AB97: 특채 | AE97: 05 | AF97: 17391604392554 | AG97: 기업 | AH97: KRW | AI97: 17391604392554 | AJ97: 100000000 | AK97: 3969106 | AL97: 0 | AM97: 0 | AO97: 0 | AP97: 0 | AR97: 0 | AS97: 0 | AT97: 0 | AU97: 0 | AV97: 0 | AW97: 0 | BC97: 0 | BD97: 0 | BE97: 0 | BF97: 0 | BG97: 0 | BH97: 0 | BJ97: 1110256 | BK97: 20210225 | BL97: 20220225 | BM97: 20220127 | BN97: 20220127 | BO97: 20210828 | BP97: 100000000 | BS97: 기업 | BT97: 2532P0200001 | BU97: 기업일반운전자금대출 | BV97: 34960501628419 | BW97: 0 | BX97: 0 | CA97: 0 | CB97: 0 | CC97: 0 | CD97: 0 | CE97: 0 | CF97: 0 | CH97: 8020385739 | CI97: 8017277477 | CK97: 특채 | CL97: 특채 | CM97: 특채 | CN97: 특채 | CO97: 특채 | CP97: 특채
A98: 1 | B98: 1 | C98: 주）구일기공 | D98: 7003566452 | E98: 7005164392 | F98: 법인 | G98: =VLOOKUP(C98,차주정보!B:E,4,0) -> KB-050 | H98: =IF(D97=D98,H97+1,1) -> 1 | I98: =G98&H98 -> KB-0501 | J98: 44683 | K98: 61903700006549 | M98: 해당무 | N98: 전부신청 | O98: A | P98: R | Q98: 8747 | R98: 2521825 | S98: 신경철 | T98: 8747 | U98: 대구여신관리센터 | V98: 7003566452 | Z98: R-038 | AA98: 주）구일기공 | AB98: 일반 | AE98: 37 | AG98: 기업 | AH98: KRW | AI98: 61903700006549 | AJ98: 129000000 | AK98: 5909913 | AL98: 5849116.4 | AM98: 5849116 | AN98: 5849116 | AP98: 26690553 | AR98: 127672947 | AS98: 40746526 | AT98: 0 | AU98: 0 | AV98: 40746526 | AW98: 40746526 | BC98: 127672947 | BD98: 0 | BE98: 0 | BF98: 0 | BG98: 0 | BH98: 127672947 | BJ98: 3539366 | BK98: 20170929 | BL98: 20211224 | BN98: 20220106 | BO98: 20211225 | BP98: 129000000 | BS98: 기업 | BT98: 2532P0200001 | BU98: 기업일반운전자금대출 | BV98: 61903700006549 | BW98: 0.0934 | BX98: 0.1234 | BY98: 61907300032906 | CA98: 0 | CB98: 0 | CC98: 40746526 | CD98: 86926421 | CE98: 0 | CF98: 127672947 | CH98: 7005164392 | CI98: 7003566452 | CK98: 127 | CL98: 127 | CM98: 000 | CN98: 000 | CO98: 000 | CP98: 000
A99: 0 | B99: 1 | C99: 주）구일기공 | D99: 7003566452 | E99: 7005164392 | F99: 법인 | G99: =VLOOKUP(C99,차주정보!B:E,4,0) -> KB-050 | H99: =IF(D98=D99,H98+1,1) -> 2 | I99: =G99&H99 -> KB-0502 | J99: 44683 | K99: 63781604399611 | M99: 해당무 | N99: 전부신청 | O99: A | P99: R | Q99: 8747 | R99: 2521825 | S99: 신경철 | T99: 8747 | U99: 대구여신관리센터 | V99: 7003566452 | Z99: R-038 | AA99: 주）구일기공 | AB99: 일반 | AE99: 16 | AG99: 기업 | AH99: KRW | AI99: 63781604399611 | AJ99: 160000000 | AK99: 190072 | AL99: 190072 | AM99: 190072 | AN99: 190072 | AP99: 974400 | AR99: 160000000 | AS99: 160000000 | AT99: 0 | AU99: 0 | AV99: 160000000 | AW99: 160000000 | BC99: 160000000 | BD99: 0 | BE99: 3704600 | BF99: 0 | BG99: 3704600 | BH99: 163704600 | BJ99: 4321119 | BK99: 20201016 | BL99: 20220416 | BN99: 20211116 | BO99: 20211217 | BP99: 160000000 | BS99: 기업 | BT99: 2532P0200001 | BU99: 기업일반운전자금대출 | BV99: 63781604399611 | BW99: 0.0536 | BX99: 0.0836 | CA99: 0 | CB99: 0 | CC99: 160000000 | CD99: 0 | CE99: 0 | CF99: 160000000 | CH99: 7005164392 | CI99: 7003566452 | CK99: 127 | CL99: 127 | CM99: 000 | CN99: 000 | CO99: 000 | CP99: 000
A100: 0 | B100: 1 | C100: 주）구일기공 | D100: 7003566452 | E100: 7005164392 | F100: 법인 | G100: =VLOOKUP(C100,차주정보!B:E,4,0) -> KB-050 | H100: =IF(D99=D100,H99+1,1) -> 3 | I100: =G100&H100 -> KB-0503 | J100: 44683 | K100: 63781604399624 | M100: 해당무 | N100: 전부신청 | O100: A | P100: R | Q100: 8747 | R100: 2521825 | S100: 신경철 | T100: 8747 | U100: 대구여신관리센터 | V100: 7003566452 | Z100: R-038 | AA100: 주）구일기공 | AB100: 일반 | AE100: 16 | AG100: 기업 | AH100: KRW | AI100: 63781604399624 | AJ100: 49500000 | AK100: 7031240 | AL100: 7031240 | AM100: 7031240 | AN100: 7031240 | AP100: 37337355 | AR100: 49500000 | AS100: 0 | AT100: 0 | AU100: 0 | AV100: 0 | AW100: 0 | BC100: 49500000 | BD100: 0 | BE100: 0 | BF100: 0 | BG100: 0 | BH100: 49500000 | BJ100: 2098277 | BK100: 20201016 | BL100: 20220416 | BN100: 20220111 | BO100: 20211217 | BP100: 49500000 | BS100: 기업 | BT100: 2532P0200001 | BU100: 기업일반운전자금대출 | BV100: 63781604399624 | BW100: 0.1124 | BX100: 0.1424 | CA100: 0 | CB100: 0 | CC100: 0 | CD100: 49500000 | CE100: 0 | CF100: 49500000 | CH100: 7005164392 | CI100: 7003566452 | CK100: 005 | CL100: 000 | CM100: 000 | CN100: 000 | CO100: 000 | CP100: 000
A101: 1 | B101: 1 | C101: 진용묵 | D101: 1184678155 | E101: 1184678155 | F101: 소호 | G101: =VLOOKUP(C101,차주정보!B:E,4,0) -> KB-053 | H101: =IF(D100=D101,H100+1,1) -> 1 | I101: =G101&H101 -> KB-0531 | J101: 44691 | K101: 25341604411960 | M101: 해당무 | N101: 전부신청 | O101: A | P101: R | Q101: 3496 | R101: 3158528 | S101: 조성덕 | T101: 3496 | U101: 여신관리센터 | V101: 1184678155 | Z101: R-039 | AA101: 진용묵 | AB101: 일반 | AE101: 16 | AG101: 기업 | AH101: KRW | AI101: 25341604411960 | AJ101: 328000000 | AK101: 90791109 | AL101: 90791109 | AM101: 90791109 | AN101: 90791109 | AP101: 92555743 | AR101: 328000000 | AS101: 254800000 | AT101: 0 | AU101: 0 | AV101: 254800000 | AW101: 254800000 | BC101: 328000000 | BD101: 0 | BE101: 4414360 | BF101: 0 | BG101: 4414360 | BH101: 332414360 | BJ101: 16128790 | BK101: 20210120 | BL101: 20240120 | BN101: 20210520 | BO101: 20210622 | BP101: 328000000 | BS101: 기업 | BT101: 2534P2800001 | BU101: KB 산업단지기업 우대대출(이자상환플랜 미선택) | BV101: 25341604411960 | BW101: 0.0389 | BX101: 0.0689 | CA101: 0 | CB101: 0 | CC101: 254800000 | CD101: 0 | CE101: 73200000 | CF101: 328000000 | CH101: 1184678155 | CI101: 1184678155 | CK101: 155 | CL101: 155 | CM101: 000 | CN101: 000 | CO101: 000 | CP101: 000
...

Sheet 담보전산명세_220523
A1: 담보고객식별자 | B1: 고객식별자 | C1: 담보고객식별자 | D1: 고객명 | E1: 담보계좌번호 | F1: 매각대상여부 | G1: 담보구분 | H1: 담보설정번호 | I1: 소재지번호 | J1: 설정년월일 | K1: 설정일련번호 | L1: 근담보구분명 | M1: 회계구분 | N1: 견질담보구분 | O1: 통화코드 | P1: 설정금액 | Q1: 주소
A2: 1005094640 | B2: 1005094640 | C2: 1005094640 | D2: 강광영 | E2: 42331604070186 | F2: 매각대상계좌 | G2: 113 | H2: 207694153 | I2: 201523846 | J2: 20141215 | K2: 1 | L2: 한정근담보 | M2: 은행 | N2: 정규 | O2: KRW | P2: 232800000 | Q2: 경기도 성남시 분당구 백현동 529 판교역에스케이허브 A동161호
A3: 1005094640 | B3: 1005094640 | C3: 1005094640 | D3: 강광영 | E3: 42331604070199 | F3: 매각대상계좌 | G3: 113 | H3: 213563670 | I3: 201523857 | J3: 20141215 | K3: 1 | L3: 한정근담보 | M3: 은행 | N3: 정규 | O3: KRW | P3: 113000000 | Q3: 경기도 성남시 분당구 백현동 529 SKHUB오피스텔 에이동162호
A4: 1005094640 | B4: 1005094640 | C4: 1005094640 | D4: 강광영 | E4: 42331604070201 | F4: 매각대상계좌 | G4: 113 | H4: 207694800 | I4: 201523868 | J4: 20141215 | K4: 1 | L4: 한정근담보 | M4: 은행 | N4: 정규 | O4: KRW | P4: 201600000 | Q4: 경기도 성남시 분당구 백현동 529 SKHUB오피스텔 에이동163호
A5: 1015358944 | B5: 1015358944 | C5: 1015358944 | D5: 김광열 | E5: 50781604212561 | F5: 매각대상계좌 | G5: 154 | H5: 207383666 | I5: 100071717 | J5: 20141021 | K5: 1 | L5: 한정근담보 | M5: 은행 | N5: 정규 | O5: KRW | P5: 162000000 | Q5: 전라북도 남원시 인월면 상우리 355-7 대림공예사
A6: 1015358944 | B6: 1015358944 | C6: 1015358944 | D6: 김광열 | E6: 50781604234545 | F6: 매각대상계좌 | G6: 154 | H6: 212720191 | I6: 100071717 | J6: 19870127 | K6: 1 | L6: 한정근담보 | M6: 은행 | N6: 정규 | O6: KRW | P6: 185000000 | Q6: 전라북도 남원시 인월면 상우리 355-7 대림공예사
A7: 1015358944 | B7: 1015358944 | C7: 1015358944 | D7: 김광열 | E7: 50781604236987 | F7: 매각대상계좌 | G7: 154 | H7: 212720191 | I7: 100071717 | J7: 19870127 | K7: 1 | L7: 한정근담보 | M7: 은행 | N7: 정규 | O7: KRW | P7: 185000000 | Q7: 전라북도 남원시 인월면 상우리 355-7 대림공예사
A8: 1017039524 | B8: 1017039524 | C8: 1017039524 | D8: 최금희 | E8: 27010904027687 | F8: 매각대상계좌 | G8: 121 | H8: 208580868 | I8: 201687520 | J8: 20150519 | K8: 1 | L8: 한정근담보 | M8: 은행 | N8: 정규 | O8: KRW | P8: 438300000 | Q8: 서울특별시 은평구 진관동 25 은평뉴타운구파발 924동303호
A9: 1019614921 | B9: 1019614921 | C9: 1019614921 | D9: 이승상 | E9: 20551604360634 | F9: 매각대상계좌 | G9: 151 | H9: 214915186 | I9: 202630966 | J9: 20190919 | K9: 1 | L9: 한정근담보 | M9: 은행 | N9: 정규 | O9: KRW | P9: 192000000 | Q9: 경기도 동두천시 생연동 744-4
A10: 1021578145 | B10: 1021578145 | C10: 1021578145 | D10: 김명성 | E10: 59601604083527 | F10: 매각대상계좌 | G10: 159 | H10: 217183669 | I10: 201124092 | J10: 20131010 | K10: 1 | L10: 한정근담보 | M10: 은행 | N10: 정규 | O10: KRW | P10: 240000000 | Q10: 대구광역시 달서구 진천동 602 진천역계룡리슈빌 301동406호
A11: 1036050850 | B11: 1036050850 | C11: 1036050850 | D11: 조연희 | E11: 46151604107141 | F11: 매각대상계좌 | G11: 114 | H11: 214015395 | I11: 202572631 | J11: 20180511 | K11: 1 | L11: 한정근담보 | M11: 은행 | N11: 정규 | O11: KRW | P11: 1440000000 | Q11: 경상북도 구미시 봉곡동 404-4
A12: 1036050850 | B12: 1036050850 | C12: 1036050850 | D12: 조연희 | E12: 46151604107141 | F12: 매각대상계좌 | G12: 130 | H12: 214015395 | I12: 202578503 | J12: 20180511 | K12: 1 | L12: 한정근담보 | M12: 은행 | N12: 정규 | O12: KRW | P12: 1440000000 | Q12: 경상북도 구미시 봉곡동 404-9
A13: 1036050850 | B13: 1036050850 | C13: 1036050850 | D13: 조연희 | E13: 87470500136608 | F13: 매각대상계좌 | G13: 114 | H13: 214015395 | I13: 202572631 | J13: 20180511 | K13: 1 | L13: 한정근담보 | M13: 은행 | N13: 정규 | O13: KRW | P13: 1440000000 | Q13: 경상북도 구미시 봉곡동 404-4
... A199: 8022119175 | B199: 8022119188 | C199: 8022119175 | D199: （주）에버렉스 | E199: 67271601678194 | F199: 매각대상계좌 | G199: 154 | H199: 216922899 | I199: 203361847 | J199: 20200730 | K199: 5 | L199: 한정근담보 | M199: 은행 | N199: 정규 | O199: KRW | P199: 528000000 | Q199: 경기도 양주시 광적면 우고리 467-9 가동
A200: 1072127643 | B200: 1072127643 | C200: 1072127643 | D200: 한병삼 | E200: 23491601405943 | F200: 매각대상계좌 | G200: 121 | J200: 20180829 | K200: 1 | L200: 한정근담보 | M200: 은행 | N200: 정규 | O200: KRW | P200: 200000000 | Q200: 경상북도 구미시 옥계동 907 삼구트리니엔 제101동 제23층 제2305호
A201: 1005094640 | B201: 1005094640 | C201: 1005094640 | D201: 강광영 | F201: 실재여부 확인요 | G201: 113 | H201: 213563677 | I201: 201523805 | J201: 20141215 | K201: 1 | L201: 한정근담보 | M201: 은행 | N201: 정규 | O201: KRW | P201: 83000000 | Q201: 경기도 성남시 분당구 백현동 529 판교역에스케이허브 A동160호
A202: 1005094640 | B202: 1005094640 | C202: 1005094640 | D202: 강광영 | F202: 실재여부 확인요 | G202: 113 | H202: 209691142 | I202: 201903778 | J202: 20160122 | K202: 1 | L202: 한정근담보 | M202: 은행 | N202: 정규 | O202: KRW | P202: 84000000 | Q202: 경기도 용인시 수지구 상현동 1117-5 광교2차푸르지오시티 C동313호
A203: 1093484465 | B203: 1093484465 | C203: 1093484465 | D203: 임정희 | F203: 실재여부 확인요 | G203: 121 | H203: 054612533 | I203: 004629386 | J203: 19990118 | K203: 1 | L203: 한정근담보 | M203: 은행 | N203: 정규 | O203: KRW | P203: 32500000 | Q203: 광주광역시 서구 화정동 1023 한양아파트 303 209동
A204: 1421709882 | B204: 1421709882 | C204: 1421709882 | D204: 황규천 | F204: 실재여부 확인요 | G204: 121 | H204: 061150647 | I204: 011301686 | J204: 20000621 | K204: 1 | L204: 한정근담보 | M204: 은행 | N204: 정규 | O204: KRW | P204: 13000000 | Q204: 인천광역시 남구 용현동 647- 금호타운 0203-0703동

Sheet 동산담보_220523
A1: 고객식별자 | B1: 담보고객식별자 | C1: 고객명 | D1: 담보여신계좌번호 | E1: 소재지번호 | F1: 담보설정번호 | G1: 담보구분 | H1: 설정년월일 | I1: 설정통화코드 | J1: 설정금액 | K1: 제품식별번호내용 | L1: 동산물건명 | M1: 동산제조사명 | N1: 동산모델명 | O1: 보관장소법정동주소
A2: 8007167424 | B2: 8007167411 | C2: 주식회사삼우태크 | D2: 89320500022588 | E2: 600002328 | F2: 214863353 | G2: 851 | H2: 20190910 | I2: KRW | J2: 1200000000 | K2: XTY-XT19017 | L2: PRINTING MACHINE (MODULAR MULTI PURPOSEPLATFORM PR | M2: SHANGHAI XIETONG (CHINA) | N2: HELIOS-420 | O2: 경기도 고양시 덕양구 동산동 376삼송테크노밸리 319호
A3: 8007167424 | B3: 8007167411 | C3: 주식회사삼우태크 | D3: 06881604380051 | E3: 600003240 | F3: 216356124 | G3: 851 | H3: 20200519 | I3: KRW | J3: 1464000000 | K3: XTY-XT2020013 | L3: AUTOMATIC INLINE DOMING MACHINE | M3: SHANGHAI XIETONG CO.LTD | N3: XTH-400 | O3: 경기도 고양시 덕양구 동산동 376삼송테크노밸리 B126, 127호
A4: 8007167424 | B4: 8007167411 | C4: 주식회사삼우태크 | D4: 06881604380051 | E4: 600003241 | F4: 216356124 | G4: 851 | H4: 20200519 | I4: KRW | J4: 1464000000 | K4: XTY-XT2020014 | L4: JET PROJECTING TYPE DOMING MACHINE | M4: SHANGHAI XIETONG CO.LTD | N4: XTH-400 | O4: 경기도 고양시 덕양구 동산동 376삼송테크노밸리 B126, 127호
A5: 8007167424 | B5: 8007167411 | C5: 주식회사삼우태크 | D5: 06881604390434 | E5: 600004358 | F5: 217863164 | G5: 851 | H5: 20210331 | I5: KRW | J5: 1440000000 | K5: XTY-XT2021012 | L5: AUTOMATIC INLINE DOMING MACHINE | M5: SAHANGHAI XIETONG CO.,LTD | N5: XTH400 | O5: 경기도 고양시 덕양구 동산동 376삼송테크노밸리 지하층126 127호
A6: 8007167424 | B6: 8007167411 | C6: 주식회사삼우태크 | D6: 06881604390434 | E6: 600004358 | F6: 217863164 | G6: 851 | H6: 20210331 | I6: KRW | J6: 1440000000 | K6: XTY-XT2021013 | L6: AUTOMATIC INLINE DOMING MACHINE | M6: SAHANGHAI XIETONG CO.,LTD | N6: XTH400 | O6: 경기도 고양시 덕양구 동산동 376삼송테크노밸리 지하층126 127호
A7: 8013039880 | B7: 8013642412 | C7: （주）씨앤디코퍼레이션 | D7: 64971601407626 | E7: 600001905 | F7: 213015165 | G7: 851 | H7: 20180611 | I7: KRW | J7: 228000000 | K7: E03 | L7: THERMAL SHOCK TEST CHAMBER | M7: (주)포시즌냉각기 | N7: FS-TST06 | O7: 경기도 용인시 기흥구 청덕동 556 용인테크노밸리지식산업센타 310호
A8: 8013039880 | B8: 8013642412 | C8: （주）씨앤디코퍼레이션 | D8: 64971601407626 | E8: 600001906 | F8: 213015171 | G8: 851 | H8: 20180611 | I8: KRW | J8: 228000000 | K8: E04 | L8: THERMAL SHOCK TEST CHAMBER | M8: (주)포시즌냉각기 | N8: FS-TST06 | O8: 경기도 용인시 기흥구 청덕동 556 용인테크노밸리지식산업센타 310호
A9: 8013039880 | B9: 8013642412 | C9: （주）씨앤디코퍼레이션 | D9: 64971601419665 | E9: 600002171 | F9: 214439167 | G9: 851 | H9: 20190527 | I9: KRW | J9: 60000000 | K9: FS-TST06-E02 | L9: THERMAL SHOCK TEST CHAMBER | M9: (주)포시즌냉각기 | N9: FS-TST06-E02 | O9: 경기도 용인시 기흥구 청덕동 556 용인테크노밸리지식산업센타 310호
A10: 8013039880 | B10: 8013642412 | C10: （주）씨앤디코퍼레이션 | D10: 64971601419665 | E10: 600002171 | F10: 214439167 | G10: 851 | H10: 20190527 | I10: KRW | J10: 60000000 | K10: ESPEC CORP MADE JAPAN | L10: TSA-41L-A | M10: ESPEC CORP | N10: TSA-41L-A | O10: 경기도 용인시 기흥구 청덕동 556 용인테크노밸리지식산업센타 310호

Sheet 변동사항_220523
A2: 2022.04.04 제외
A3: 피담보제외계좌 | B3: 1 | C3: 김주환 | D3: 1371243524 | E3: 1371243524 | F3: 가계 | H3: 87500500258118 | J3: 해당무 | K3: 일부신청 | N3: 8750 | O3: 2797233 | P3: 이종철 | Q3: 8750 | R3: 부산여신관리센터 | S3: 1371243524 | X3: 김주환 | Y3: 특채 | AB3: 05 | AC3: 86441601256425 | AD3: 가계 | AE3: KRW | AI3: #DIV/0! | AJ3: #DIV/0! | AL3: #DIV/0! | AO3: 4498305 | AZ3: 0 | BA3: 4498305 | BD3: 0 | BE3: 4498305 | BH3: 20160721 | BI3: 20230721 | BJ3: 20220324 | BK3: 20220324 | BL3: 20211025 | BM3: 15000000 | BP3: 가계 | BQ3: 200212100008 | BR3: KB새희망홀씨Ⅱ | BS3: 87500500258118 | BX3: 0 | BY3: 0 | BZ3: 0 | CA3: 0 | CB3: 0 | CC3: 0 | CE3: 1371243524 | CF3: 1371243524 | CH3: 특채 | CI3: 특채 | CJ3: 특채 | CK3: 특채 | CL3: 특채 | CM3: 특채
A4: 피담보제외계좌 | B4: 1 | C4: 제정음 | D4: 1095490043 | E4: 1095490043 | F4: 가계 | H4: 87500500192883 | J4: KB신용정보 | K4: 일부신청 | N4: 8750 | O4: 2797233 | P4: 이종철 | Q4: 8750 | R4: 부산여신관리센터 | S4: 1095490043 | X4: 제정음 | Y4: 특채 | AB4: 05 | AC4: 59681604273803 | AD4: 가계 | AE4: KRW | AI4: #DIV/0! | AJ4: #DIV/0! | AK4: #DIV/0! | AO4: 20071413 | AZ4: 0 | BA4: 20071413 | BD4: 0 | BE4: 20071413 | BH4: 20190111 | BI4: 20290111 | BJ4: 20200326 | BK4: 20200326 | BL4: 20191025 | BM4: 21700000 | BP4: 가계 | BQ4: 200212900004 | BR4: 신용대출장기분할상환전환대출 | BS4: 87500500192883 | BX4: 0 | BY4: 0 | BZ4: 0 | CA4: 0 | CB4: 0 | CC4: 0 | CE4: 1095490043 | CF4: 1095490043 | CH4: 특채 | CI4: 특채 | CJ4: 특채 | CK4: 특채 | CL4: 특채 | CM4: 특채
A7: 2022.04.05 제외
A8: 피담보제외계좌 | B8: 1 | C8: （주）대신푸드글로벌 | D8: 7011858174 | E8: 7011858550 | F8: 법인 | G8: 44651 | H8: 02481604437225 | J8: 해당무 | N8: 3496 | O8: 2717480 | P8: 오승환 | Q8: 3496 | R8: 여신관리센터 | S8: 7011858174 | X8: （주）대신푸드글로벌 | Y8: 일반 | AB8: 16 | AD8: 기업 | AE8: KRW | AI8: #DIV/0! | AJ8: #DIV/0! | AK8: #DIV/0! | AO8: 200000000 | AZ8: 200000000 | BA8: 0 | BD8: 0 | BE8: 200000000 | BH8: 20210129 | BI8: 20220129 | BK8: 20211216 | BL8: 20220118 | BM8: 200000000 | BP8: 기업 | BQ8: 2532P3000005 | BR8: KB 우수기술기업 TCB신용대출 | BS8: 02481604437225 | BX8: 0 | BY8: 0 | BZ8: 0 | CA8: 0 | CB8: 200000000 | CC8: 200000000 | CE8: 7011858550 | CF8: 7011858174 | CH8: 005 | CI8: 000 | CJ8: 000 | CK8: 000 | CL8: 000 | CM8: 000
A9: 피담보제외계좌 | B9: 1 | C9: （주）대신푸드글로벌 | D9: 7011858174 | E9: 7011858550 | F9: 법인 | G9: 44651 | H9: 02481604437238 | J9: 해당무 | N9: 3496 | O9: 2717480 | P9: 오승환 | Q9: 3496 | R9: 여신관리센터 | S9: 7011858174 | X9: （주）대신푸드글로벌 | Y9: 일반 | AB9: 16 | AD9: 기업 | AE9: KRW | AI9: #DIV/0! | AJ9: #DIV/0! | AK9: #DIV/0! | AO9: 36111120 | AZ9: 36111120 | BA9: 0 | BD9: 0 | BE9: 36111120 | BH9: 20210129 | BI9: 20240129 | BK9: 20211129 | BL9: 20211230 | BM9: 50000000 | BP9: 기업 | BQ9: 2532P3000005 | BR9: KB 우수기술기업 TCB신용대출 | BS9: 02481604437238 | BX9: 0 | BY9: 0 | BZ9: 0 | CA9: 0 | CB9: 36111120 | CC9: 36111120 | CE9: 7011858550 | CF9: 7011858174 | CH9: 005 | CI9: 000 | CJ9: 000 | CK9: 000 | CL9: 000 | CM9: 000
A10: 피담보제외계좌 | B10: 1 | C10: （주）씨앤디코퍼레이션 | D10: 8013039880 | E10: 8013642412 | F10: 법인 | G10: 44651 | H10: 34960501638652 | J10: 해당무 | N10: 3496 | O10: 2717480 | P10: 오승환 | Q10: 3496 | R10: 여신관리센터 | S10: 8013039880 | X10: （주）씨앤디코퍼레이션 | Y10: 특채 | AB10: 05 | AC10: 78610100046493 | AD10: 기업 | AE10: KRW | AI10: 0 | AJ10: 0 | AO10: 140000000 | AZ10: 0 | BA10: 140000000 | BD10: 0 | BE10: 140000000 | BH10: 20180509 | BI10: 20220427 | BJ10: 20220324 | BK10: 20220324 | BL10: 20211101 | BM10: 140000000 | BP10: 기업 | BQ10: 2532P0200001 | BR10: 기업일반운전자금대출 | BS10: 34960501638652 | BX10: 0 | BY10: 0 | BZ10: 0 | CA10: 0 | CB10: 0 | CC10: 0 | CE10: 8013642412 | CF10: 8013039880 | CH10: 특채 | CI10: 특채 | CJ10: 특채 | CK10: 특채 | CL10: 특채 | CM10: 특채
A11: 차주 정상화 | B11: 1 | C11: 노수정 | D11: 1152179594 | E11: 1152179594 | F11: 가계 | H11: 04841604287798 | J11: 해당무 | K11: 전부신청 | N11: 3496 | O11: 1644061 | P11: 김정식 | Q11: 3496 | R11: 여신관리센터 | S11: 1152179594 | X11: 노수정 | Y11: 일반 | AB11: 16 | AD11: 가계 | AE11: KRW | AI11: #DIV/0! | AJ11: #DIV/0! | AK11: #DIV/0! | AO11: 7896389 | AZ11: 7896389 | BA11: 0 | BD11: 0 | BE11: 7896389 | BG11: 13049 | BH11: 20140320 | BI11: 20440229 | BK11: 20220314 | BM11: 130000000 | BP11: 가계 | BQ11: 200211600001 | BR11: FOR YOU 장기대출 | BS11: 04841604287798 | BX11: 0 | BY11: 7896389 | BZ11: 0 | CA11: 0 | CB11: 0 | CC11: 0 | CE11: 1152179594 | CF11: 1152179594 | CH11: 121 | CI11: 123 | CJ11: 000 | CK11: 000 | CL11: 000 | CM11: 000
A12: 차주 정상화 | B12: 1 | C12: 노수정 | D12: 1152179594 | E12: 1152179594 | F12: 가계 | H12: 04841604288795 | J12: 해당무 | K12: 전부신청 | N12: 3496 | O12: 1644061 | P12: 김정식 | Q12: 3496 | R12: 여신관리센터 | S12: 1152179594 | X12: 노수정 | Y12: 일반 | AB12: 16 | AD12: 가계 | AE12: KRW | AI12: #DIV/0! | AJ12: #DIV/0! | AK12: #DIV/0! | AO12: 5420265 | AZ12: 5420265 | BA12: 0 | BD12: 0 | BE12: 5420265 | BG12: 3596 | BH12: 20140521 | BI12: 20290521 | BK12: 20220323 | BM12: 10000000 | BP12: 가계 | BQ12: 200211600001 | BR12: FOR YOU 장기대출 | BS12: 04841604288795 | BX12: 0 | BY12: 5420265 | BZ12: 0 | CA12: 0 | CB12: 0 | CC12: 0 | CE12: 1152179594 | CF12: 1152179594 | CH12: 121 | CI12: 123 | CJ12: 000 | CK12: 000 | CL12: 000 | CM12: 000
A13: 차주 정상화 | B13: 1 | C13: 노수정 | D13: 1152179594 | E13: 1152179594 | F13: 가계 | H13: 04841604294448 | J13: 해당무 | K13: 전부신청 | N13: 3496 | O13: 1644061 | P13: 김정식 | Q13: 3496 | R13: 여신관리센터 | S13: 1152179594 | X13: 노수정 | Y13: 일반 | AB13: 16 | AD13: 가계 | AE13: KRW | AI13: #DIV/0! | AJ13: #DIV/0! | AK13: #DIV/0! | AO13: 5984259 | AZ13: 5984259 | BA13: 0 | BD13: 0 | BE13: 5984259 | BG13: 3259 | BH13: 20150403 | BI13: 20300403 | BK13: 20220323 | BM13: 10000000 | BP13: 가계 | BQ13: 200211400004 | BR13: KB부동산담보대출 | BS13: 04841604294448 | BX13: 0 | BY13: 5984259 | BZ13: 0 | CA13: 0 | CB13: 0 | CC13: 0 | CE13: 1152179594 | CF13: 1152179594 | CH13: 123 | CI13: 123 | CJ13: 000 | CK13: 000 | CL13: 000 | CM13: 000
A14: 차주 정상화 | B14: 1 | C14: 노수정 | D14: 1152179594 | E14: 1152179594 | F14: 가계 | H14: 04841604295883 | J14: 해당무 | K14: 전부신청 | N14: 3496 | O14: 1644061 | P14: 김정식 | Q14: 3496 | R14: 여신관리센터 | S14: 1152179594 | X14: 노수정 | Y14: 일반 | AB14: 16 | AD14: 가계 | AE14: KRW | AI14: #DIV/0! | AJ14: #DIV/0! | AK14: #DIV/0! | AO14: 4223391 | AZ14: 4223391 | BA14: 0 | BD14: 0 | BE14: 4223391 | BG14: 5202 | BH14: 20150609 | BI14: 20300609 | BK14: 20220314 | BM14: 7000000 | BP14: 가계 | BQ14: 200211400004 | BR14: KB부동산담보대출 | BS14: 04841604295883 | BX14: 0 | BY14: 4223391 | BZ14: 0 | CA14: 0 | CB14: 0 | CC14: 0 | CE14: 1152179594 | CF14: 1152179594 | CH14: 123 | CI14: 123 | CJ14: 000 | CK14: 000 | CL14: 000 | CM14: 000
A15: 차주 정상화 | B15: 1 | C15: 노수정 | D15: 1152179594 | E15: 1152179594 | F15: 가계 | H15: 42661601456409 | J15: 해당무 | K15: 전부신청 | N15: 3496 | O15: 1644061 | P15: 김정식 | Q15: 3496 | R15: 여신관리센터 | S15: 1152179594 | X15: 노수정 | Y15: 일반 | AB15: 16 | AD15: 가계 | AE15: KRW | AI15: #DIV/0! | AJ15: #DIV/0! | AK15: #DIV/0! | AO15: 8047586 | AZ15: 8047586 | BA15: 0 | BD15: 0 | BE15: 8047586 | BG15: 6102 | BH15: 20150812 | BI15: 20300812 | BK15: 20220322 | BM15: 13000000 | BP15: 가계 | BQ15: 200211400004 | BR15: KB부동산담보대출 | BS15: 42661601456409 | BX15: 0 | BY15: 8047586 | BZ15: 0 | CA15: 0 | CB15: 0 | CC15: 0 | CE15: 1152179594 | CF15: 1152179594 | CH15: 123 | CI15: 123 | CJ15: 000 | CK15: 000 | CL15: 000 | CM15: 000
A16: 차주 정상화 | B16: 1 | C16: 노수정 | D16: 1152179594 | E16: 1152179594 | F16: 가계 | H16: 42661601458739 | J16: 해당무 | K16: 전부신청 | N16: 3496 | O16: 1644061 | P16: 김정식 | Q16: 3496 | R16: 여신관리센터 | S16: 1152179594 | X16: 노수정 | Y16: 일반 | AB16: 16 | AD16: 가계 | AE16: KRW | AI16: #DIV/0! | AJ16: #DIV/0! | AK16: #DIV/0! | AO16: 6420660 | AZ16: 6420660 | BA16: 0 | BD16: 0 | BE16: 6420660 | BG16: 5164 | BH16: 20151113 | BI16: 20301113 | BK16: 20220322 | BM16: 10000000 | BP16: 가계 | BQ16: 200211600001 | BR16: FOR YOU 장기대출 | BS16: 42661601458739 | BX16: 0 | BY16: 6420660 | BZ16: 0 | CA16: 0 | CB16: 0 | CC16: 0 | CE16: 1152179594 | CF16: 1152179594 | CH16: 123 | CI16: 123 | CJ16: 000 | CK16: 000 | CL16: 000 | CM16: 000
A17: 차주 정상화 | B17: 1 | C17: 노수정 | D17: 1152179594 | E17: 1152179594 | F17: 가계 | H17: 42661601461861 | J17: 해당무 | K17: 전부신청 | N17: 3496 | O17: 1644061 | P17: 김정식 | Q17: 3496 | R17: 여신관리센터 | S17: 1152179594 | X17: 노수정 | Y17: 일반 | AB17: 16 | AD17: 가계 | AE17: KRW | AI17: #DIV/0! | AJ17: #DIV/0! | AK17: #DIV/0! | AO17: 17569426 | AZ17: 17569426 | BA17: 0 | BD17: 0 | BE17: 17569426 | BG17: 11962 | BH17: 20160428 | BI17: 20460428 | BK17: 20220323 | BL17: 20220329 | BM17: 20000000 | BP17: 가계 | BQ17: 200211600001 | BR17: FOR YOU 장기대출 | BS17: 42661601461861 | BX17: 0 | BY17: 17569426 | BZ17: 0 | CA17: 0 | CB17: 0 | CC17: 0 | CE17: 1152179594 | CF17: 1152179594 | CH17: 123 | CI17: 123 | CJ17: 000 | CK17: 000 | CL17: 000 | CM17: 000
A18: 차주 정상화 | B18: 1 | C18: 노수정 | D18: 1152179594 | E18: 1152179594 | F18: 가계 | H18: 42661601463753 | J18: 해당무 | K18: 전부신청 | N18: 3496 | O18: 1644061 | P18: 김정식 | Q18: 3496 | R18: 여신관리센터 | S18: 1152179594 | X18: 노수정 | Y18: 일반 | AB18: 16 | AD18: 가계 | AE18: KRW | AI18: #DIV/0! | AJ18: #DIV/0! | AL18: #DIV/0! | AO18: 26482181 | AZ18: 26482181 | BA18: 0 | BD18: 0 | BE18: 26482181 | BG18: 99045 | BH18: 20160722 | BI18: 20460722 | BK18: 20220224 | BL18: 20220323 | BM18: 30000000 | BP18: 가계 | BQ18: 200211600001 | BR18: FOR YOU 장기대출 | BS18: 42661601463753 | BX18: 0 | BY18: 26482181 | BZ18: 0 | CA18: 0 | CB18: 0 | CC18: 0 | CE18: 1152179594 | CF18: 1152179594 | CH18: 123 | CI18: 123 | CJ18: 000 | CK18: 000 | CL18: 000 | CM18: 000
A19: 차주 정상화 | B19: 1 | C19: 노수정 | D19: 1152179594 | E19: 1152179594 | F19: 가계 | H19: 42661601465674 | J19: 해당무 | K19: 전부신청 | N19: 3496 | O19: 1644061 | P19: 김정식 | Q19: 3496 | R19: 여신관리센터 | S19: 1152179594 | X19: 노수정 | Y19: 일반 | AB19: 16 | AD19: 가계 | AE19: KRW | AI19: #DIV/0! | AJ19: #DIV/0! | AL19: #DIV/0! | AO19: 17729466 | AZ19: 17729466 | BA19: 0 | BD19: 0 | BE19: 17729466 | BG19: 12478 | BH19: 20161017 | BI19: 20461017 | BK19: 20220323 | BM19: 20000000 | BP19: 가계 | BQ19: 200211600001 | BR19: FOR YOU 장기대출 | BS19: 42661601465674 | BX19: 0 | BY19: 17729466 | BZ19: 0 | CA19: 0 | CB19: 0 | CC19: 0 | CE19: 1152179594 | CF19: 1152179594 | CH19: 123 | CI19: 123 | CJ19: 000 | CK19: 000 | CL19: 000 | CM19: 000
A20: 차주 정상화 | B20: 1 | C20: 노수정 | D20: 1152179594 | E20: 1152179594 | F20: 가계 | H20: 42661601466965 | J20: KB신용정보 | K20: 전부신청 | N20: 3496 | O20: 1644061 | P20: 김정식 | Q20: 3496 | R20: 여신관리센터 | S20: 1152179594 | X20: 노수정 | Y20: 일반 | AB20: 16 | AD20: 가계 | AE20: KRW | AI20: #DIV/0! | AJ20: #DIV/0! | AL20: #DIV/0! | AO20: 36124891 | AZ20: 36124891 | BA20: 0 | BD20: 0 | BE20: 36124891 | BG20: 266623 | BH20: 20161221 | BI20: 20461221 | BK20: 20220128 | BL20: 20220222 | BM20: 40000000 | BP20: 가계 | BQ20: 200211400004 | BR20: KB부동산담보대출 | BS20: 42661601466965 | BX20: 0 | BY20: 36124891 | BZ20: 0 | CA20: 0 | CB20: 0 | CC20: 0 | CE20: 1152179594 | CF20: 1152179594 | CH20: 123 | CI20: 123 | CJ20: 000 | CK20: 000 | CL20: 000 | CM20: 000
A21: 피담보제외계좌 | B21: 1 | C21: 김종열 | D21: 1041678895 | E21: 1041678895 | F21: 소호 | H21: 65561604512494 | J21: 해당무 | K21: 일부신청 | N21: 8750 | O21: 3122418 | P21: 정상호 | Q21: 8750 | R21: 부산여신관리센터 | S21: 1041678895 | X21: 김종열 | Y21: 일반 | AB21: 16 | AD21: 기업 | AE21: KRW | AI21: #DIV/0! | AJ21: #DIV/0! | AK21: #DIV/0! | AO21: 97153825 | AZ21: 97153825 | BA21: 0 | BD21: 0 | BE21: 97153825 | BG21: 13569568 | BH21: 20120730 | BI21: 20220708 | BK21: 20220304 | BL21: 20211207 | BM21: 525000000 | BP21: 기업 | BQ21: 2532P0300001 | BR21: C2자금대출 | BS21: 65561604512494 | BX21: 0 | BY21: 0 | BZ21: 0 | CA21: 0 | CB21: 97153825 | CC21: 97153825 | CE21: 1041678895 | CF21: 1041678895 | CH21: 000 | CI21: 000 | CJ21: 000 | CK21: 000 | CL21: 000 | CM21: 000
A22: 피담보제외계좌 | B22: 1 | C22: 김종열 | D22: 1041678895 | E22: 1041678895 | F22: 소호 | H22: 65561604639724 | J22: 해당무 | K22: 일부신청 | N22: 8750 | O22: 3122418 | P22: 정상호 | Q22: 8750 | R22: 부산여신관리센터 | S22: 1041678895 | X22: 김종열 | Y22: 일반 | AB22: 16 | AD22: 기업 | AE22: KRW | AI22: #DIV/0! | AJ22: #DIV/0! | AK22: #DIV/0! | AO22: 5518133 | AZ22: 5518133 | BA22: 0 | BD22: 0 | BE22: 5518133 | BG22: 832648 | BH22: 20191231 | BI22: 20211231 | BK22: 20220304 | BL22: 20211201 | BM22: 30000000 | BP22: 기업 | BQ22: 2532P0200001 | BR22: 기업일반운전자금대출 | BS22: 65561604639724 | BX22: 0 | BY22: 0 | BZ22: 0 | CA22: 0 | CB22: 5518133 | CC22: 5518133 | CE22: 1041678895 | CF22: 1041678895 | CH22: 000 | CI22: 000 | CJ22: 000 | CK22: 000 | CL22: 000 | CM22: 000
A23: 피담보제외계좌 | B23: 1 | C23: 김종열 | D23: 1041678895 | E23: 1041678895 | F23: 소호 | H23: 87500500255498 | J23: 해당무 | K23: 일부신청 | N23: 8750 | O23: 3122418 | P23: 정상호 | Q23: 8750 | R23: 부산여신관리센터 | S23: 1041678895 | X23: 김종열 | Y23: 특채 | AB23: 05 | AC23: 65561604587391 | AD23: 기업 | AE23: KRW | AI23: #DIV/0! | AJ23: #DIV/0! | AL23: #DIV/0! | AO23: 214000000 | AZ23: 0 | BA23: 214000000 | BD23: 0 | BE23: 214000000 | BG23: 11609248 | BH23: 20160510 | BI23: 20211110 | BJ23: 20220324 | BK23: 20220324 | BL23: 20211110 | BM23: 300000000 | BP23: 기업 | BQ23: 2532P3000005 | BR23: KB 우수기술기업 TCB신용대출 | BS23: 87500500255498 | BX23: 0 | BY23: 0 | BZ23: 0 | CA23: 0 | CB23: 0 | CC23: 0 | CE23: 1041678895 | CF23: 1041678895 | CH23: 특채 | CI23: 특채 | CJ23: 특채 | CK23: 특채 | CL23: 특채 | CM23: 특채
A24: 피담보제외계좌 | B24: 1 | C24: 김동욱 | D24: 1382262166 | E24: 1382262166 | F24: 소호 | H24: 34960501650368 | J24: 해당무 | K24: 일부신청 | N24: 3496 | O24: 3158528 | P24: 조성덕 | Q24: 3496 | R24: 여신관리센터 | S24: 1382262166 | X24: 김동욱 | Y24: 특채 | AB24: 05 | AC24: 04001604311617 | AD24: 기업 | AE24: KRW | AI24: #DIV/0! | AJ24: #DIV/0! | AL24: #DIV/0! | AO24: 95000000 | AZ24: 0 | BA24: 95000000 | BD24: 0 | BE24: 95000000 | BG24: 6954735 | BH24: 20200826 | BI24: 20211126 | BJ24: 20220324 | BK24: 20220324 | BL24: 20211027 | BM24: 100000000 | BP24: 기업 | BQ24: 2532P3000005 | BR24: KB 우수기술기업 TCB신용대출 | BS24: 34960501650368 | BT24: 0.13 | BU24: 0.15 | BX24: 0 | BY24: 0 | BZ24: 0 | CA24: 0 | CB24: 0 | CC24: 0 | CE24: 1382262166 | CF24: 1382262166 | CH24: 특채 | CI24: 특채 | CJ24: 특채 | CK24: 특채 | CL24: 특채 | CM24: 특채
A25: 피담보제외계좌 | B25: 1 | C25: 김동욱 | D25: 1382262166 | E25: 1382262166 | F25: 가계 | H25: 34960501661537 | J25: 해당무 | K25: 일부신청 | N25: 3496 | O25: 3158528 | P25: 조성덕 | Q25: 3496 | R25: 여신관리센터 | S25: 1382262166 | X25: 김동욱 | Y25: 특채 | AB25: 05 | AC25: 75841604138009 | AD25: 가계 | AE25: KRW | AI25: #DIV/0! | AJ25: #DIV/0! | AL25: #DIV/0! | AO25: 10476200 | AZ25: 0 | BA25: 10476200 | BD25: 0 | BE25: 10476200 | BG25: 547971 | BH25: 20180604 | BI25: 20250604 | BJ25: 20220324 | BK25: 20220324 | BL25: 20211010 | BM25: 20000000 | BP25: 가계 | BQ25: 200212100008 | BR25: KB새희망홀씨Ⅱ | BS25: 34960501661537 | BT25: 0.0797 | BU25: 0.1097 | BX25: 0 | BY25: 0 | BZ25: 0 | CA25: 0 | CB25: 0 | CC25: 0 | CE25: 1382262166 | CF25: 1382262166 | CH25: 특채 | CI25: 특채 | CJ25: 특채 | CK25: 특채 | CL25: 특채 | CM25: 특채
A26: 피담보제외계좌 | B26: 1 | C26: 김동욱 | D26: 1382262166 | E26: 1382262166 | F26: 소호 | H26: 34960501661595 | J26: 해당무 | K26: 일부신청 | N26: 3496 | O26: 3158528 | P26: 조성덕 | Q26: 3496 | R26: 여신관리센터 | S26: 1382262166 | X26: 김동욱 | Y26: 특채 | AB26: 05 | AC26: 75841604144921 | AD26: 기업 | AE26: KRW | AI26: #DIV/0! | AJ26: #DIV/0! | AL26: #DIV/0! | AO26: 24897819 | AZ26: 0 | BA26: 24897819 | BD26: 0 | BE26: 24897819 | BG26: 1514332 | BH26: 20190724 | BI26: 20211024 | BJ26: 20220324 | BK26: 20220324 | BL26: 20211024 | BM26: 30000000 | BP26: 기업 | BQ26: 2532P3000005 | BR26: KB 우수기술기업 TCB신용대출 | BS26: 34960501661595 | BT26: 0.13 | BU26: 0.15 | BX26: 0 | BY26: 0 | BZ26: 0 | CA26: 0 | CB26: 0 | CC26: 0 | CE26: 1382262166 | CF26: 1382262166 | CH26: 특채 | CI26: 특채 | CJ26: 특채 | CK26: 특채 | CL26: 특채 | CM26: 특채
A27: 피담보제외계좌 | B27: 1 | C27: 김동욱 | D27: 1382262166 | E27: 1382262166 | F27: 소호 | H27: 34960501661623 | J27: 해당무 | K27: 일부신청 | N27: 3496 | O27: 3158528 | P27: 조성덕 | Q27: 3496 | R27: 여신관리센터 | S27: 1382262166 | X27: 김동욱 | Y27: 특채 | AB27: 05 | AC27: 75841604144934 | AD27: 기업 | AE27: KRW | AI27: #DIV/0! | AJ27: #DIV/0! | AK27: #DIV/0! | AO27: 66500000 | AZ27: 0 | BA27: 66500000 | BD27: 0 | BE27: 66500000 | BG27: 4922821 | BH27: 20190724 | BI27: 20211024 | BJ27: 20220324 | BK27: 20220324 | BL27: 20211024 | BM27: 70000000 | BP27: 기업 | BQ27: 2532P3000005 | BR27: KB 우수기술기업 TCB신용대출 | BS27: 34960501661623 | BT27: 0.13 | BU27: 0.15 | BX27: 0 | BY27: 0 | BZ27: 0 | CA27: 0 | CB27: 0 | CC27: 0 | CE27: 1382262166 | CF27: 1382262166 | CH27: 특채 | CI27: 특채 | CJ27: 특채 | CK27: 특채 | CL27: 특채 | CM27: 특채
A29: 2022.04.05 추가
A30: 1 | B30: 1 | C30: 문용주 | D30: 1094641971 | E30: 1094641971 | F30: 소호 | H30: 76361604159882 | J30: 해당무 | K30: 일부신청 | N30: 3496 | O30: 3159187 | P30: 주영기 | Q30: 3496 | R30: 여신관리센터 | S30: 1094641971 | X30: 문용주 | Y30: 일반 | AB30: 16 | AD30: 기업 | AE30: KRW | AO30: 17752939 | AZ30: 17752939 | BA30: 0 | BD30: 0 | BE30: 17752939 | BH30: 20180320 | BI30: 20220311 | BK30: 20211109 | BL30: 20210727 | BM30: 220000000 | BP30: 기업 | BQ30: 2532P0200030 | BR30: KB 기술창조기업 우대대출 | BS30: 76361604159882 | BX30: 0 | BY30: 0 | BZ30: 0 | CA30: 0 | CB30: 17752939 | CC30: 17752939 | CE30: 1094641971 | CF30: 1094641971 | CH30: 000 | CI30: 000 | CJ30: 000 | CK30: 000 | CL30: 000 | CM30: 000
A31: 1 | B31: 1 | C31: （주）한주 | D31: 8004065618 | E31: 8004065510 | F31: 법인 | H31: 96141601342265 | J31: 해당무 | K31: 전부신청 | N31: 3496 | O31: 3159187 | P31: 주영기 | Q31: 3496 | R31: 여신관리센터 | S31: 8004065618 | V31: 회생 | X31: （주）한주 | Y31: 일반 | AB31: 16 | AD31: 기업 | AE31: KRW | AO31: 95707404 | AZ31: 95707404 | BA31: 0 | BD31: 0 | BE31: 95707404 | BH31: 20190830 | BI31: 20211130 | BK31: 20220224 | BL31: 20211001 | BM31: 760000000 | BP31: 기업 | BQ31: 2532P0200001 | BR31: 기업일반운전자금대출 | BS31: 96141601342265 | BX31: 0 | BY31: 0 | BZ31: 0 | CA31: 0 | CB31: 95707404 | CC31: 95707404 | CE31: 8004065510 | CF31: 8004065618 | CH31: 005 | CI31: 000 | CJ31: 000 | CK31: 000 | CL31: 000 | CM31: 000
A32: 0 | B32: 1 | C32: （주）한주 | D32: 8004065618 | E32: 8004065510 | F32: 법인 | H32: 96141601342281 | J32: 해당무 | K32: 전부신청 | N32: 3496 | O32: 3159187 | P32: 주영기 | Q32: 3496 | R32: 여신관리센터 | S32: 8004065618 | V32: 회생 | X32: （주）한주 | Y32: 일반 | AB32: 16 | AD32: 기업 | AE32: KRW | AO32: 102500000 | AZ32: 102500000 | BA32: 0 | BD32: 0 | BE32: 102500000 | BH32: 20190830 | BI32: 20211028 | BK32: 20211005 | BL32: 20211029 | BM32: 107000000 | BP32: 기업 | BQ32: 2532P0200001 | BR32: 기업일반운전자금대출 | BS32: 96141601342281 | BX32: 0 | BY32: 0 | BZ32: 0 | CA32: 0 | CB32: 102500000 | CC32: 102500000 | CE32: 8004065510 | CF32: 8004065618 | CH32: 154 | CI32: 000 | CJ32: 000 | CK32: 000 | CL32: 000 | CM32: 000
A33: 0 | B33: 1 | C33: （주）한주 | D33: 8004065618 | E33: 8004065510 | F33: 법인 | H33: 96141601342294 | J33: 해당무 | K33: 전부신청 | N33: 3496 | O33: 3159187 | P33: 주영기 | Q33: 3496 | R33: 여신관리센터 | S33: 8004065618 | V33: 회생 | X33: （주）한주 | Y33: 일반 | AB33: 16 | AD33: 기업 | AE33: KRW | AO33: 21387715 | AZ33: 21387715 | BA33: 0 | BD33: 0 | BE33: 21387715 | BH33: 20190830 | BI33: 20211028 | BK33: 20220224 | BL33: 20211029 | BM33: 60000000 | BP33: 기업 | BQ33: 2532P0200001 | BR33: 기업일반운전자금대출 | BS33: 96141601342294 | BX33: 0 | BY33: 0 | BZ33: 0 | CA33: 0 | CB33: 21387715 | CC33: 21387715 | CE33: 8004065510 | CF33: 8004065618 | CH33: 005 | CI33: 000 | CJ33: 000 | CK33: 000 | CL33: 000 | CM33: 000
A35: 2022.04.06 추가
A36: 1 | B36: 1 | C36: 한병삼 | D36: 1072127643 | E36: '1072127643', | F36: 1072127643 | G36: 소호 | I36: 23491601397099 | K36: 해당무 | L36: 일부신청 | O36: 8747 | P36: 3139171 | Q36: 조국현 | R36: 8747 | S36: 대구여신관리센터 | T36: 1072127643 | Y36: 한병삼 | Z36: 일반 | AC36: 16 | AE36: 기업 | AF36: KRW | AJ36: #DIV/0! | AK36: #DIV/0! | AP36: 100000000 | BA36: 100000000 | BB36: 0 | BE36: 0 | BF36: 100000000 | BI36: 20180425 | BJ36: 20230421 | BL36: 20211125 | BM36: 20211228 | BN36: 100000000 | BQ36: 기업 | BR36: 2532P0200002 | BS36: 일반운전자금-KB투게더론 | BT36: 23491601397099 | BU36: 0.0285 | BV36: 0.0585 | BY36: 90000000 | BZ36: 0 | CA36: 0 | CB36: 0 | CC36: 10000000 | CD36: 10000000 | CF36: 1072127643 | CG36: 1072127643 | CI36: 471 | CJ36: 471 | CK36: 000 | CL36: 000 | CM36: 000 | CN36: 000
A37: 0 | B37: 1 | C37: 한병삼 | D37: 1072127643 | E37: '1072127643', | F37: 1072127643 | G37: 소호 | I37: 23491601405943 | K37: 해당무 | L37: 일부신청 | O37: 8747 | P37: 3139171 | Q37: 조국현 | R37: 8747 | S37: 대구여신관리센터 | T37: 1072127643 | Y37: 한병삼 | Z37: 일반 | AC37: 16 | AE37: 기업 | AF37: KRW | AJ37: #DIV/0! | AK37: #DIV/0! | AP37: 300000000 | BA37: 300000000 | BB37: 0 | BE37: 0 | BF37: 300000000 | BH37: 7556711 | BI37: 20180829 | BJ37: 20220228 | BL37: 20211129 | BM37: 20211230 | BN37: 300000000 | BQ37: 기업 | BR37: 2532P0200030 | BS37: KB 기술창조기업 우대대출 | BT37: 23491601405943 | BU37: 0.074 | BV37: 0.104 | BY37: 0 | BZ37: 0 | CA37: 160975000 | CB37: 0 | CC37: 139025000 | CD37: 300000000 | CF37: 1072127643 | CG37: 1072127643 | CI37: 121 | CJ37: 121 | CK37: 000 | CL37: 000 | CM37: 000 | CN37: 000
A38: 0 | B38: 1 | C38: 한병삼 | D38: 1072127643 | E38: '1072127643', | F38: 1072127643 | G38: 소호 | I38: 23491601426496 | K38: 해당무 | L38: 일부신청 | O38: 8747 | P38: 3139171 | Q38: 조국현 | R38: 8747 | S38: 대구여신관리센터 | T38: 1072127643 | Y38: 한병삼 | Z38: 일반 | AC38: 16 | AE38: 기업 | AF38: KRW | AJ38: #DIV/0! | AK38: #DIV/0! | AP38: 120000000 | BA38: 120000000 | BB38: 0 | BE38: 0 | BF38: 120000000 | BH38: 795039 | BI38: 20190911 | BJ38: 20220311 | BL38: 20220329 | BM38: 20220112 | BN38: 120000000 | BQ38: 기업 | BR38: 2532P0200030 | BS38: KB 기술창조기업 우대대출 | BT38: 23491601426496 | BU38: 0.0978 | BV38: 0.1278 | BY38: 0 | BZ38: 0 | CA38: 0 | CB38: 0 | CC38: 120000000 | CD38: 120000000 | CF38: 1072127643 | CG38: 1072127643 | CI38: 000 | CJ38: 000 | CK38: 000 | CL38: 000 | CM38: 000 | CN38: 000
A39: 0 | B39: 1 | C39: 한병삼 | D39: 1072127643 | E39: '1072127643', | F39: 1072127643 | G39: 소호 | I39: 23491601455427 | K39: 해당무 | L39: 일부신청 | O39: 8747 | P39: 3139171 | Q39: 조국현 | R39: 8747 | S39: 대구여신관리센터 | T39: 1072127643 | Y39: 한병삼 | Z39: 일반 | AC39: 16 | AE39: 기업 | AF39: KRW | AJ39: #DIV/0! | AK39: #DIV/0! | AP39: 161111115 | BA39: 161111115 | BB39: 0 | BE39: 0 | BF39: 161111115 | BI39: 20210421 | BJ39: 20240419 | BL39: 20211121 | BM39: 20211222 | BN39: 200000000 | BQ39: 기업 | BR39: 2532P0200001 | BS39: 기업일반운전자금대출 | BT39: 23491601455427 | BU39: 0.0408 | BV39: 0.0708 | BY39: 153055559 | BZ39: 0 | CA39: 0 | CB39: 0 | CC39: 8055556 | CD39: 8055556 | CF39: 1072127643 | CG39: 1072127643 | CI39: 471 | CJ39: 471 | CK39: 000 | CL39: 000 | CM39: 000 | CN39: 000
A42: 2022.04.07 제외
A43: 정상화 | B43: 1 | C43: 이현우 | D43: 1360192065 | E43: 1360192065 | F43: 가계 | H43: 38360904024988 | J43: KB신용정보 | K43: 전부신청 | N43: 3496 | O43: 1644061 | P43: 김정식 | Q43: 3496 | R43: 여신관리센터 | S43: 1360192065 | X43: 이현우 | Y43: 일반 | AB43: 09 | AD43: 가계 | AE43: KRW | AG43: 139319442 | AH43: 139319442 | AI43: 0 | AL43: 0 | AM43: 139319442 | AO43: 2934496 | AP43: 20180412 | AQ43: 20530321 | AS43: 20211021 | AT43: 20211123 | AU43: 147000000 | AX43: 가계 | AY43: 200331100016 | AZ43: FOR YOU 장기대출(주택구입자금) | BA43: 38360904024988 | BB43: 0.043 | BC43: 0.073 | BF43: 0 | BG43: 0 | BH43: 139319442 | BI43: 0 | BJ43: 0 | BK43: 139319442 | BM43: 1360192065 | BN43: 1360192065 | BP43: 121 | BQ43: 121 | BR43: 000 | BS43: 000 | BT43: 000 | BU43: 000
A44: 낙찰 | B44: 1 | C44: 정재상 | D44: 1305939513 | E44: 1305939513 | F44: 가계 | H44: 64550901120231 | J44: KB신용정보 | K44: 전부신청 | N44: 3496 | O44: 1644061 | P44: 김정식 | Q44: 3496 | R44: 여신관리센터 | S44: 1305939513 | X44: 정재상 | Y44: 일반 | AB44: 09 | AD44: 가계 | AE44: KRW | AG44: 138989977 | AH44: 138989977 | AI44: 0 | AL44: 0 | AM44: 138989977 | AO44: 16149452 | AP44: 20141008 | AQ44: 20441008 | AS44: 20200508 | AT44: 20200609 | AU44: 147000000 | AX44: 가계 | AY44: 200331100016 | AZ44: FOR YOU 장기대출(주택구입자금) | BA44: 64550901120231 | BB44: 0.0381 | BC44: 0.0681 | BF44: 0 | BG44: 0 | BH44: 138989977 | BI44: 0 | BJ44: 0 | BK44: 138989977 | BM44: 1305939513 | BN44: 1305939513 | BP44: 121 | BQ44: 121 | BR44: 000 | BS44: 000 | BT44: 000 | BU44: 000
A45: 낙찰 | B45: 1 | C45: 오민영 | D45: 1367139353 | E45: 1367139353 | F45: 가계 | H45: 96140901085302 | J45: KB신용정보 | K45: 일부신청 | N45: 3496 | O45: 1644061 | P45: 김정식 | Q45: 3496 | R45: 여신관리센터 | S45: 1367139353 | X45: 오민영 | Y45: 일반 | AB45: 09 | AD45: 가계 | AE45: KRW | AG45: 121152988 | AH45: 121152988 | AI45: 0 | AL45: 0 | AM45: 121152988 | AO45: 6209422 | AP45: 20190320 | AQ45: 20540320 | AS45: 20210520 | AT45: 20210622 | AU45: 268000000 | AX45: 가계 | AY45: 200331100016 | AZ45: FOR YOU 장기대출(주택구입자금) | BA45: 96140901085302 | BB45: 0.042 | BC45: 0.072 | BF45: 0 | BG45: 0 | BH45: 121152988 | BI45: 0 | BJ45: 0 | BK45: 121152988 | BM45: 1367139353 | BN45: 1367139353 | BP45: 121 | BQ45: 121 | BR45: 000 | BS45: 000 | BT45: 000 | BU45: 000
A47: 2022.04.08 제외
A48: 정상화 | B48: 1 | C48: 김경민 | D48: 1022394961 | E48: 1022394961 | F48: 가계 | H48: 71820901017000 | J48: 해당무 | K48: 일부신청 | N48: 3496 | O48: 1644061 | P48: 김정식 | Q48: 3496 | R48: 여신관리센터 | S48: 1022394961 | X48: 김경민 | Y48: 일반 | AB48: 09 | AD48: 가계 | AE48: KRW | AG48: 271867110 | AH48: 271867110 | AI48: 0 | AL48: 0 | AM48: 271867110 | AO48: 250704 | AP48: 20091124 | AQ48: 20391124 | AS48: 20220322 | AT48: 20220325 | AU48: 330000000 | AX48: 가계 | AY48: 200631100003 | AZ48: KB주택구입자금대출(아파트잔금무담보) | BA48: 71820901017000 | BB48: 0.042 | BC48: 0.072 | BF48: 0 | BG48: 0 | BH48: 271867110 | BI48: 0 | BJ48: 0 | BK48: 271867110 | BM48: 1022394961 | BN48: 1022394961 | BP48: 121 | BQ48: 121 | BR48: 000 | BS48: 000 | BT48: 000 | BU48: 000
A49: 정상화 | B49: 1 | C49: 박태훈 | D49: 1357983345 | E49: '1357983345', | F49: 1357983345 | G49: 가계 | I49: 12630904032764 | K49: KB신용정보 | L49: 전부신청 | O49: 8750 | P49: 2797233 | Q49: 이종철 | R49: 8750 | S49: 부산여신관리센터 | T49: 1357983345 | Y49: 박태훈 | Z49: 일반 | AC49: 09 | AE49: 가계 | AF49: KRW | AH49: 313714332 | AI49: 313714332 | AJ49: 0 | AK49: 0 | AL49: 0 | AM49: 0 | AN49: 313714332 | AP49: 1777550 | AQ49: 20170728 | AR49: 20520728 | AT49: 20220128 | AU49: 20210729 | AV49: 360000000 | AY49: 가계 | AZ49: 200331100016 | BA49: FOR YOU 장기대출(주택구입자금) | BB49: 12630904032764 | BC49: 0.0328 | BD49: 0.0628 | BG49: 0 | BH49: 0 | BI49: 313714332 | BJ49: 0 | BK49: 0 | BL49: 313714332 | BN49: 1357983345 | BO49: 1357983345 | BQ49: 121 | BR49: 121 | BS49: 000 | BT49: 000 | BU49: 000 | BV49: 000
A52: 2022.04.11 제외
A53: MCG차주제외 | B53: 1 | C53: 최승준 | D53: 1205452739 | E53: 1205452739 | F53: 가계 | H53: 92410900000734 | J53: 해당무 | K53: 전부신청 | N53: 8932 | O53: 1606971 | P53: 김태욱 | Q53: 8932 | R53: 기업경영개선부 | S53: 1205452739 | V53: 회생 | X53: 최승준 | Y53: 일반 | AB53: 09 | AD53: 가계 | AE53: KRW | AI53: #DIV/0! | AJ53: #DIV/0! | AK53: #DIV/0! | AO53: 520993505 | AZ53: 520993505 | BA53: 0 | BB53: 0 | BC53: 0 | BD53: 0 | BE53: 520993505 | BG53: 66140411 | BH53: 20160831 | BI53: 20510831 | BK53: 20191231 | BL53: 20200201 | BM53: 554000000 | BP53: 가계 | BQ53: 200331100016 | BR53: FOR YOU 장기대출(주택구입자금) | BS53: 92410900000734 | BT53: 0.0374 | BU53: 0.0674 | BX53: 793505 | BY53: 0 | BZ53: 520200000 | CA53: 0 | CB53: 0 | CC53: 520200000 | CE53: 1205452739 | CF53: 1205452739 | CH53: 411 | CI53: 411 | CJ53: 124 | CK53: 000 | CL53: 000 | CM53: 000
A54: MCG차주제외 | B54: 1 | C54: 최승준 | D54: 1205452739 | E54: 1205452739 | F54: 가계 | H54: 89320500014985 | J54: 해당무 | K54: 전부신청 | N54: 8932 | O54: 1606971 | P54: 김태욱 | Q54: 8932 | R54: 기업경영개선부 | S54: 1205452739 | V54: 회생 | X54: 최승준 | Y54: 특채 | AB54: 05 | AC54: 92411600012744 | AD54: 가계 | AE54: KRW | AI54: #DIV/0! | AJ54: #DIV/0! | AL54: #DIV/0! | AO54: 59463403 | AZ54: 0 | BA54: 59463403 | BB54: 0 | BC54: 0 | BD54: 0 | BE54: 59463403 | BG54: 19283885 | BH54: 20180226 | BI54: 20280226 | BJ54: 20200625 | BK54: 20210219 | BL54: 20200126 | BM54: 72980000 | BP54: 가계 | BQ54: 200212900004 | BR54: 신용대출장기분할상환전환대출 | BS54: 89320500014985 | BT54: 0.116 | BU54: 0.146 | BX54: 0 | BY54: 0 | BZ54: 0 | CA54: 0 | CB54: 0 | CC54: 0 | CE54: 1205452739 | CF54: 1205452739 | CH54: 특채 | CI54: 특채 | CJ54: 특채 | CK54: 특채 | CL54: 특채 | CM54: 특채
A55: 특채차주제외 | B55: 1 | C55: 자연과학산업（주） | D55: 7003174338 | E55: 7003173988 | F55: 법인 | H55: 89320500014589 | J55: 해당무 | K55: 전부신청 | N55: 8932 | O55: 1606971 | P55: 김태욱 | Q55: 8932 | R55: 기업경영개선부 | S55: 7003174338 | V55: 회생 | X55: 자연과학산업（주） | Y55: 특채 | AB55: 05 | AC55: 38721601089685 | AD55: 기업 | AE55: KRW | AI55: #DIV/0! | AJ55: #DIV/0! | AK55: #DIV/0! | AO55: 83743589 | AZ55: 0 | BA55: 83743589 | BB55: 0 | BC55: 0 | BD55: 0 | BE55: 83743589 | BG55: 28148213 | BH55: 20150227 | BI55: 20200221 | BJ55: 20200625 | BK55: 20210219 | BL55: 20200127 | BM55: 200000000 | BP55: 기업 | BQ55: 2532P3000005 | BR55: KB 우수기술기업 TCB신용대출 | BS55: 89320500014589 | BT55: 0.13 | BU55: 0.15 | BX55: 0 | BY55: 0 | BZ55: 0 | CA55: 0 | CB55: 0 | CC55: 0 | CE55: 7003173988 | CF55: 7003174338 | CH55: 특채 | CI55: 특채 | CJ55: 특채 | CK55: 특채 | CL55: 특채 | CM55: 특채
A56: 특채차주제외 | B56: 1 | C56: 자연과학산업（주） | D56: 7003174338 | E56: 7003173988 | F56: 법인 | H56: 89320500014592 | J56: 해당무 | K56: 전부신청 | N56: 8932 | O56: 1606971 | P56: 김태욱 | Q56: 8932 | R56: 기업경영개선부 | S56: 7003174338 | V56: 회생 | X56: 자연과학산업（주） | Y56: 특채 | AB56: 05 | AC56: 38721601090276 | AD56: 기업 | AE56: KRW | AI56: #DIV/0! | AJ56: #DIV/0! | AK56: #DIV/0! | AO56: 40097927 | AZ56: 0 | BA56: 40097927 | BB56: 0 | BC56: 0 | BD56: 0 | BE56: 40097927 | BG56: 14877894 | BH56: 20150326 | BI56: 20200320 | BJ56: 20200625 | BK56: 20200625 | BL56: 20200127 | BM56: 300000000 | BP56: 기업 | BQ56: 2532P0200001 | BR56: 기업일반운전자금대출 | BS56: 89320500014592 | BT56: 0.067 | BU56: 0.097 | BX56: 0 | BY56: 0 | BZ56: 0 | CA56: 0 | CB56: 0 | CC56: 0 | CE56: 7003173988 | CF56: 7003174338 | CH56: 특채 | CI56: 특채 | CJ56: 특채 | CK56: 특채 | CL56: 특채 | CM56: 특채
A57: 특채차주제외 | B57: 1 | C57: 자연과학산업（주） | D57: 7003174338 | E57: 7003173988 | F57: 법인 | H57: 89320500014604 | J57: 해당무 | K57: 전부신청 | N57: 8932 | O57: 1606971 | P57: 김태욱 | Q57: 8932 | R57: 기업경영개선부 | S57: 7003174338 | V57: 회생 | X57: 자연과학산업（주） | Y57: 특채 | AB57: 05 | AC57: 38721601091877 | AD57: 기업 | AE57: KRW | AI57: #DIV/0! | AJ57: #DIV/0! | AK57: #DIV/0! | AO57: 56149957 | AZ57: 0 | BA57: 56149957 | BB57: 0 | BC57: 0 | BD57: 0 | BE57: 56149957 | BG57: 23237603 | BH57: 20150605 | BI57: 20200529 | BJ57: 20200625 | BK57: 20200625 | BL57: 20200105 | BM57: 430000000 | BP57: 기업 | BQ57: 2532P0200030 | BR57: KB 기술창조기업 우대대출 | BS57: 89320500014604 | BT57: 0.0658 | BU57: 0.0958 | BX57: 0 | BY57: 0 | BZ57: 0 | CA57: 0 | CB57: 0 | CC57: 0 | CE57: 7003173988 | CF57: 7003174338 | CH57: 특채 | CI57: 특채 | CJ57: 특채 | CK57: 특채 | CL57: 특채 | CM57: 특채
A58: 특채차주제외 | B58: 1 | C58: 자연과학산업（주） | D58: 7003174338 | E58: 7003173988 | F58: 법인 | H58: 89320500014617 | J58: 해당무 | K58: 전부신청 | N58: 8932 | O58: 1606971 | P58: 김태욱 | Q58: 8932 | R58: 기업경영개선부 | S58: 7003174338 | V58: 회생 | X58: 자연과학산업（주） | Y58: 특채 | AB58: 05 | AC58: 38721601091893 | AD58: 기업 | AE58: KRW | AI58: #DIV/0! | AJ58: #DIV/0! | AK58: #DIV/0! | AO58: 9140691 | AZ58: 0 | BA58: 9140691 | BB58: 0 | BC58: 0 | BD58: 0 | BE58: 9140691 | BG58: 3782862 | BH58: 20150605 | BI58: 20200529 | BJ58: 20200625 | BK58: 20200625 | BL58: 20200105 | BM58: 70000000 | BP58: 기업 | BQ58: 2532P0200030 | BR58: KB 기술창조기업 우대대출 | BS58: 89320500014617 | BT58: 0.0658 | BU58: 0.0958 | BX58: 0 | BY58: 0 | BZ58: 0 | CA58: 0 | CB58: 0 | CC58: 0 | CE58: 7003173988 | CF58: 7003174338 | CH58: 특채 | CI58: 특채 | CJ58: 특채 | CK58: 특채 | CL58: 특채 | CM58: 특채
A59: 특채차주제외 | B59: 1 | C59: 자연과학산업（주） | D59: 7003174338 | E59: 7003173988 | F59: 법인 | H59: 89320500014761 | J59: 해당무 | K59: 전부신청 | N59: 8932 | O59: 1606971 | P59: 김태욱 | Q59: 8932 | R59: 기업경영개선부 | S59: 7003174338 | V59: 회생 | X59: 자연과학산업（주） | Y59: 특채 | AB59: 05 | AC59: 59861604104880 | AD59: 기업 | AE59: KRW | AI59: #DIV/0! | AJ59: #DIV/0! | AK59: #DIV/0! | AO59: 34428440 | AZ59: 0 | BA59: 34428440 | BB59: 0 | BC59: 369867 | BD59: 369867 | BE59: 34798307 | BG59: 6427764 | BH59: 20200302 | BI59: 20200302 | BJ59: 20200625 | BK59: 20200625 | BL59: 20200302 | BM59: 34428440 | BP59: 기업 | BQ59: 2544H3600001 | BR59: 기한부외화지급보증대지급금 | BS59: 89320500014761 | BT59: 0.06 | BU59: 0.09 | BX59: 0 | BY59: 0 | BZ59: 0 | CA59: 0 | CB59: 0 | CC59: 0 | CE59: 7003173988 | CF59: 7003174338 | CH59: 특채 | CI59: 특채 | CJ59: 특채 | CK59: 특채 | CL59: 특채 | CM59: 특채
A60: 특채차주제외 | B60: 1 | C60: 자연과학산업（주） | D60: 7003174338 | E60: 7003173988 | F60: 법인 | H60: 89320500014774 | J60: 해당무 | K60: 전부신청 | N60: 8932 | O60: 1606971 | P60: 김태욱 | Q60: 8932 | R60: 기업경영개선부 | S60: 7003174338 | V60: 회생 | X60: 자연과학산업（주） | Y60: 특채 | AB60: 05 | AC60: 59861604104893 | AD60: 기업 | AE60: KRW | AI60: #DIV/0! | AJ60: #DIV/0! | AK60: #DIV/0! | AO60: 18794600 | AZ60: 0 | BA60: 18794600 | BB60: 0 | BC60: 205722 | BD60: 205722 | BE60: 19000322 | BG60: 3508937 | BH60: 20200302 | BI60: 20200302 | BJ60: 20200625 | BK60: 20200625 | BL60: 20200302 | BM60: 18794600 | BP60: 기업 | BQ60: 2544H3600001 | BR60: 기한부외화지급보증대지급금 | BS60: 89320500014774 | BT60: 0.06 | BU60: 0.09 | BX60: 0 | BY60: 0 | BZ60: 0 | CA60: 0 | CB60: 0 | CC60: 0 | CE60: 7003173988 | CF60: 7003174338 | CH60: 특채 | CI60: 특채 | CJ60: 특채 | CK60: 특채 | CL60: 특채 | CM60: 특채
A63: 2022.04.18 제외
A64: 사망채권 | B64: 1 | C64: 이창헌 | D64: 1013445024 | E64: 1013445024 | F64: 소호 | H64: 35621604244658 | J64: 해당무 | K64: 일부신청 | N64: 3496 | O64: 3159187 | P64: 주영기 | Q64: 3496 | R64: 여신관리센터 | S64: 1013445024 | T64: 사망 | X64: 이창헌 | Y64: 일반 | AB64: 16 | AD64: 기업 | AE64: KRW | AI64: #DIV/0! | AJ64: #DIV/0! | AK64: #DIV/0! | AO64: 100000000 | AZ64: 100000000 | BA64: 0 | BB64: 0 | BC64: 0 | BD64: 0 | BE64: 100000000 | BG64: 1562171 | BH64: 20191011 | BI64: 20220111 | BK64: 20211208 | BL64: 20220111 | BM64: 100000000 | BP64: 기업 | BQ64: 2532P0200001 | BR64: 기업일반운전자금대출 | BS64: 35621604244658 | BT64: 0.0493 | BU64: 0.0793 | BX64: 0 | BY64: 0 | BZ64: 100000000 | CA64: 0 | CB64: 0 | CC64: 100000000 | CE64: 1013445024 | CF64: 1013445024 | CH64: 121 | CI64: 121 | CJ64: 000 | CK64: 000 | CL64: 000 | CM64: 000
A65: 정상화 | B65: 1 | C65: 곽병관 | D65: 1314645653 | E65: 1314645653 | F65: 가계 | G65: 44645 | H65: 46681604217601 | J65: KB신용정보 | K65: 전부신청 | N65: 8734 | O65: 3143555 | P65: 조성윤 | Q65: 8734 | R65: 대전여신관리센터 | S65: 1314645653 | X65: 곽병관 | Y65: 일반 | AB65: 16 | AD65: 가계 | AE65: KRW | AG65: 149358791 | AH65: 149358791 | AI65: 0 | AJ65: 0 | AK65: 0 | AL65: 0 | AM65: 149358791 | AO65: 2743292 | AP65: 20150123 | AQ65: 20450105 | AS65: 20211105 | AT65: 20211207 | AU65: 164000000 | AX65: 가계 | AY65: 200211600001 | AZ65: FOR YOU 장기대출 | BA65: 46681604217601 | BB65: 0.0404 | BC65: 0.0704 | BF65: 0 | BG65: 0 | BH65: 142450000 | BI65: 6908791 | BJ65: 0 | BK65: 149358791 | BM65: 1314645653 | BN65: 1314645653 | BP65: 121 | BQ65: 121 | BR65: 000 | BS65: 000 | BT65: 000 | BU65: 000
A67: 2022.04.29 제외
A68: 차주완제 | B68: 1 | C68: 김준호 | D68: 1302205343 | E68: 1302205343 | F68: 가계 | H68: 85690900010423 | J68: KB신용정보 | K68: 전부신청 | L68: A | M68: R | N68: 3496 | O68: 1644061 | P68: 김정식 | Q68: 3496 | R68: 여신관리센터 | S68: 1302205343 | W68: R-083 | X68: 김준호 | Y68: 일반 | AB68: 09 | AD68: 가계 | AE68: KRW | AF68: 85690900010423 | AG68: 58568313 | AH68: 298332 | AI68: 298332 | AJ68: 298332 | AK68: 298332 | AM68: 346639 | AO68: 58568313 | AP68: 58568313 | AQ68: 0 | AR68: 0 | AS68: 58568313 | AT68: 58568313 | AZ68: 58568313 | BA68: 0 | BB68: 2799820 | BC68: 0 | BD68: 2799820 | BE68: 61368133 | BG68: 2250311 | BH68: 20170727 | BI68: 20470727 | BK68: 20210605 | BL68: 20210706 | BM68: 60000000 | BP68: 가계 | BQ68: 200631100003 | BR68: KB주택구입자금대출(아파트잔금무담보) | BS68: 85690900010423 | BT68: 0.0329 | BU68: 0.0629 | BX68: 0 | BY68: 0 | BZ68: 58568313 | CA68: 0 | CB68: 0 | CC68: 58568313 | CE68: 1302205343 | CF68: 1302205343 | CH68: 121 | CI68: 121 | CJ68: 000 | CK68: 000 | CL68: 000 | CM68: 000
A69: 차주완제 | B69: 1 | C69: 김준호 | D69: 1302205343 | E69: 1302205343 | F69: 가계 | H69: 85690900011389 | J69: KB신용정보 | K69: 전부신청 | L69: A | M69: R | N69: 3496 | O69: 1644061 | P69: 김정식 | Q69: 3496 | R69: 여신관리센터 | S69: 1302205343 | W69: R-083 | X69: 김준호 | Y69: 일반 | AB69: 09 | AD69: 가계 | AE69: KRW | AF69: 85690900011389 | AG69: 23685780 | AH69: 144948 | AI69: 144948 | AJ69: 144948 | AK69: 144948 | AM69: 164484 | AO69: 23685780 | AP69: 23685780 | AQ69: 0 | AR69: 0 | AS69: 23685780 | AT69: 23685780 | AZ69: 23685780 | BA69: 0 | BB69: 0 | BC69: 0 | BD69: 0 | BE69: 23685780 | BG69: 1051319 | BH69: 20171024 | BI69: 20471024 | BK69: 20210610 | BL69: 20210713 | BM69: 25000000 | BP69: 가계 | BQ69: 200331100015 | BR69: KB주택구입자금대출 | BS69: 85690900011389 | BT69: 0.0365 | BU69: 0.0665 | BX69: 0 | BY69: 0 | BZ69: 23685780 | CA69: 0 | CB69: 0 | CC69: 23685780 | CE69: 1302205343 | CF69: 1302205343 | CH69: 121 | CI69: 121 | CJ69: 000 | CK69: 000 | CL69: 000 | CM69: 000
A70: 차주완제 | B70: 1 | C70: 김준호 | D70: 1302205343 | E70: 1302205343 | F70: 가계 | H70: 85691600025869 | J70: KB신용정보 | K70: 전부신청 | L70: A | M70: R | N70: 3496 | O70: 1644061 | P70: 김정식 | Q70: 3496 | R70: 여신관리센터 | S70: 1302205343 | W70: R-083 | X70: 김준호 | Y70: 일반 | AB70: 16 | AD70: 가계 | AE70: KRW | AF70: 85691600025869 | AG70: 43140629 | AH70: 215911 | AI70: 215911 | AJ70: 215911 | AK70: 215911 | AM70: 251493 | AO70: 43140629 | AP70: 43140629 | AQ70: 0 | AR70: 0 | AS70: 43140629 | AT70: 43140629 | AZ70: 43140629 | BA70: 0 | BB70: 0 | BC70: 0 | BD70: 0 | BE70: 43140629 | BG70: 2027352 | BH70: 20180427 | BI70: 20480427 | BK70: 20210520 | BL70: 20210622 | BM70: 45000000 | BP70: 가계 | BQ70: 200211400004 | BR70: KB부동산담보대출 | BS70: 85691600025869 | BT70: 0.0354 | BU70: 0.0654 | BX70: 0 | BY70: 0 | BZ70: 43140629 | CA70: 0 | CB70: 0 | CC70: 43140629 | CE70: 1302205343 | CF70: 1302205343 | CH70: 121 | CI70: 121 | CJ70: 000 | CK70: 000 | CL70: 000 | CM70: 000
A72: 2022.05.02 제외
A73: 차주 정상화 | B73: 1 | C73: 김주환 | D73: 1371243524 | E73: 0 | F73: 1371243524 | G73: 가계 | H73: 44663 | I73: 86440901056795 | K73: KB신용정보 | L73: 일부신청 | M73: A | N73: R | O73: 8750 | P73: 2797233 | Q73: 이종철 | R73: 8750 | S73: 부산여신관리센터 | T73: 1371243524 | X73: R-070 | Y73: 김주환 | Z73: 일반 | AC73: 09 | AE73: 가계 | AF73: KRW | AG73: 86440901056795 | AH73: 115259056 | AI73: 258829 | AJ73: 258829 | AK73: 258829 | AL73: 258829 | AN73: 433347 | AP73: 115259056 | AQ73: 115259056 | AR73: 0 | AS73: 0 | AT73: 115259056 | AU73: 115259056 | BA73: 115259056 | BB73: 0 | BC73: 0 | BD73: 0 | BE73: 0 | BF73: 115259056 | BH73: 1420399 | BI73: 20130823 | BJ73: 20430823 | BL73: 20211025 | BM73: 20211126 | BN73: 129000000 | BQ73: 가계 | BR73: 200331100027 | BS73: KB최초주택구입자금대출 | BT73: 86440901056795 | BU73: 0.017 | BV73: 0.047 | BY73: 0 | BZ73: 0 | CA73: 115259056 | CB73: 0 | CC73: 0 | CD73: 115259056 | CF73: 1371243524 | CG73: 1371243524 | CI73: 121 | CJ73: 121 | CK73: 000 | CL73: 000 | CM73: 000 | CN73: 000
A74: 차주 정상화 | B74: 1 | C74: 김주환 | D74: 1371243524 | E74: 0 | F74: 1371243524 | G74: 가계 | H74: 44663 | I74: 86441601236276 | K74: KB신용정보 | L74: 일부신청 | M74: A | N74: R | O74: 8750 | P74: 2797233 | Q74: 이종철 | R74: 8750 | S74: 부산여신관리센터 | T74: 1371243524 | X74: R-070 | Y74: 김주환 | Z74: 일반 | AC74: 16 | AE74: 가계 | AF74: KRW | AG74: 86441601236276 | AH74: 24781739 | AI74: 967498 | AJ74: 967498 | AK74: 967498 | AL74: 967498 | AN74: 1364229 | AP74: 24781739 | AQ74: 24781739 | AR74: 0 | AS74: 0 | AT74: 24781739 | AU74: 24781739 | BA74: 24781739 | BB74: 0 | BC74: 0 | BD74: 0 | BE74: 0 | BF74: 24781739 | BH74: 265917 | BI74: 20140903 | BJ74: 20440821 | BL74: 20211121 | BM74: 20211222 | BN74: 30000000 | BQ74: 가계 | BR74: 200211400004 | BS74: KB부동산담보대출 | BT74: 86441601236276 | BU74: 0.0312 | BV74: 0.0612 | BY74: 0 | BZ74: 0 | CA74: 24781739 | CB74: 0 | CC74: 0 | CD74: 24781739 | CF74: 1371243524 | CG74: 1371243524 | CI74: 121 | CJ74: 121 | CK74: 000 | CL74: 000 | CM74: 000 | CN74: 000
A75: 차주 정상화 | B75: 1 | C75: 김주환 | D75: 1371243524 | E75: 0 | F75: 1371243524 | G75: 가계 | H75: 44663 | I75: 86441601245553 | K75: KB신용정보 | L75: 일부신청 | M75: A | N75: R | O75: 8750 | P75: 2797233 | Q75: 이종철 | R75: 8750 | S75: 부산여신관리센터 | T75: 1371243524 | X75: R-070 | Y75: 김주환 | Z75: 일반 | AC75: 16 | AE75: 가계 | AF75: KRW | AG75: 86441601245553 | AH75: 23726041 | AI75: 969715 | AJ75: 969715 | AK75: 969715 | AL75: 969715 | AN75: 1390187 | AP75: 23726041 | AQ75: 23726041 | AR75: 0 | AS75: 0 | AT75: 23726041 | AU75: 23726041 | BA75: 23726041 | BB75: 0 | BC75: 0 | BD75: 0 | BE75: 0 | BF75: 23726041 | BH75: 388764 | BI75: 20150716 | BJ75: 20450620 | BL75: 20211020 | BM75: 20211123 | BN75: 28000000 | BQ75: 가계 | BR75: 200211400010 | BS75: KB 분할상환 모기지론 - 일반자금 | BT75: 86441601245553 | BU75: 0.0298 | BV75: 0.0598 | BY75: 0 | BZ75: 0 | CA75: 23726041 | CB75: 0 | CC75: 0 | CD75: 23726041 | CF75: 1371243524 | CG75: 1371243524 | CI75: 121 | CJ75: 121 | CK75: 000 | CL75: 000 | CM75: 000 | CN75: 000
A76: 차주완제 | B76: 1 | C76: 신용수 | D76: 1279121543 | E76: #N/A | F76: 1279121543 | G76: 가계 | H76: 44644 | I76: 45901604325485 | K76: KB신용정보 | L76: 일부신청 | M76: A | N76: R | O76: 8734 | P76: 3143555 | Q76: 조성윤 | R76: 8734 | S76: 대전여신관리센터 | T76: 1279121543 | X76: R-032 | Y76: 신용수 | Z76: 일반 | AC76: 16 | AE76: 가계 | AF76: KRW | AG76: 45901604325485 | AH76: 400000000 | AI76: 145557 | AJ76: 145557 | AK76: 145557 | AL76: 145557 | AN76: 4448080 | AP76: 400000000 | AQ76: 387138650 | AR76: 0 | AS76: 0 | AT76: 387138650 | AU76: 387138650 | BA76: 400000000 | BB76: 0 | BC76: 0 | BD76: 0 | BE76: 0 | BF76: 400000000 | BH76: 8906958 | BI76: 20111111 | BJ76: 20211111 | BL76: 20211108 | BM76: 20211112 | BN76: 400000000 | BQ76: 가계 | BR76: 200211400004 | BS76: KB부동산담보대출 | BT76: 45901604325485 | BU76: 0.0309 | BV76: 0.0609 | BY76: 0 | BZ76: 0 | CA76: 387138650 | CB76: 12861350 | CC76: 0 | CD76: 400000000 | CF76: 1279121543 | CG76: 1279121543 | CI76: 135 | CJ76: 135 | CK76: 000 | CL76: 000 | CM76: 000 | CN76: 000
A78: 2022.05.06 제외
A79: 차주완제 | B79: 1 | C79: 이해옥 | D79: 1129121406 | E79: 1129121406 | F79: 소호 | G79: 44642 | H79: 74831601320813 | J79: 해당무 | K79: 전부신청 | L79: A | M79: R | N79: 8734 | O79: 2731401 | P79: 유종관 | Q79: 8734 | R79: 대전여신관리센터 | S79: 1129121406 | W79: R-035 | X79: 이해옥 | Y79: 일반 | AB79: 16 | AD79: 기업 | AE79: KRW | AF79: 74831601320813 | AG79: 360000000 | AH79: 55894180 | AI79: 51702116 | AJ79: 51702117 | AK79: 51702117 | AM79: 33763103 | AO79: 333000000 | AP79: 333000000 | AQ79: 0 | AR79: 0 | AS79: 333000000 | AT79: 333000000 | AZ79: 333000000 | BA79: 0 | BB79: 1378607 | BC79: 0 | BD79: 1378607 | BE79: 334378607 | BG79: 19874850 | BH79: 20161025 | BI79: 20210719 | BK79: 20220324 | BL79: 20210720 | BM79: 420000000 | BO79: 일부상각 | BP79: 기업 | BQ79: 2534P0500005 | BR79: KB커머셜모기지론 | BS79: 74831601320813 | BT79: 0.0458 | BU79: 0.0758 | BX79: 0 | BY79: 0 | BZ79: 333000000 | CA79: 0 | CB79: 0 | CC79: 333000000 | CE79: 1129121406 | CF79: 1129121406 | CH79: 152 | CI79: 152 | CJ79: 000 | CK79: 000 | CL79: 000 | CM79: 000
A80: 차주완제 | B80: 1 | C80: 이해옥 | D80: 1129121406 | E80: 1129121406 | F80: 소호 | G80: 44642 | H80: 87340500151961 | J80: 해당무 | K80: 전부신청 | L80: A | M80: R | N80: 8734 | O80: 2731401 | P80: 유종관 | Q80: 8734 | R80: 대전여신관리센터 | S80: 1129121406 | W80: R-035 | X80: 이해옥 | Y80: 특채 | AB80: 05 | AC80: 74831601320813 | AD80: 기업 | AE80: KRW | AF80: 74831601320813 | AG80: 360000000 | AH80: 55894180 | AI80: 4192063.5 | AJ80: 4192064 | AL80: 22807936 | AM80: 0 | AO80: 27000000 | AP80: 0 | AQ80: 0 | AR80: 0 | AS80: 0 | AT80: 0 | AZ80: 0 | BA80: 27000000 | BB80: 0 | BC80: 0 | BD80: 0 | BE80: 27000000 | BG80: 33642 | BH80: 20161025 | BI80: 20210719 | BJ80: 20220324 | BK80: 20220324 | BL80: 20210719 | BM80: 420000000 | BO80: 일부상각 | BP80: 기업 | BQ80: 2534P0500005 | BR80: KB커머셜모기지론 | BS80: 87340500151961 | BT80: 0.0458 | BU80: 0.0758 | BX80: 0 | BY80: 0 | BZ80: 0 | CA80: 0 | CB80: 0 | CC80: 0 | CE80: 1129121406 | CF80: 1129121406 | CH80: 특채 | CI80: 특채 | CJ80: 특채 | CK80: 특채 | CL80: 특채 | CM80: 특채
A82: 2022.05.11 제외
A83: 차주완제 | B83: 1 | C83: 유명석 | D83: 1284304201 | E83: 1284304201 | F83: 소호 | G83: 44683 | H83: 76411600007102 | J83: 해당무 | K83: 전부신청 | L83: A | M83: S | N83: 8932 | O83: 3822380 | P83: 황우연 | Q83: 8932 | R83: 기업경영개선부 | S83: 1284304201 | V83: 회생 | W83: S-009 | X83: 유명석 | Y83: 일반 | AB83: 16 | AD83: 기업 | AE83: KRW | AG83: 290000000 | AH83: 290000000 | AI83: 0 | AJ83: 0 | AK83: 0 | AL83: 0 | AM83: 290000000 | AO83: 34758396 | AP83: 20140811 | AQ83: 20200811 | AS83: 20210518 | AT83: 20200811 | AU83: 320000000 | AX83: 기업 | AY83: 2534P0500001 | AZ83: 기업일반시설자금대출 | BA83: 76411600007102 | BB83: 0.0356 | BC83: 0.0656 | BF83: 0 | BG83: 0 | BH83: 290000000 | BI83: 0 | BJ83: 0 | BK83: 290000000 | BM83: 1284304201 | BN83: 1284304201 | BP83: 154 | BQ83: 154 | BR83: 000 | BS83: 000 | BT83: 000 | BU83: 000
A84: 차주완제 | B84: 1 | C84: 유명석 | D84: 1284304201 | E84: 1284304201 | F84: 소호 | G84: 44683 | H84: 76411600010685 | J84: 해당무 | K84: 전부신청 | L84: A | M84: S | N84: 8932 | O84: 3822380 | P84: 황우연 | Q84: 8932 | R84: 기업경영개선부 | S84: 1284304201 | V84: 회생 | W84: S-009 | X84: 유명석 | Y84: 일반 | AB84: 16 | AD84: 기업 | AE84: KRW | AG84: 29400000 | AH84: 29400000 | AI84: 0 | AJ84: 0 | AK84: 0 | AL84: 0 | AM84: 29400000 | AO84: 1940814 | AP84: 20150730 | AQ84: 20230615 | AS84: 20200615 | AT84: 20201215 | AU84: 49000000 | AX84: 기업 | AY84: 2542A2800001 | AZ84: 에너지이용합리화자금 | BA84: 76411600010685 | BB84: 0.015 | BC84: 0.045 | BF84: 0 | BG84: 0 | BH84: 29400000 | BI84: 0 | BJ84: 0 | BK84: 29400000 | BM84: 1284304201 | BN84: 1284304201 | BP84: 115 | BQ84: 154 | BR84: 000 | BS84: 000 | BT84: 000 | BU84: 000
A85: 차주완제 | B85: 1 | C85: 유명석 | D85: 1284304201 | E85: 1284304201 | F85: 소호 | G85: 44683 | H85: 76411600011509 | J85: 해당무 | K85: 전부신청 | L85: A | M85: S | N85: 8932 | O85: 3822380 | P85: 황우연 | Q85: 8932 | R85: 기업경영개선부 | S85: 1284304201 | V85: 회생 | W85: S-009 | X85: 유명석 | Y85: 일반 | AB85: 16 | AD85: 기업 | AE85: KRW | AG85: 35609303 | AH85: 35609303 | AI85: 0 | AJ85: 0 | AK85: 0 | AL85: 0 | AM85: 35609303 | AO85: 9904378 | AP85: 20150925 | AQ85: 20250925 | AS85: 20210928 | AT85: 20210928 | AU85: 350000000 | AW85: 일부상각 | AX85: 기업 | AY85: 2534P0500001 | AZ85: 기업일반시설자금대출 | BA85: 76411600011509 | BB85: 0.0299 | BC85: 0.0599 | BF85: 0 | BG85: 0 | BH85: 24574103 | BI85: 0 | BJ85: 11035200 | BK85: 35609303 | BM85: 1284304201 | BN85: 1284304201 | BP85: 154 | BQ85: 154 | BR85: 000 | BS85: 000 | BT85: 000 | BU85: 000
A86: 차주완제 | B86: 1 | C86: 유명석 | D86: 1284304201 | E86: 1284304201 | F86: 소호 | G86: 44683 | H86: 87340500121157 | J86: 해당무 | K86: 전부신청 | L86: A | M86: S | N86: 8932 | O86: 3822380 | P86: 황우연 | Q86: 8932 | R86: 기업경영개선부 | S86: 1284304201 | V86: 회생 | W86: S-009 | X86: 유명석 | Y86: 특채 | AB86: 05 | AC86: 76410100030874 | AD86: 기업 | AE86: KRW | AG86: 80000000 | AH86: 0 | AI86: 80000000 | AJ86: 0 | AK86: 0 | AL86: 0 | AM86: 80000000 | AO86: 14264305 | AP86: 20190621 | AQ86: 20210618 | AR86: 20200925 | AS86: 20200925 | AT86: 20200727 | AU86: 80000000 | AX86: 기업 | AY86: 2532P0200001 | AZ86: 기업일반운전자금대출 | BA86: 87340500121157 | BB86: 0.0737 | BC86: 0.1037 | BF86: 0 | BG86: 0 | BH86: 0 | BI86: 0 | BJ86: 0 | BK86: 0 | BM86: 1284304201 | BN86: 1284304201 | BP86: 특채 | BQ86: 특채 | BR86: 특채 | BS86: 특채 | BT86: 특채 | BU86: 특채
A87: 차주완제 | B87: 1 | C87: 유명석 | D87: 1284304201 | E87: 1284304201 | F87: 소호 | G87: 44683 | H87: 87340500121160 | J87: 해당무 | K87: 전부신청 | L87: A | M87: S | N87: 8932 | O87: 3822380 | P87: 황우연 | Q87: 8932 | R87: 기업경영개선부 | S87: 1284304201 | V87: 회생 | W87: S-009 | X87: 유명석 | Y87: 특채 | AB87: 05 | AC87: 76411600011509 | AD87: 기업 | AE87: KRW | AG87: 12205648 | AH87: 0 | AI87: 12205648 | AJ87: 0 | AK87: 0 | AL87: 0 | AM87: 12205648 | AO87: 1103157 | AP87: 20150925 | AQ87: 20250925 | AR87: 20200925 | AS87: 20200925 | AT87: 20200625 | AU87: 350000000 | AW87: 일부상각 | AX87: 기업 | AY87: 2534P0500001 | AZ87: 기업일반시설자금대출 | BA87: 87340500121160 | BB87: 0.0299 | BC87: 0.0599 | BF87: 0 | BG87: 0 | BH87: 0 | BI87: 0 | BJ87: 0 | BK87: 0 | BM87: 1284304201 | BN87: 1284304201 | BP87: 특채 | BQ87: 특채 | BR87: 특채 | BS87: 특채 | BT87: 특채 | BU87: 특채
A88: 차주완제 | B88: 1 | C88: 유명석 | D88: 1284304201 | E88: 1284304201 | F88: 소호 | G88: 44683 | H88: 87340500121173 | J88: 해당무 | K88: 전부신청 | L88: A | M88: S | N88: 8932 | O88: 3822380 | P88: 황우연 | Q88: 8932 | R88: 기업경영개선부 | S88: 1284304201 | V88: 회생 | W88: S-009 | X88: 유명석 | Y88: 특채 | AB88: 05 | AC88: 76411600015750 | AD88: 기업 | AE88: KRW | AG88: 200000000 | AH88: 0 | AI88: 200000000 | AJ88: 0 | AK88: 0 | AL88: 0 | AM88: 200000000 | AO88: 35019387 | AP88: 20160913 | AQ88: 20200913 | AR88: 20200925 | AS88: 20200925 | AT88: 20200713 | AU88: 200000000 | AX88: 기업 | AY88: 2533D5600001 | AZ88: 청주시협약 중소기업자금 | BA88: 87340500121173 | BB88: 0.0697 | BC88: 0.0997 | BF88: 0 | BG88: 0 | BH88: 0 | BI88: 0 | BJ88: 0 | BK88: 0 | BM88: 1284304201 | BN88: 1284304201 | BP88: 특채 | BQ88: 특채 | BR88: 특채 | BS88: 특채 | BT88: 특채 | BU88: 특채
A89: 차주완제 | B89: 1 | C89: 유명석 | D89: 1284304201 | E89: 1284304201 | F89: 소호 | G89: 44683 | H89: 87340500121186 | J89: 해당무 | K89: 전부신청 | L89: A | M89: S | N89: 8932 | O89: 3822380 | P89: 황우연 | Q89: 8932 | R89: 기업경영개선부 | S89: 1284304201 | V89: 회생 | W89: S-009 | X89: 유명석 | Y89: 특채 | AB89: 05 | AC89: 76411600019422 | AD89: 기업 | AE89: KRW | AG89: 40000024 | AH89: 0 | AI89: 40000024 | AJ89: 0 | AK89: 0 | AL89: 0 | AM89: 40000024 | AO89: 7119341 | AP89: 20170605 | AQ89: 20220519 | AR89: 20200925 | AS89: 20200925 | AT89: 20200705 | AU89: 100000000 | AX89: 기업 | AY89: 2532P0200001 | AZ89: 기업일반운전자금대출 | BA89: 87340500121186 | BB89: 0.0708 | BC89: 0.1008 | BF89: 0 | BG89: 0 | BH89: 0 | BI89: 0 | BJ89: 0 | BK89: 0 | BM89: 1284304201 | BN89: 1284304201 | BP89: 특채 | BQ89: 특채 | BR89: 특채 | BS89: 특채 | BT89: 특채 | BU89: 특채
A90: 차주완제 | B90: 1 | C90: 유명석 | D90: 1284304201 | E90: 1284304201 | F90: 소호 | G90: 44683 | H90: 87340500126686 | J90: 해당무 | K90: 전부신청 | L90: A | M90: S | N90: 8932 | O90: 3822380 | P90: 황우연 | Q90: 8932 | R90: 기업경영개선부 | S90: 1284304201 | V90: 회생 | W90: S-009 | X90: 유명석 | Y90: 특채 | AB90: 05 | AC90: 76411600011509 | AD90: 기업 | AE90: KRW | AG90: 179121244 | AH90: 0 | AI90: 179121244 | AJ90: 0 | AK90: 0 | AL90: 0 | AM90: 179121244 | AO90: 13609399 | AP90: 20150925 | AQ90: 20250925 | AR90: 20201222 | AS90: 20201222 | AT90: 20200625 | AU90: 350000000 | AW90: 일부상각 | AX90: 기업 | AY90: 2534P0500001 | AZ90: 기업일반시설자금대출 | BA90: 87340500126686 | BB90: 0.0299 | BC90: 0.0599 | BF90: 0 | BG90: 0 | BH90: 0 | BI90: 0 | BJ90: 0 | BK90: 0 | BM90: 1284304201 | BN90: 1284304201 | BP90: 특채 | BQ90: 특채 | BR90: 특채 | BS90: 특채 | BT90: 특채 | BU90: 특채
A91: 차주완제 | B91: 1 | C91: 유명석 | D91: 1284304201 | E91: 1284304201 | F91: 소호 | G91: 44683 | H91: 89320500021338 | J91: 해당무 | K91: 전부신청 | L91: A | M91: S | N91: 8932 | O91: 3822380 | P91: 황우연 | Q91: 8932 | R91: 기업경영개선부 | S91: 1284304201 | V91: 회생 | W91: S-009 | X91: 유명석 | Y91: 특채 | AB91: 05 | AC91: 76411600011509 | AD91: 기업 | AE91: KRW | AG91: 14104865 | AH91: 0 | AI91: 14104865 | AJ91: 0 | AK91: 0 | AL91: 0 | AM91: 14104865 | AO91: 423598 | AP91: 20150925 | AQ91: 20250925 | AR91: 20210928 | AS91: 20210928 | AT91: 20200625 | AU91: 350000000 | AW91: 일부상각 | AX91: 기업 | AY91: 2534P0500001 | AZ91: 기업일반시설자금대출 | BA91: 89320500021338 | BB91: 0.0299 | BC91: 0.0599 | BF91: 0 | BG91: 0 | BH91: 0 | BI91: 0 | BJ91: 0 | BK91: 0 | BM91: 1284304201 | BN91: 1284304201 | BP91: 특채 | BQ91: 특채 | BR91: 특채 | BS91: 특채 | BT91: 특채 | BU91: 특채
A93: 2022.05.18 제외
A94: 경매낙찰 | B94: 1 | C94: 해동건설（주） | D94: 8004578581 | E94: 8004578552 | F94: 법인 | G94: 44683 | H94: 24241604468298 | J94: 해당무 | K94: 전부신청 | L94: A | M94: S | N94: 8932 | O94: 3822380 | P94: 황우연 | Q94: 8932 | R94: 기업경영개선부 | S94: 8004578581 | V94: 파산 | W94: S-013 | X94: 해동건설（주） | Y94: 일반 | AB94: 16 | AD94: 기업 | AE94: KRW | AF94: 24241604468298 | AG94: 198754785 | AH94: 20571120 | AI94: 20571120 | AJ94: 20571120 | AK94: 20571120 | AM94: 22920401 | AO94: 198754785 | AP94: 198754785 | AQ94: 0 | AR94: 0 | AS94: 198754785 | AT94: 198754785 | AZ94: 198754785 | BA94: 0 | BB94: 0 | BC94: 0 | BD94: 0 | BE94: 198754785 | BG94: 7632183 | BH94: 20191025 | BI94: 20211025 | BK94: 20210823 | BL94: 20210723 | BM94: 200000000 | BP94: 기업 | BQ94: 2532P0200030 | BR94: KB 기술창조기업 우대대출 | BS94: 24241604468298 | BT94: 0.034 | BU94: 0.064 | BX94: 0 | BY94: 0 | BZ94: 198754785 | CA94: 0 | CB94: 0 | CC94: 198754785 | CE94: 8004578552 | CF94: 8004578581 | CH94: 151 | CI94: 151 | CJ94: 000 | CK94: 000 | CL94: 000 | CM94: 000
A95: 경매낙찰 | B95: 1 | C95: 해동건설（주） | D95: 8004578581 | E95: 8004578552 | F95: 법인 | G95: 44683 | H95: 89320500022153 | J95: 해당무 | K95: 전부신청 | L95: A | M95: S | N95: 8932 | O95: 3822380 | P95: 황우연 | Q95: 8932 | R95: 기업경영개선부 | S95: 8004578581 | V95: 파산 | W95: S-013 | X95: 해동건설（주） | Y95: 특채 | AB95: 05 | AC95: 24241604445910 | AD95: 기업 | AE95: KRW | AF95: 24241604445910 | AG95: 44427585 | AH95: 44427585 | AI95: 44427585 | AJ95: 44427585 | AL95: 0 | AM95: 0 | AO95: 44427585 | AP95: 0 | AQ95: 0 | AR95: 0 | AS95: 0 | AT95: 0 | AZ95: 0 | BA95: 44427585 | BB95: 0 | BC95: 3821860 | BD95: 3821860 | BE95: 48249445 | BG95: 6202650 | BH95: 20181023 | BI95: 20231016 | BJ95: 20220324 | BK95: 20220324 | BL95: 20210723 | BM95: 500000000 | BP95: 기업 | BQ95: 2532P0200001 | BR95: 기업일반운전자금대출 | BS95: 89320500022153 | BT95: 0.04 | BU95: 0.07 | BX95: 0 | BY95: 0 | BZ95: 0 | CA95: 0 | CB95: 0 | CC95: 0 | CE95: 8004578552 | CF95: 8004578581 | CH95: 특채 | CI95: 특채 | CJ95: 특채 | CK95: 특채 | CL95: 특채 | CM95: 특채
A96: 경매낙찰 | B96: 1 | C96: 해동건설（주） | D96: 8004578581 | E96: 8004578552 | F96: 법인 | G96: 44683 | H96: 89320500022166 | J96: 해당무 | K96: 전부신청 | L96: A | M96: S | N96: 8932 | O96: 3822380 | P96: 황우연 | Q96: 8932 | R96: 기업경영개선부 | S96: 8004578581 | V96: 파산 | W96: S-013 | X96: 해동건설（주） | Y96: 특채 | AB96: 05 | AC96: 24241604484791 | AD96: 기업 | AE96: KRW | AF96: 24241604484791 | AG96: 38296299 | AH96: 38296299 | AI96: 38296299 | AJ96: 38296299 | AL96: 0 | AM96: 0 | AO96: 38296299 | AP96: 0 | AQ96: 0 | AR96: 0 | AS96: 0 | AT96: 0 | AZ96: 0 | BA96: 38296299 | BB96: 0 | BC96: 0 | BD96: 0 | BE96: 38296299 | BG96: 11686743 | BH96: 20200820 | BI96: 20210812 | BJ96: 20220324 | BK96: 20220324 | BL96: 20210723 | BM96: 440000000 | BP96: 기업 | BQ96: 2532P0200030 | BR96: KB 기술창조기업 우대대출 | BS96: 89320500022166 | BT96: 0.0337 | BU96: 0.0637 | BX96: 0 | BY96: 0 | BZ96: 0 | CA96: 0 | CB96: 0 | CC96: 0 | CE96: 8004578552 | CF96: 8004578581 | CH96: 특채 | CI96: 특채 | CJ96: 특채 | CK96: 특채 | CL96: 특채 | CM96: 특채
A97: 경매낙찰 | B97: 1 | C97: 해동건설（주） | D97: 8004578581 | E97: 8004578552 | F97: 법인 | G97: 44683 | H97: 89320500022179 | J97: 해당무 | K97: 전부신청 | L97: A | M97: S | N97: 8932 | O97: 3822380 | P97: 황우연 | Q97: 8932 | R97: 기업경영개선부 | S97: 8004578581 | V97: 파산 | W97: S-013 | X97: 해동건설（주） | Y97: 특채 | AB97: 05 | AC97: 24241604484803 | AD97: 기업 | AE97: KRW | AF97: 24241604484803 | AG97: 9848291 | AH97: 9848291 | AI97: 9848291 | AJ97: 9848291 | AL97: 0 | AM97: 0 | AO97: 9848291 | AP97: 0 | AQ97: 0 | AR97: 0 | AS97: 0 | AT97: 0 | AZ97: 0 | BA97: 9848291 | BB97: 0 | BC97: 0 | BD97: 0 | BE97: 9848291 | BG97: 2622934 | BH97: 20200820 | BI97: 20210812 | BJ97: 20220324 | BK97: 20220324 | BL97: 20210723 | BM97: 110000000 | BP97: 기업 | BQ97: 2532P0200030 | BR97: KB 기술창조기업 우대대출 | BS97: 89320500022179 | BT97: 0.0337 | BU97: 0.0637 | BX97: 0 | BY97: 0 | BZ97: 0 | CA97: 0 | CB97: 0 | CC97: 0 | CE97: 8004578552 | CF97: 8004578581 | CH97: 특채 | CI97: 특채 | CJ97: 특채 | CK97: 특채 | CL97: 특채 | CM97: 특채
A100: 2022.05.20 추가
A101: 계좌추가 | B101: 1 | C101: 박정윤 | D101: 1262078288 | E101: 1262078288 | F101: 가계 | G101: 44649 | H101: 87630500140874 | J101: KB신용정보 | K101: 전부신청 | L101: A | M101: R | N101: 8763 | O101: 1577619 | P101: 김용식 | Q101: 8763 | R101: 광주여신관리센터 | S101: 1262078288 | W101: R-087 | X101: 박정윤 | Y101: 특채 | AB101: 05 | AC101: 44791604093703 | AD101: 가계 | AE101: KRW | AF101: 44791604093703 | AG101: 6477806 | AH101: 2518675 | AI101: 2518675 | AJ101: 2518675 | AL101: 3959131 | AM101: 0 | AO101: 6477806 | AP101: 0 | AQ101: 0 | AR101: 0 | AS101: 0 | AT101: 0 | AZ101: 0 | BA101: 6477806 | BB101: 0 | BC101: 0 | BD101: 0 | BE101: 6477806 | BG101: 274797 | BH101: 20180118 | BI101: 20250118 | BJ101: 20220324 | BK101: 20220324 | BL101: 20211115 | BM101: 12000000 | BP101: 가계 | BQ101: 200212100008 | BR101: KB 새희망홀씨II | BS101: 87630500140874 | BT101: 0.0892 | BU101: 0.1192 | BX101: 0 | BY101: 0 | BZ101: 0 | CA101: 0 | CB101: 0 | CC101: 0 | CE101: 1262078288 | CF101: 1262078288 | CH101: 특채 | CI101: 특채 | CJ101: 특채 | CK101: 특채 | CL101: 특채 | CM101: 특채
A103: 2022.05.23 제외
A104: 계좌완제 | B104: 1 | C104: 김환신 | D104: 1260326714 | E104: '1260326714', | F104: 1260326714 | G104: 소호 | H104: 44651 | I104: 34960501629106 | K104: 해당무 | L104: 전부신청 | M104: A | N104: R | O104: 3496 | P104: 2717480 | Q104: 오승환 | R104: 3496 | S104: 여신관리센터 | T104: 1260326714 | X104: R-030 | Y104: 김환신 | Z104: 특채 | AC104: 05 | AD104: 17001604309205 | AE104: 기업 | AF104: KRW | AG104: 17001604309205 | AH104: 47916668 | AI104: 1775365 | AJ104: 0 | AK104: 0 | AM104: 0 | AN104: 0 | AP104: 0 | AQ104: 0 | AR104: 0 | AS104: 0 | AT104: 0 | AU104: 0 | AV104: 0 | BB104: 0 | BC104: 0 | BD104: 0 | BE104: 0 | BF104: 0 | BG104: 0 | BI104: 538526 | BJ104: 20200527 | BK104: 20250502 | BL104: 20220211 | BM104: 20220211 | BN104: 20210827 | BO104: 50000000 | BR104: 기업 | BS104: 2532P0200113 | BT104: KB 코로나바이러스 특례보증 협약대출 | BU104: 34960501629106 | BV104: 0 | BW104: 0 | BZ104: 0 | CA104: 0 | CB104: 0 | CC104: 0 | CD104: 0 | CE104: 0 | CG104: 1260326714 | CH104: 1260326714 | CJ104: 특채 | CK104: 특채 | CL104: 특채 | CM104: 특채 | CN104: 특채 | CO104: 특채

Sheet 신용보증서_220523
A2: KB 2022-1 Program
A3: 신용보증서정보(Letter of Credit Guarantee Information)
B5: 보증관련 채권 | G5: 보증정보 | T5: 비고
B6: 보고점 | C6: 보고자 | D6: 차주명 | E6: 고객식별자 | F6: 매각계좌번호 | G6: 신용보증계좌번호 | H6: 보증기관 | I6: 보증방법구분 | J6: 보증서번호 | K6: 보증기일 | L6: 이행청구일 | M6: 보증비율 | N6: 통화표시 | O6: 보증금액 | P6: 보증잔액 | Q6: 대위변제승인일 | R6: 승인금액(이자포함) | S6: 특약사항 | T6: 비고(관련 매각계좌)
B7: 8932 | C7: 황우연 | D7: （주）세건엔지니어링 | E7: 7012459797 | F7: 27121604293441 | G7: 271233-00-025797 | H7: 05-기술보증기금 (전자보증) | I7: 01-개별보증 | J7: 319201900393 | K7: 44722 | M7: 0.85 | N7: KRW | O7: 1291150000 | P7: 1291150000 | S7: 12-구보증서회수조건
B8: 8747 | C8: 신경철 | D8: （주）화진정공 | E8: 7003372067 | F8: 63781604356410 | G8: 637833-00-018711 | H8: 02-신용보증기금 (전자보증) | I8: 01-개별보증 | J8: TPO201800113 | K8: 44664 | L8: 44659 | M8: 0.9 | N8: KRW | O8: 270000000 | P8: 270000000 | S8: 99-기타(특약이 아닌 내용 포함)
B9: 8932 | C9: 박영주 | D9: （주）에이치디씨 | E9: 8017381689 | F9: 50651604642141 | G9: 506533-00-040564 | H9: 34-전북신용보증재단 | I9: 01-개별보증 | J9: JBS202002843 | K9: 46457 | L9: 44638 | M9: 1 | N9: KRW | O9: 100000000 | P9: 0 | Q9: 44655 | R9: 100064356 | S9: 99-기타(특약이 아닌 내용 포함)
B10: 8747 | C10: 신경철 | D10: 이성현 | E10: 1291683406 | F10: 82331601342185 | G10: 82333300011447 | H10: 05-기술보증기금 (전자보증) | I10: 01-개별보증 | J10: 406201700079 | K10: 44648 | L10: 44578 | M10: 0.85 | N10: KRW | O10: 144500000 | P10: 48166100 | Q10: 44663 | R10: 48856986 | S10: 99-기타(특약이 아닌 내용 포함)
B11: 8747 | C11: 신경철 | D11: 이성현 | E11: 1291683406 | F11: 82331601350184 | G11: 823333-00-012569 | H11: 05-기술보증기금 (전자보증) | I11: 01-개별보증 | J11: 406201800096 | K11: 46125 | L11: 44573 | M11: 0.9 | N11: KRW | O11: 450000000 | P11: 225000000 | Q11: 44663 | R11: 228878630 | S11: 10-시설자금대출 해지조건부(일정률)
B12: 8747 | C12: 신경철 | D12: 이성현 | E12: 1291683406 | F12: 82331601350650 | G12: 823333-00-012642 | H12: 05-기술보증기금 (전자보증) | I12: 01-개별보증 | J12: 406201800030 | K12: 44750 | L12: 44578 | M12: 0.85 | N12: KRW | O12: 47500000 | P12: 42500000 | Q12: 44663 | R12: 43159367 | S12: 12-구보증서회수조건
B13: 8747 | C13: 신경철 | D13: 이성현 | E13: 1291683406 | F13: 82331601342101 | G13: 823333-00-011450 | H13: 05-기술보증기금 (전자보증) | I13: 01-개별보증 | J13: 406201700080 | K13: 45744 | L13: 44578 | M13: 0.9 | N13: KRW | O13: 549000000 | P13: 27450000 | Q13: 44663 | R13: 27779888 | S13: 10-시설자금대출 해지조건부(일정률)
B14: 8763 | C14: 이행술 | D14: 강은경 | E14: 1194869077 | F14: 50651604531353 | G14: 506533-00-014394 | H14: 02-신용보증기금 (전자보증) | I14: 01-개별보증 | J14: TNA201500107 | K14: 44554 | L14: 44552 | M14: 0.8 | N14: KRW | O14: 297500000 | P14: 0 | Q14: 44658 | R14: 278681605 | S14: 11-총액한도대출
B15: 8750 | C15: 김욱태 | D15: 무진유통（주） | E15: 7006076533 | F15: 55111601387281 | G15: 551133-00-043552 | H15: 02-신용보증기금 (전자보증) | I15: 02-근보증 | J15: TBA202110548 | K15: 44575 | L15: 44671 | M15: 0.8 | N15: KRW | O15: 312000000 | P15: 312000000 | S15: 07-할인어음,구매자금대출 어음발행인
B16: 8747 | C16: 신경철 | D16: 김재현 | E16: 1271420129 | F16: 02821601683560 | G16: 028233-00-008033 | H16: 02-신용보증기금 (전자보증) | I16: 01-개별보증 | J16: TPI201900019 | K16: 44617 | L16: 44617 | M16: 0.9 | N16: KRW | O16: 270000000 | P16: 270000000 | Q16: 44673 | R16: 276744452 | S16: 12-구보증서회수조건
B17: 8750 | C17: 김욱태 | D17: 전영희 | E17: 1364372832 | F17: 12631604195072 | G17: 126333-00-002607 | H17: 02-신용보증기금 (전자보증) | I17: 01-개별보증 | J17: TBK201300147 | K17: 44666 | L17: 44671 | M17: 0.85 | N17: KRW | O17: 85000000 | P17: 76500000 | S17: 99-기타(특약이 아닌 내용 포함)
B18: 8750 | C18: 김욱태 | D18: 전영희 | E18: 1364372832 | F18: 12631604282709 | G18: 126333-00-015841 | H18: 01-신용보증기금 (수탁신용보증) | I18: 01-개별보증 | J18: TBK202101456 | K18: 46133 | L18: 44671 | M18: 0.95 | N18: KRW | O18: 19000000 | P18: 19000000 | S18: 01-특약사항없음
B19: 8747 | C19: 조국현 | D19: 이현우 | E19: 1307183017 | F19: 62551604273341 | G19: 625533-00-010426 | H19: 02-신용보증기금 (전자보증) | I19: 01-개별보증 | J19: TPL201800462 | K19: 44720 | M19: 0.9 | N19: KRW | O19: 270000000 | P19: 243000000 | S19: 99-기타(특약이 아닌 내용 포함)
B20: 8750 | C20: 김욱태 | D20: 김규태 | E20: 1200283436 | F20: 92741601365475 | G20: 927433-00-012315 | H20: 25-부산신용보증재단 | I20: 01-개별보증 | J20: BSS201904901 | K20: 44666 | L20: 44671 | M20: 0.85 | N20: KRW | O20: 34425000 | P20: 34000000 | Q20: 44679 | R20: 34595605 | S20: 12-구보증서회수조건
B21: 8747 | C21: 신경철 | D21: 유선호 | E21: 1226351175 | F21: 60481604410646 | G21: 604833-00-025791 | H21: 32-경북신용보증재단 | I21: 01-개별보증 | J21: GBF201712214 | K21: 44812 | L21: 44603 | M21: 0.85 | N21: KRW | O21: 27200000 | P21: 0 | Q21: 44656 | R21: 20770307 | S21: 12-구보증서회수조건
B22: 8747 | C22: 신경철 | D22: 유선호 | E22: 1226351175 | F22: 60481604450891 | G22: 604833-00-038919 | H22: 32-경북신용보증재단 | I22: 01-개별보증 | J22: GBF202039168 | K22: 45789 | L22: 44603 | M22: 1 | N22: KRW | O22: 30000000 | P22: 0 | Q22: 44656 | R22: 27169248 | S22: 99-기타(특약이 아닌 내용 포함)
B23: 8747 | C23: 조국현 | D23: 한병삼 | E23: 1072127643 | F23: 23491601397099 | G23: 234933-00-013610 | H23: 02-신용보증기금 (전자보증) | I23: 01-개별보증 | J23: TPJ201800172 | K23: 45037 | L23: 44642 | M23: 0.9 | N23: KRW | O23: 90000000 | P23: 0 | Q23: 44655 | R23: 90913561 | S23: 09-조기상환수수료 면제(해지약정방식
B24: 8747 | C24: 조국현 | D24: 한병삼 | E24: 1072127643 | F24: 23491601455427 | G24: 234933-00-022801 | H24: 02-신용보증기금 (전자보증) | I24: 01-개별보증 | J24: TPJ202101931 | K24: 45401 | L24: 44642 | M24: 0.95 | N24: KRW | O24: 190000000 | P24: 0 | Q24: 44655 | R24: 155348121 | S24: 12-구보증서회수조건
B25: 8747 | C25: 신경철 | D25: 최병현 | E25: 1179520162 | F25: 82331601326062 | G25: 823333-00-005880 | H25: 05-기술보증기금 (전자보증) | I25: 01-개별보증 | J25: 401201500443 | K25: 45079 | M25: 0.9 | N25: KRW | O25: 810000000 | P25: 162000000 | S25: 10-시설자금대출 해지조건부(일정률) | T25: 소유권취득후1순위설정후보증금액80%이상해지
B26: 8747 | C26: 신경철 | D26: （주）화진정공 | E26: 7003372067 | F26: 63781604348383 | G26: 637833-00-017660 | H26: 02-신용보증기금 (전자보증) | I26: 01-개별보증 | J26: TPO201700389 | K26: 44858 | L26: 44659 | M26: 0.9 | N26: KRW | O26: 419400000 | P26: 89234063 | S26: 03-시설자금대출 해지조건부(일정금액 | T26: 기계기구 담보설정후 2억원 이상 해지조건
O32: 5706675000 | P32: 3110000163 | R32: 1332962126

Sheet MCI_220523
A1: 차주명 | B1: POOL | C1: 차주일련번호 | D1: 고객식별자 | E1: 계좌번호 | F1: 서울보증보험번호 | G1: 보험가입금액 | H1: 보증보험신규년월일 | I1: 보증보험만기년월일 | J1: 보험가입잔액 | K1: MCI산출(실익)계산 | L1: 매각여부
A2: 전한정 | B2: A | C2: R-088 | D2: 1232858478 | E2: 97910900002499 | F2: 200000201800889636 | G2: 17000000 | H2: 20180724 | I2: 20250724 | J2: 10541755 | L2: 매각
A3: 김성란 | B3: A | C3: R-057 | D3: 1099920497 | E3: 92741601334523 | F3: 200000201700333800 | G3: 20000000 | H3: 20170525 | I3: 20250705 | J3: 11024097 | L3: 제외
A4: 최룡원 | B4: A | C4: R-078 | D4: 1271725772 | E4: 89090900007836 | F4: 200000201801318102 | G4: 16900000 | H4: 20181019 | I4: 20260820 | J4: 16900000 | L4: 매각
A5: 최덕규 | B5: A | C5: R-069 | D5: 1186425978 | E5: 89090900007753 | F5: 200000201801299147 | G5: 17000000 | H5: 20181016 | I5: 20260316 | J5: 17000000 | L5: 제외
A6: 송시환 | B6: A | C6: R-064 | D6: 1088197122 | E6: 86730901211175 | F6: 200000201800910641 | G6: 7900000 | H6: 20180727 | I6: 20220625 | J6: 1147841 | L6: 제외
A7: 임찬근 | B7: A | C7: R-080 | D7: 1389731842 | E7: 85560900008139 | F7: 200000201801393487 | G7: 17000000 | H7: 20181101 | I7: 20260910 | J7: 17000000 | L7: 제외
A8: 정호원 | B8: A | C8: R-042 | D8: 1131937163 | E8: 85470901120525 | F8: 200000201801662417 | G8: 16400000 | H8: 20181228 | I8: 20240625 | J8: 16400000 | L8: 매각
A9: 송양두 | B9: A | C9: R-049 | D9: 1411332271 | E9: 81100901053745 | F9: 200000202000547808 | G9: 19500000 | H9: 20200422 | I9: 20250325 | J9: 14701298 | L9: 제외
A10: 두현아 | B10: A | C10: S-015 | D10: 1142973851 | E10: 76251600017534 | F10: 200000201500142833 | G10: 8500000 | H10: 20150306 | I10: 20210530 | J10: 1905068 | L10: 매각
A11: 임정희 | B11: A | C11: R-054 | D11: 1093484465 | E11: 76120900019113 | F11: 200000201800261155 | G11: 27000000 | H11: 20180305 | I11: 20220415 | J11: 3657149 | L11: 제외
A12: 이지현 | B12: A | C12: R-060 | D12: 1406108385 | E12: 74670901061158 | F12: 200000201801603099 | G12: 16500000 | H12: 20181214 | I12: 20220814 | J12: 5187637 | L12: 제외
A13: 안성호 | B13: A | C13: R-077 | D13: 1125347944 | E13: 69961604399202 | F13: 200000201600733205 | G13: 17000000 | H13: 20161019 | I13: 20210627 | J13: 99325 | L13: 제외
... A24: 김종윤 | B24: A | C24: R-052 | D24: 1063693909 | E24: 07300904025196 | F24: 200000201600328516 | G24: 34000000 | H24: 20160526 | I24: 20240710 | J24: 12634609 | L24: 제외

Sheet 가압류정보_220523
A1: 그룹회사코드 | B1: 매각회차내용 | C1: 매각유형구분 | D1: 매각일련번호 | E1: 매각계좌번호 | F1: 법적추심신청번호 | G1: 기준년월일 | H1: 차주번호 | I1: 고객식별자 | J1: 고객명 | K1: 매각자산확정년월일 | L1: 매각기표년월일 | M1: 특수채권여부 | N1: 법적추심사건구분 | O1: 법적추심사건종류구분 | P1: 법착진행상태구분 | Q1: 법적추심사건번호 | R1: 관할법원코드 | S1: 법원명 | T1: 의뢰부점코드 | U1: 신청년월일 | V1: 개시결정년월일 | W1: 배당요구종기일 | X1: 제3자경매신청자명 | Y1: 청구금액 | Z1: 이중경매신청여부 | AA1: 이중경매사건번호 | AB1: 감정평가금액 | AC1: 입찰차수 | AD1: 입찰년월일 | AE1: 입찰결과구분 | AF1: 최저매각금액 | AG1: 낙찰금액 | AH1: 법착정보기준년월일 | AL1: 명세 | AM1: DD
A2: KB0 | B2: 202201 | C2: 7 | D2: 1 | E2: 02811600006201 | F2: 1202200000430 | G2: 20220413 | H2: R-012 | I2: 7007958083 | J2: 이원산업（주） | K2: 20220330 | L2: 20220628 | M2: 0 | N2: 01 | O2: 11 | P2: 2 | Q2: 2022카단0000357 | R2: 280 | S2: 대전지방법원 | T2: 8734 | U2: 20220317 | Y2: 405724519 | Z2: 0 | AB2: 0 | AC2: 0 | AE2: 0 | AF2: 0 | AG2: 0 | AH2: 20220413 | AI2: R-012부동산가압류2022카단357 | AJ2: 부동산가압류 | AL2: 2022카단0000500 | AM2: 2022카단500
A3: KB0 | B3: 202201 | C3: 7 | D3: 1 | E3: 02821601683560 | F3: 1202200000340 | G3: 20220413 | H3: R-016 | I3: 1271420129 | J3: 김재현 | K3: 20220330 | L3: 20220628 | M3: 0 | N3: 01 | O3: 11 | P3: 2 | Q3: 2022카단0030947 | R3: 310 | S3: 대구지방법원 | T3: 0282 | U3: 20220217 | Y3: 36360151 | Z3: 0 | AB3: 0 | AC3: 0 | AE3: 0 | AF3: 0 | AG3: 0 | AH3: 20220413 | AI3: R-016부동산가압류2022카단30947 | AJ3: 부동산가압류 | AL3: 2022카단0000063 | AM3: 2022카단63
A4: KB0 | B4: 202201 | C4: 7 | D4: 1 | E4: 06881604380051 | F4: 1202100002206 | G4: 20220413 | H4: S-004 | I4: 8007167424 | J4: 주식회사삼우태크 | K4: 20220330 | L4: 20220628 | M4: 0 | N4: 01 | O4: 11 | P4: 2 | Q4: 2021카단0205308 | R4: 212 | S4: 남부지방법원 | T4: 0688 | U4: 20211217 | Y4: 3669373536 | Z4: 0 | AB4: 0 | AC4: 0 | AE4: 0 | AF4: 0 | AG4: 0 | AH4: 20220413 | AI4: S-004부동산가압류2021카단205308 | AJ4: 부동산가압류 | AL4: 2022카단0030947 | AM4: 2022카단30947
A5: KB0 | B5: 202201 | C5: 7 | D5: 1 | E5: 06881604390434 | F5: 1202100002206 | G5: 20220413 | H5: S-004 | I5: 8007167424 | J5: 주식회사삼우태크 | K5: 20220330 | L5: 20220628 | M5: 0 | N5: 01 | O5: 11 | P5: 2 | Q5: 2021카단0205308 | R5: 212 | S5: 남부지방법원 | T5: 0688 | U5: 20211217 | Y5: 3669373536 | Z5: 0 | AB5: 0 | AC5: 0 | AE5: 0 | AF5: 0 | AG5: 0 | AH5: 20220413 | AI5: S-004부동산가압류2021카단205308 | AJ5: 부동산가압류 | AL5: 2021카단0000842 | AM5: 2021카단842
A6: KB0 | B6: 202201 | C6: 7 | D6: 1 | E6: 12631604195072 | F6: 1202200000438 | G6: 20220413 | H6: R-023 | I6: 1364372832 | J6: 전영희 | K6: 20220330 | L6: 20220628 | M6: 0 | N6: 01 | O6: 11 | P6: 2 | Q6: 2022카단0000376 | R6: 410 | S6: 부산지방법원 | T6: 8750 | U6: 20220318 | Y6: 98097478 | Z6: 0 | AB6: 0 | AC6: 0 | AE6: 0 | AF6: 0 | AG6: 0 | AH6: 20220413 | AI6: R-023부동산가압류2022카단376 | AJ6: 부동산가압류 | AL6: 2022카단0031611 | AM6: 2022카단31611
A7: KB0 | B7: 202201 | C7: 7 | D7: 1 | E7: 12631604258236 | F7: 1202200000438 | G7: 20220413 | H7: R-023 | I7: 1364372832 | J7: 전영희 | K7: 20220330 | L7: 20220628 | M7: 0 | N7: 01 | O7: 11 | P7: 2 | Q7: 2022카단0000376 | R7: 410 | S7: 부산지방법원 | T7: 8750 | U7: 20220318 | Y7: 98097478 | Z7: 0 | AB7: 0 | AC7: 0 | AE7: 0 | AF7: 0 | AG7: 0 | AH7: 20220413 | AI7: R-023부동산가압류2022카단376 | AJ7: 부동산가압류
A8: KB0 | B8: 202201 | C8: 7 | D8: 1 | E8: 12631604282709 | F8: 1202200000437 | G8: 20220413 | H8: R-023 | I8: 1364372832 | J8: 전영희 | K8: 20220330 | L8: 20220628 | M8: 0 | N8: 01 | O8: 11 | P8: 1 | R8: 410 | S8: 부산지방법원 | T8: 8750 | U8: 20220318 | Y8: 19126690 | Z8: 0 | AB8: 0 | AC8: 0 | AE8: 0 | AF8: 0 | AG8: 0 | AH8: 20220413 | AI8: R-023부동산가압류 | AJ8: 부동산가압류 | AL8: 2022카단0000376 | AM8: 2022카단376
A9: KB0 | B9: 202201 | C9: 7 | D9: 1 | E9: 12631604282709 | F9: 1202200000438 | G9: 20220413 | H9: R-023 | I9: 1364372832 | J9: 전영희 | K9: 20220330 | L9: 20220628 | M9: 0 | N9: 01 | O9: 11 | P9: 2 | Q9: 2022카단0000376 | R9: 410 | S9: 부산지방법원 | T9: 8750 | U9: 20220318 | Y9: 98097478 | Z9: 0 | AB9: 0 | AC9: 0 | AE9: 0 | AF9: 0 | AG9: 0 | AH9: 20220413 | AI9: R-023부동산가압류2022카단376 | AJ9: 부동산가압류 | AL9: 2021카단0050092 | AM9: 2021카단50092
A10: KB0 | B10: 202201 | C10: 7 | D10: 1 | E10: 17390104290728 | F10: 1202100001764 | G10: 20220413 | H10: R-037 | I10: 8017277477 | J10: （주）가온이앤씨 | K10: 20220330 | L10: 20220628 | M10: 0 | N10: 01 | O10: 11 | P10: 2 | Q10: 2021카단0001795 | R10: 240 | S10: 인천지방법원 | T10: 3496 | U10: 20211018 | Y10: 50748456 | Z10: 0 | AB10: 0 | AC10: 0 | AE10: 0 | AF10: 0 | AG10: 0 | AH10: 20220413 | AI10: R-037부동산가압류2021카단1795 | AJ10: 부동산가압류 | AL10: 2021카단0100262 | AM10: 2021카단100262
A11: KB0 | B11: 202201 | C11: 7 | D11: 1 | E11: 23491601397099 | F11: 1202200000532 | G11: 20220413 | H11: R-015 | I11: 1072127643 | J11: 한병삼 | K11: 20220330 | L11: 20220628 | M11: 0 | N11: 01 | O11: 13 | P11: 1 | R11: 310 | S11: 대구지방법원 | T11: 8747 | U11: 20220406 | Y11: 1178512392 | Z11: 0 | AB11: 0 | AC11: 0 | AE11: 0 | AF11: 0 | AG11: 0 | AH11: 20220413 | AI11: R-015채권가압류 | AJ11: 채권가압류 | AL11: 2021카단0001100 | AM11: 2021카단1100
A12: KB0 | B12: 202201 | C12: 7 | D12: 1 | E12: 23491601405943 | F12: 1202200000532 | G12: 20220413 | H12: R-015 | I12: 1072127643 | J12: 한병삼 | K12: 20220330 | L12: 20220628 | M12: 0 | N12: 01 | O12: 13 | P12: 1 | R12: 310 | S12: 대구지방법원 | T12: 8747 | U12: 20220406 | Y12: 1178512392 | Z12: 0 | AB12: 0 | AC12: 0 | AE12: 0 | AF12: 0 | AG12: 0 | AH12: 20220413 | AI12: R-015채권가압류 | AJ12: 채권가압류 | AL12: 2021카단0001795 | AM12: 2021카단1795
A13: KB0 | B13: 202201 | C13: 7 | D13: 1 | E13: 23491601426496 | F13: 1202200000532 | G13: 20220413 | H13: R-015 | I13: 1072127643 | J13: 한병삼 | K13: 20220330 | L13: 20220628 | M13: 0 | N13: 01 | O13: 13 | P13: 1 | R13: 310 | S13: 대구지방법원 | T13: 8747 | U13: 20220406 | Y13: 1178512392 | Z13: 0 | AB13: 0 | AC13: 0 | AE13: 0 | AF13: 0 | AG13: 0 | AH13: 20220413 | AI13: R-015채권가압류 | AJ13: 채권가압류 | AL13: 2022카단0030468 | AM13: 2022카단30468
A14: KB0 | B14: 202201 | C14: 7 | D14: 1 | E14: 23491601455427 | F14: 1202200000532 | G14: 20220413 | H14: R-015 | I14: 1072127643 | J14: 한병삼 | K14: 20220330 | L14: 20220628 | M14: 0 | N14: 01 | O14: 13 | P14: 1 | R14: 310 | S14: 대구지방법원 | T14: 8747 | U14: 20220406 | Y14: 1178512392 | Z14: 0 | AB14: 0 | AC14: 0 | AE14: 0 | AF14: 0 | AG14: 0 | AH14: 20220413 | AI14: R-015채권가압류 | AJ14: 채권가압류 | AL14: 2021카단0205308 | AM14: 2021카단205308
A15: KB0 | B15: 202201 | C15: 7 | D15: 1 | E15: 34960501602846 | F15: 1202200000214 | G15: 20220413 | H15: S-002 | I15: 7003946238 | J15: （주）코스온 | K15: 20220330 | L15: 20220628 | M15: 1 | N15: 01 | O15: 13 | P15: 2 | Q15: 2022카단0030468 | R15: 210 | S15: 중앙지방법원 | T15: 3496 | U15: 20220204 | Y15: 1970930465 | Z15: 0 | AB15: 0 | AC15: 0 | AE15: 0 | AF15: 0 | AG15: 0 | AH15: 20220413 | AI15: S-002채권가압류2022카단30468 | AJ15: 채권가압류 | AL15: 2021카단0000685 | AM15: 2021카단685
A16: KB0 | B16: 202201 | C16: 7 | D16: 1 | E16: 50651604531353 | F16: 1202100001756 | G16: 20220413 | H16: R-014 | I16: 1194869077 | J16: 강은경 | K16: 20220330 | L16: 20220628 | M16: 0 | N16: 01 | O16: 11 | P16: 2 | Q16: 2021카단0001654 | R16: 510 | S16: 광주지방법원 | T16: 8763 | U16: 20211015 | Y16: 142880888 | Z16: 0 | AB16: 0 | AC16: 0 | AE16: 0 | AF16: 0 | AG16: 0 | AH16: 20220413 | AI16: R-014부동산가압류2021카단1654 | AJ16: 부동산가압류
A17: KB0 | B17: 202201 | C17: 7 | D17: 1 | E17: 59601604075825 | F17: 1202200000458 | G17: 20220413 | H17: R-022 | I17: 1021578145 | J17: 김명성 | K17: 20220330 | L17: 20220628 | M17: 0 | N17: 01 | O17: 11 | P17: 2 | Q17: 2022카단0031611 | R17: 310 | S17: 대구지방법원 | T17: 8747 | U17: 20220323 | Y17: 393224065 | Z17: 0 | AB17: 0 | AC17: 0 | AE17: 0 | AF17: 0 | AG17: 0 | AH17: 20220413 | AI17: R-022부동산가압류2022카단31611 | AJ17: 부동산가압류
A18: KB0 | B18: 202201 | C18: 7 | D18: 1 | E18: 59601604083527 | F18: 1202200000458 | G18: 20220413 | H18: R-022 | I18: 1021578145 | J18: 김명성 | K18: 20220330 | L18: 20220628 | M18: 0 | N18: 01 | O18: 11 | P18: 2 | Q18: 2022카단0031611 | R18: 310 | S18: 대구지방법원 | T18: 8747 | U18: 20220323 | Y18: 393224065 | Z18: 0 | AB18: 0 | AC18: 0 | AE18: 0 | AF18: 0 | AG18: 0 | AH18: 20220413 | AI18: R-022부동산가압류2022카단31611 | AJ18: 부동산가압류
A19: KB0 | B19: 202201 | C19: 7 | D19: 1 | E19: 63781604356410 | F19: 1202200000537 | G19: 20220413 | H19: R-002 | I19: 7003372067 | J19: （주）화진정공 | K19: 20220330 | L19: 20220628 | M19: 0 | N19: 01 | O19: 11 | P19: 2 | Q19: 2022카단0000500 | R19: 310 | S19: 대구지방법원 | T19: 8747 | U19: 20220407 | Y19: 36189304 | Z19: 0 | AB19: 0 | AC19: 0 | AE19: 0 | AF19: 0 | AG19: 0 | AH19: 20220413 | AI19: R-002부동산가압류2022카단500 | AJ19: 부동산가압류
A20: KB0 | B20: 202201 | C20: 7 | D20: 1 | E20: 64971601407626 | F20: 1202100002179 | G20: 20220413 | H20: R-025 | I20: 8013039880 | J20: （주）씨앤디코퍼레이션 | K20: 20220330 | L20: 20220628 | M20: 0 | N20: 01 | O20: 11 | P20: 2 | Q20: 2021카단0100262 | R20: 250 | S20: 수원지방법원 | T20: 3496 | U20: 20211227 | Y20: 214460182 | Z20: 0 | AB20: 0 | AC20: 0 | AE20: 0 | AF20: 0 | AG20: 0 | AH20: 20220413 | AI20: R-025부동산가압류2021카단100262 | AJ20: 부동산가압류
A21: KB0 | B21: 202201 | C21: 7 | D21: 1 | E21: 64971601419665 | F21: 1202100002179 | G21: 20220413 | H21: R-025 | I21: 8013039880 | J21: （주）씨앤디코퍼레이션 | K21: 20220330 | L21: 20220628 | M21: 0 | N21: 01 | O21: 11 | P21: 2 | Q21: 2021카단0100262 | R21: 250 | S21: 수원지방법원 | T21: 3496 | U21: 20211227 | Y21: 214460182 | Z21: 0 | AB21: 0 | AC21: 0 | AE21: 0 | AF21: 0 | AG21: 0 | AH21: 20220413 | AI21: R-025부동산가압류2021카단100262 | AJ21: 부동산가압류
A22: KB0 | B22: 202201 | C22: 7 | D22: 1 | E22: 75841604148367 | F22: 1202100002016 | G22: 20220413 | H22: R-027 | I22: 1382262166 | J22: 김동욱 | K22: 20220330 | L22: 20220628 | M22: 0 | N22: 01 | O22: 11 | P22: 2 | Q22: 2021카단0001100 | R22: 212 | S22: 남부지방법원 | T22: 0400 | U22: 20211122 | Y22: 202997691 | Z22: 0 | AB22: 0 | AC22: 0 | AE22: 0 | AF22: 0 | AG22: 0 | AH22: 20220413 | AI22: R-027부동산가압류2021카단1100 | AJ22: 부동산가압류
A23: KB0 | B23: 202201 | C23: 7 | D23: 1 | E23: 76361604159882 | F23: 1202100001735 | G23: 20220413 | H23: R-024 | I23: 1094641971 | J23: 문용주 | K23: 20220330 | L23: 20220628 | M23: 0 | N23: 01 | O23: 11 | P23: 2 | Q23: 2021카단0050092 | R23: 807 | S23: 고양지원 | T23: 3496 | U23: 20211012 | Y23: 232490607 | Z23: 0 | AB23: 0 | AC23: 0 | AE23: 0 | AF23: 0 | AG23: 0 | AH23: 20220413 | AI23: R-024부동산가압류2021카단50092 | AJ23: 부동산가압류
A24: KB0 | B24: 202201 | C24: 7 | D24: 1 | E24: 89320500020120 | F24: 1202100001226 | G24: 20220413 | H24: S-014 | I24: 7012304395 | J24: （주）아이에프씨코리아 | K24: 20220330 | L24: 20220628 | M24: 1 | N24: 01 | O24: 11 | P24: 2 | Q24: 2021카단0000685 | R24: 212 | S24: 남부지방법원 | T24: 8932 | U24: 20210628 | Y24: 236687227 | Z24: 0 | AB24: 0 | AC24: 0 | AE24: 0 | AF24: 0 | AG24: 0 | AH24: 20220413 | AI24: S-014부동산가압류2021카단685 | AJ24: 부동산가압류
A25: KB0 | B25: 202201 | C25: 7 | D25: 1 | E25: 92901601305019 | F25: 1202200000442 | G25: 20220413 | H25: R-003 | I25: 8000836913 | J25: 정현에프엔지（주） | K25: 20220330 | L25: 20220628 | M25: 0 | N25: 01 | O25: 11 | P25: 2 | Q25: 2022카단0000063 | R25: 804 | S25: 남양주시법원 | T25: 3496 | U25: 20220310 | Y25: 35886437 | Z25: 0 | AB25: 0 | AC25: 0 | AE25: 0 | AF25: 0 | AG25: 0 | AH25: 20220413 | AI25: R-003부동산가압류2022카단63 | AJ25: 부동산가압류
A26: KB0 | B26: 202201 | C26: 7 | D26: 1 | E26: 96141601342265 | F26: 1202100002162 | G26: 20220413 | H26: R-020 | I26: 8004065618 | J26: （주）한주 | K26: 20220330 | L26: 20220628 | M26: 0 | N26: 01 | O26: 11 | P26: 2 | Q26: 2021카단0000842 | R26: 241 | S26: 부천지원 | T26: 3496 | U26: 20211223 | Y26: 177367561 | Z26: 0 | AB26: 0 | AC26: 0 | AE26: 0 | AF26: 0 | AG26: 0 | AH26: 20220413 | AI26: R-020부동산가압류2021카단842 | AJ26: 부동산가압류
A27: KB0 | B27: 202201 | C27: 7 | D27: 1 | E27: 96141601342294 | F27: 1202100002162 | G27: 20220413 | H27: R-020 | I27: 8004065618 | J27: （주）한주 | K27: 20220330 | L27: 20220628 | M27: 0 | N27: 01 | O27: 11 | P27: 2 | Q27: 2021카단0000842 | R27: 241 | S27: 부천지원 | T27: 3496 | U27: 20211223 | Y27: 177367561 | Z27: 0 | AB27: 0 | AC27: 0 | AE27: 0 | AF27: 0 | AG27: 0 | AH27: 20220413 | AI27: R-020부동산가압류2021카단842 | AJ27: 부동산가압류
A29: KB0 | B29: 202201 | C29: 7 | D29: 1 | E29: 04001604307124 | F29: 1202100002016 | G29: 20220413 | H29: R-027 | I29: 1382262166 | J29: 김동욱 | K29: 20220330 | L29: 20220628 | M29: 0 | N29: 01 | O29: 11 | P29: 2 | Q29: 2021카단0001100 | R29: 212 | S29: 남부지방법원 | T29: 0400 | U29: 20211122 | Y29: 202997691 | Z29: 0 | AB29: 0 | AC29: 0 | AE29: 0 | AF29: 0 | AG29: 0 | AH29: 20220413 | AI29: R-027부동산가압류2021카단1100 | AJ29: 부동산가압류 | AL29: 2022카단0000357 | AM29: 2022카단357 | AO29: 5/10 제외
A30: KB0 | B30: 202201 | C30: 7 | D30: 1 | E30: 04001604314957 | F30: 1202100002016 | G30: 20220413 | H30: R-027 | I30: 1382262166 | J30: 김동욱 | K30: 20220330 | L30: 20220628 | M30: 0 | N30: 01 | O30: 11 | P30: 2 | Q30: 2021카단0001100 | R30: 212 | S30: 남부지방법원 | T30: 0400 | U30: 20211122 | Y30: 202997691 | Z30: 0 | AB30: 0 | AC30: 0 | AE30: 0 | AF30: 0 | AG30: 0 | AH30: 20220413 | AI30: R-027부동산가압류2021카단1100 | AJ30: 부동산가압류 | AL30: 2021카단0001654 | AM30: 2021카단1654 | AO30: 5/10 제외
A31: KB0 | B31: 202201 | C31: 7 | D31: 1 | E31: 04001604315350 | F31: 1202100002016 | G31: 20220413 | H31: R-027 | I31: 1382262166 | J31: 김동욱 | K31: 20220330 | L31: 20220628 | M31: 0 | N31: 01 | O31: 11 | P31: 2 | Q31: 2021카단0001100 | R31: 212 | S31: 남부지방법원 | T31: 0400 | U31: 20211122 | Y31: 202997691 | Z31: 0 | AB31: 0 | AC31: 0 | AE31: 0 | AF31: 0 | AG31: 0 | AH31: 20220413 | AI31: R-027부동산가압류2021카단1100 | AJ31: 부동산가압류 | AO31: 5/10 제외

Sheet 관리자메일팩스_22
A3: 이름 | B3: 메일주소 | C3: fax
A4: 김성문 | B4: hifive@kbfg.com
A5: 김욱태 | B5: kwt18640@kbfg.com
A6: 김태욱 | B6: tae6402@kbfg.com | C6: 02-2073-5043
A7: 류이제 | B7: yijea.rou@kbfg.com | C7: 062-231-6594
A8: 박영주 | B8: iliad7@kbfg.com
A9: 박재흥 | B9: jaeheung.park@kbfg.com
A10: 서영호 | B10: sspecialseo@kbfg.com | C10: 050-2308-3639
A11: 안태혁 | B11: 6318ath@kbfg.com | C11: 050-2308-7696
A12: 오승환 | B12: seunghwan2.oh@kbfg.com | C12: 02-3156-9101
A13: 이종철 | B13: hyun9703@kbfg.com
A14: 이행술 | B14: hang1005@kbfg.com
A15: 임태인 | B15: kimlim2001@kbfg.com
A16: 정상호 | B16: 1121211@kbfg.com | C16: 051-250-1598
A17: 정오영 | B17: audtnr2@kbfg.com | C17: 050-2307-9641
A18: 조국현 | B18: 3139171@kbfg.com | C18: 050-2308-3041
A19: 조성덕 | B19: csd1120@kbfg.com | C19: 050-2308-7657
A20: 주영기 | B20: yki2020@kbfg.com | C20: 02-3156-9604
A21: 최주열 | B21: cjyp1116@kbfg.com
A22: 홍미화 | B22: hmh@kbfg.com
A23: 황상문 | B23: redcell2@kbfg.com | C23: 050-2308-5319

Sheet Sheet A(차주일반정보)
A2: KB 2024-5 Program
A3: Pool A+B | I3: 자산확정일 | J3: 45595
A4: Sheet A | I4: 적용환율(1 USD) | J4: 1383.1
A5: 차주일반정보
B7: 차주기본정보 | I7: 매각채권정보 | M7: 근저당권설정정보 | O7: 비고 | P7: 업데이트 정보
B8: ="Field "&COLUMN()-1 -> Field 1 | C8: ="Field "&COLUMN()-1-COUNTBLANK($B8:B$8) -> Field 2 | D8: ="Field "&COLUMN()-1-COUNTBLANK($B8:C$8) -> Field 3 | E8: ="Field "&COLUMN()-1-COUNTBLANK($B8:D$8) -> Field 4 | F8: ="Field "&COLUMN()-1-COUNTBLANK($B8:E$8) -> Field 5 | G8: ="Field "&COLUMN()-1-COUNTBLANK($B8:F$8) -> Field 6 | H8: ="Field "&COLUMN()-1-COUNTBLANK($B8:G$8) -> Field 7 | I8: ="Field "&COLUMN()-1-COUNTBLANK($B8:H$8) -> Field 8 | J8: ="Field "&COLUMN()-1-COUNTBLANK($B8:I$8) -> Field 9 | ... S8: ="Field "&COLUMN()-1-COUNTBLANK($B8:R$8) -> Field 18
B9: 일련번호 | C9: Pool | D9: 자산유형 | E9: 차주일련번호 | F9: 차주명 | G9: 관련차주 | H9: 차주형태 | I9: 대출원금잔액 | J9: 가지급금 | K9: 미상환원금잔액 | L9: 미수이자잔액 | M9: 환산후 근저당권설정액 | N9: 환산후 선순위 근저당권설정액 | O9: 비고 | P9: Data Disk I 수정된 필드 | Q9: Data Disk I 수정사항 | R9: Data Disk II 수정된 필드 | S9: Data Disk II 수정사항
B10: =ROW()-9 -> 1 | C10: A | D10: Regular | E10: R-001 | F10: 신*주 | H10: 개인사업자 | I10: 26841666682 | J10: 0 | K10: 26841666682 | L10: 96628409 | M10: 34753000000 | N10: 1540000000 | P10: Field 12 | Q10: 근저당권설정정보 | R10: Field 8,10,11 | S10: 채권정보
B11: =ROW()-9 -> 2 | C11: A | D11: Regular | E11: R-002 | F11: 신*호 | H11: 개인사업자 | I11: 11266607145 | J11: 0 | K11: 11266607145 | L11: 233566659 | M11: 13752000000 | N11: 14520000000 | P11: Field 12 | Q11: 근저당권설정정보
B12: =ROW()-9 -> 3 | C12: A | D12: Regular | E12: R-004 | F12: （주）씨***설 | H12: 법인 | I12: 9470000000 | J12: 0 | K12: 9470000000 | L12: 99789340 | M12: 11400000000 | N12: 0
B13: =ROW()-9 -> 4 | C13: A | D13: Regular | E13: R-006 | F13: （주）홍***속 | H13: 법인 | I13: 4800000000 | J13: 0 | K13: 4800000000 | L13: 49404324 | M13: 6250000000 | N13: 0
B14: =ROW()-9 -> 5 | C14: A | D14: Regular | E14: R-007 | F14: 김*식 | H14: 개인사업자 | I14: 4120000000 | J14: 0 | K14: 4120000000 | L14: 297199449 | M14: 4968000000 | N14: 0
B15: =ROW()-9 -> 6 | C15: A | D15: Regular | E15: R-008 | F15: 김*희 | G15: R-013 | H15: 개인사업자 | I15: 3971778760 | J15: 0 | K15: 3971778760 | L15: 86442264 | M15: 4850400000 | N15: 642200000
B16: =ROW()-9 -> 7 | C16: A | D16: Regular | E16: R-009 | F16: 김*수 | H16: 개인사업자 | I16: 2384249544 | J16: 0 | K16: 2384249544 | L16: 67093240 | M16: 4465000000 | N16: 294000000
B17: =ROW()-9 -> 8 | C17: A | D17: Regular | E17: R-010 | F17: 변*규 | H17: 개인사업자 | I17: 2793780212 | J17: 0 | K17: 2793780212 | L17: 34746620 | M17: 3403680000 | N17: 600000000
B18: =ROW()-9 -> 9 | C18: A | D18: Regular | E18: R-011 | F18: 이*호 | H18: 개인사업자 | I18: 2700000000 | J18: 0 | K18: 2700000000 | L18: 28283605 | M18: 3240000000 | N18: 0
B19: =ROW()-9 -> 10 | C19: A | D19: Regular | E19: R-012 | F19: （주）경**통 | H19: 법인 | I19: 1700000000 | J19: 0 | K19: 1700000000 | L19: 46838378 | M19: 2040000000 | N19: 0
B20: =ROW()-9 -> 11 | C20: A | D20: Regular | E20: R-013 | F20: 최*신 | G20: R-008 | H20: 개인사업자 | I20: 1370000000 | J20: 0 | K20: 1370000000 | L20: 36073519 | M20: 1607000000 | N20: 0
B21: =ROW()-9 -> 12 | C21: A | D21: Regular | E21: R-014 | F21: 김*희 | H21: 개인사업자 | I21: 1248000000 | J21: 0 | K21: 1248000000 | L21: 36604510 | M21: 1800000000 | N21: 0
B22: =ROW()-9 -> 13 | C22: A | D22: Regular | E22: R-015 | F22: 정*운 | H22: 개인사업자 | I22: 1231000000 | J22: 0 | K22: 1231000000 | L22: 17598314 | M22: 1459200000 | N22: 0
B23: =ROW()-9 -> 14 | C23: A | D23: Regular | E23: R-016 | F23: 김*헌 | H23: 개인사업자 | I23: 1143000000 | J23: 0 | K23: 1143000000 | L23: 35821194 | M23: 1351200000 | N23: 756000000
B24: =ROW()-9 -> 15 | C24: A | D24: Regular | E24: R-017 | F24: 서*석 | H24: 개인사업자 | I24: 942183887 | J24: 0 | K24: 942183887 | L24: 23623602 | M24: 1164000000 | N24: 120000000 | P24: Field 8,10,11 | Q24: 채권정보
B25: =ROW()-9 -> 16 | C25: A | D25: Regular | E25: R-018 | F25: 부****터주식회사 | R25: 전체 행 | S25: 차주제외
B26: =ROW()-9 -> 17 | C26: A | D26: Regular | E26: R-019 | F26: 신*빈 | H26: 개인사업자 | I26: 999000000 | J26: 0 | K26: 999000000 | L26: 18703525 | M26: 1198800000 | N26: 0
B27: =ROW()-9 -> 18 | C27: A | D27: Regular | E27: R-020 | F27: 이*형 | H27: 개인사업자 | I27: 980000000 | J27: 0 | K27: 980000000 | L27: 20859765 | M27: 1180800000 | N27: 0
B28: =ROW()-9 -> 19 | C28: A | D28: Regular | E28: R-021 | F28: 김*연 | H28: 개인사업자 | I28: 950000000 | J28: 0 | K28: 950000000 | L28: 13916230 | M28: 1140000000 | N28: 0
B29: =ROW()-9 -> 20 | C29: A | D29: Regular | E29: R-022 | F29: 윤*정 | H29: 개인사업자 | I29: 935000000 | J29: 0 | K29: 935000000 | L29: 26012328 | M29: 1128000000 | N29: 220770000
B30: =ROW()-9 -> 21 | C30: A | D30: Regular | E30: R-023 | F30: 임*영 | H30: 개인사업자 | I30: 921122259 | J30: 0 | K30: 921122259 | L30: 21701007 | M30: 1128000000 | N30: 0
B31: =ROW()-9 -> 22 | C31: A | D31: Regular | E31: R-024 | F31: 허* | P31: 전체 행 | Q31: 차주제외
B32: =ROW()-9 -> 23 | C32: A | D32: Regular | E32: R-025 | F32: 한*경 | H32: 개인사업자 | I32: 306910532 | J32: 0 | K32: 306910532 | L32: 6533489 | M32: 492000000 | N32: 0 | R32: Field 8,10,11,12 | S32: 채권정보
B33: =ROW()-9 -> 24 | C33: A | D33: Regular | E33: R-026 | F33: 한***피주식회사 | H33: 법인 | I33: 900000000 | J33: 0 | K33: 900000000 | L33: 28051778 | M33: 1080000000 | N33: 0
B34: =ROW()-9 -> 25 | C34: A | D34: Regular | E34: R-027 | F34: 박*철 | H34: 개인사업자 | I34: 900000000 | J34: 0 | K34: 900000000 | L34: 27923303 | M34: 1080000000 | N34: 0
B35: =ROW()-9 -> 26 | C35: A | D35: Regular | E35: R-028 | F35: 김*예 | H35: 개인사업자 | I35: 900000000 | J35: 0 | K35: 900000000 | L35: 30288012 | M35: 1080000000 | N35: 0
B36: =ROW()-9 -> 27 | C36: A | D36: Regular | E36: R-029 | F36: 이*심 | H36: 개인사업자 | I36: 898000000 | J36: 0 | K36: 898000000 | L36: 6167757 | M36: 958800000 | N36: 0
B37: =ROW()-9 -> 28 | C37: A | D37: Regular | E37: R-030 | F37: 최*규 | P37: 전체 행 | Q37: 차주제외
B38: =ROW()-9 -> 29 | C38: A | D38: Regular | E38: R-031 | F38: 안*환 | H38: 개인사업자 | I38: 860500000 | J38: 0 | K38: 860500000 | L38: 5142962 | M38: 1041600000 | N38: 240000000
B39: =ROW()-9 -> 30 | C39: A | D39: Regular | E39: R-032 | F39: 류*민 | H39: 개인사업자 | I39: 857166675 | J39: 0 | K39: 857166675 | L39: 11240606 | M39: 840000000 | N39: 0
B40: =ROW()-9 -> 31 | C40: A | D40: Regular | E40: R-033 | F40: 전*홍 | H40: 개인사업자 | I40: 850000000 | J40: 0 | K40: 850000000 | L40: 19508196 | M40: 1020000000 | N40: 0
B41: =ROW()-9 -> 32 | C41: A | D41: Regular | E41: R-034 | F41: 박*배 | H41: 개인사업자 | I41: 850000000 | J41: 0 | K41: 850000000 | L41: 8114997 | M41: 1020000000 | N41: 0
B42: =ROW()-9 -> 33 | C42: A | D42: Regular | E42: R-035 | F42: 표*돈 | H42: 개인사업자 | I42: 848000000 | J42: 0 | K42: 848000000 | L42: 33159395 | M42: 1110000000 | N42: 0
B43: =ROW()-9 -> 34 | C43: A | D43: Regular | E43: R-036 | F43: 연*동 | H43: 개인사업자 | I43: 844340188 | J43: 3193990 | K43: 847534178 | L43: 14847695 | M43: 1170000000 | N43: 0
B44: =ROW()-9 -> 35 | C44: A | D44: Regular | E44: R-037 | F44: （주）성**초 | H44: 법인 | I44: 845000000 | J44: 0 | K44: 845000000 | L44: 20832175 | M44: 1080000000 | N44: 0
B45: =ROW()-9 -> 36 | C45: A | D45: Regular | E45: R-038 | F45: 배*현 | H45: 개인사업자 | I45: 840000000 | J45: 0 | K45: 840000000 | L45: 11943169 | M45: 1008000000 | N45: 0
B46: =ROW()-9 -> 37 | C46: A | D46: Regular | E46: R-039 | F46: 임*자 | H46: 개인사업자 | I46: 795000000 | J46: 0 | K46: 795000000 | L46: 35236154 | M46: 954000000 | N46: 0
B47: =ROW()-9 -> 38 | C47: A | D47: Regular | E47: R-040 | F47: 이*성 | H47: 개인사업자 | I47: 795000000 | J47: 0 | K47: 795000000 | L47: 8167061 | M47: 954000000 | N47: 0
B48: =ROW()-9 -> 39 | C48: A | D48: Regular | E48: R-041 | F48: 이*서 | H48: 개인사업자 | I48: 785000000 | J48: 0 | K48: 785000000 | L48: 27445672 | M48: 942000000 | N48: 0
B49: =ROW()-9 -> 40 | C49: A | D49: Regular | E49: R-042 | F49: 장*희 | H49: 개인사업자 | I49: 783000000 | J49: 0 | K49: 783000000 | L49: 22760076 | M49: 940800000 | N49: 0
... B51: =ROW()-9 -> 42 | C51: A | D51: Regular | E51: R-044 | F51: 김*기 | H51: 개인사업자 | I51: 778000000 | J51: 0 | K51: 778000000 | L51: 25644939 | M51: 933600000 | N51: 0
B52: =ROW()-9 -> 43 | C52: A | D52: Regular | E52: R-045 | F52: 배*훈 | H52: 개인사업자 | I52: 765000000 | J52: 0 | K52: 765000000 | L52: 18269664 | M52: 900000000 | N52: 0 | O52: 1. 대구지방법원 2024개회252055 | R52: Field 14 | S52: 비고
B53: =ROW()-9 -> 44 | C53: A | D53: Regular | E53: R-046 | F53: 이*숙 | H53: 개인사업자 | I53: 760000000 | J53: 0 | K53: 760000000 | L53: 9604240 | M53: 912000000 | N53: 0
