Workbook

Sheet Description
A2: SHB 2025-8 Program
A4: Regular / Special Assets
A6: 목차
C8: 1. | D8: 차주일반
C9: 2. | D9: 매각대상채권
C10: 2-1. | D10: 이자정보 (추후 제공)
C11: 2-2. | D11: 가지급금 (추후 제공)
C12: 3. | D12: 담보물건
C13: 3-1. | D13: 담보지번
C14: 3-2. | D14: 설정순위
C15: 4. | D15: 회생차주 추가정보
C16: 5. | D16: 신용보증서 (추후 제공)
C17: 6. | D17: 소송 및 보전처분 (추후 제공)
C18: 7. | D18: 추가 가지급금 (추후 제공)
C19: 8. | D19: 회수 및 상계 (추후 제공)
A21: 주요 기일
C23: 자산확정일 | D23: 45771
A25: 적용 환율
C27: 자산확정일 기준 적용 환율
C28: USD | D28: 1426.6
C29: JPY | D29: 9.9703

Sheet Check List
A2: 차주일련번호 | B2: 차주명 | C2: Assign | D2: 물건종류 | E2: 물건 개수 | F2: 관리비 전화 | G2: 실거주 조정대상 | H2: 여신거래약정서 | I2: 근저당설정계약서 | J2: 감평서 | K2: 신용보증서 | L2: 사고통지서 | M2: 대위변제증서 | N2: 가지금금영수증 | O2: 경매열람자료 | P2: 등기부등본 | Q2: 낙찰사례 | R2: 인포케어 | S2: 낙찰일정 조정대상 | T2: 2차 DD update | U2: 제외여부
A3: R-0018 | B3: 윤** | C3: 문선영 | D3: 상가 (동일건물) | E3: 2 | H3: QA요청중 | I3: O | J3: O | K3: 해당없음 | L3: 해당없음 | M3: 해당없음 | N3: 해당없음 | O3: 해당없음 | P3: O | Q3: O | R3: O | U3: =IFERROR(VLOOKUP(A3,Sheet2!$A:$A,1,FALSE),) -> 0
A4: R-0020 | B4: (주)케******* | C4: 문선영 | D4: 매각제외 | O4: 해당없음 | U4: =IFERROR(VLOOKUP(A4,Sheet2!$A:$A,1,FALSE),) -> R-0020 | V4: 확인
A5: R-0023 | B5: 임** | C5: 문선영 | D5: 공장, 아파트 | E5: 2 | G5: 해당없음 | H5: O | I5: O | J5: O | K5: 해당없음 | L5: 해당없음 | M5: 해당없음 | N5: 해당없음 | O5: 해당없음 | P5: O | Q5: O | R5: O | U5: =IFERROR(VLOOKUP(A5,Sheet2!$A:$A,1,FALSE),) -> 0
A6: R-0024 | B6: 남** | C6: 문선영 | D6: 다세대(생활주택) | E6: 1 | G6: 해당없음 | H6: O | I6: O | J6: O | K6: 해당없음 | L6: 해당없음 | M6: 해당없음 | N6: 해당없음 | O6: 해당없음 | P6: O | Q6: O | R6: O | U6: =IFERROR(VLOOKUP(A6,Sheet2!$A:$A,1,FALSE),) -> 0
A7: R-0028 | B7: 조** | C7: 문선영 | D7: 매각제외 | O7: 해당없음 | U7: =IFERROR(VLOOKUP(A7,Sheet2!$A:$A,1,FALSE),) -> R-0028 | V7: 확인
A8: R-0029 | B8: (주)국***** | C8: 문선영 | D8: 근린시설 | E8: 1 | H8: O | I8: O | J8: O | K8: O | L8: QA요청중 | M8: QA요청중 | N8: 해당없음 | O8: 해당없음 | P8: O | Q8: O | R8: O | U8: =IFERROR(VLOOKUP(A8,Sheet2!$A:$A,1,FALSE),) -> 0
A9: R-0047 | B9: 주식회사 원**** | C9: 문선영 | D9: 아파트 | E9: 1 | G9: 해당없음 | H9: O | I9: O | J9: O | K9: 해당없음 | L9: 해당없음 | M9: 해당없음 | N9: 해당없음 | O9: 해당없음 | P9: O | Q9: O | R9: O | U9: =IFERROR(VLOOKUP(A9,Sheet2!$A:$A,1,FALSE),) -> 0
A10: R-0053 | B10: 송** | C10: 문선영 | D10: 아파트형공장(상가) | E10: 1 | H10: O | I10: O | J10: O | K10: 해당없음 | L10: 해당없음 | M10: 해당없음 | N10: 해당없음 | O10: 해당없음 | P10: O | Q10: O | R10: O | U10: =IFERROR(VLOOKUP(A10,Sheet2!$A:$A,1,FALSE),) -> 0
A11: R-0054 | B11: 전** | C11: 문선영 | D11: 아파트 | E11: 1 | G11: 해당없음 | H11: O | I11: O | J11: O | K11: 해당없음 | L11: 해당없음 | M11: 해당없음 | N11: 해당없음 | O11: 해당없음 | P11: O | Q11: O | R11: O | U11: =IFERROR(VLOOKUP(A11,Sheet2!$A:$A,1,FALSE),) -> 0
A12: R-0057 | B12: 최** | C12: 문선영 | D12: 상가 | E12: 1 | H12: O | I12: O | J12: O | K12: 해당없음 | L12: 해당없음 | M12: 해당없음 | N12: 해당없음 | O12: 해당없음 | P12: O | Q12: O | R12: O | U12: =IFERROR(VLOOKUP(A12,Sheet2!$A:$A,1,FALSE),) -> 0
A13: R-0059 | B13: (주)아****** | C13: 문선영 | D13: 아파트 | E13: 1 | G13: 해당없음 | H13: O | I13: O | J13: O | K13: 해당없음 | L13: 해당없음 | M13: 해당없음 | N13: 해당없음 | O13: 해당없음 | P13: O | Q13: O | R13: O | U13: =IFERROR(VLOOKUP(A13,Sheet2!$A:$A,1,FALSE),) -> 0
A14: R-0063 | B14: (주)화****** | C14: 문선영 | D14: 단독주택 | E14: 1 | G14: 해당없음 | H14: O | I14: O | J14: O | K14: 해당없음 | L14: 해당없음 | M14: 해당없음 | N14: 해당없음 | O14: 해당없음 | P14: O | Q14: O | R14: O | U14: =IFERROR(VLOOKUP(A14,Sheet2!$A:$A,1,FALSE),) -> 0
A15: R-0064 | B15: 전** | C15: 문선영 | D15: 매각제외 | H15: O | I15: O | J15: O | K15: 해당없음 | L15: 해당없음 | M15: 해당없음 | N15: 해당없음 | O15: 해당없음 | P15: O | Q15: O | R15: O | U15: =IFERROR(VLOOKUP(A15,Sheet2!$A:$A,1,FALSE),) -> R-0064 | V15: 확인
A16: R-0070 | B16: 땅****농업회사법인(유) | C16: 문선영 | D16: 공장 | E16: 1 | H16: O | I16: O | J16: O | K16: O | L16: QA 요청중 | M16: QA 요청중 | N16: 해당없음 | O16: 해당없음 | P16: O | Q16: O | R16: O | U16: =IFERROR(VLOOKUP(A16,Sheet2!$A:$A,1,FALSE),) -> 0
A17: R-0072 | B17: 최** | C17: 문선영 | D17: 근린시설 | E17: 1 | H17: QA 요청중 | I17: O | J17: O | K17: 해당없음 | L17: 해당없음 | M17: 해당없음 | N17: 해당없음 | O17: 확인 | P17: O | Q17: O | R17: O | U17: =IFERROR(VLOOKUP(A17,Sheet2!$A:$A,1,FALSE),) -> 0
A18: R-0073 | B18: 김** | C18: 문선영 | D18: 아파트 | E18: 1 | G18: 해당없음 | H18: O | I18: O | J18: O | K18: 해당없음 | L18: 해당없음 | M18: 해당없음 | N18: 해당없음 | O18: 확인 | P18: O | Q18: O | R18: O | U18: =IFERROR(VLOOKUP(A18,Sheet2!$A:$A,1,FALSE),) -> 0
A19: R-0077 | B19: 김** | C19: 문선영 | D19: 다세대 (동일건물) | E19: 2 | G19: 해당없음 | H19: O | I19: O | J19: O | K19: 해당없음 | L19: 해당없음 | M19: 해당없음 | N19: 해당없음 | O19: 해당없음 | P19: O | Q19: O | R19: O | U19: =IFERROR(VLOOKUP(A19,Sheet2!$A:$A,1,FALSE),) -> 0
A20: R-0078 | B20: 이** | C20: 문선영 | D20: 아파트형공장 (동일건물) | E20: 2 | H20: O | I20: O | J20: O | K20: 해당없음 | L20: 해당없음 | M20: 해당없음 | N20: 해당없음 | O20: 해당없음 | P20: O | Q20: O | R20: O | U20: =IFERROR(VLOOKUP(A20,Sheet2!$A:$A,1,FALSE),) -> 0
A21: R-0082 | B21: (주)누*** | C21: 문선영 | D21: 아파트 | E21: 1 | G21: 해당없음 | H21: O | I21: O | J21: O | K21: 해당없음 | L21: 해당없음 | M21: 해당없음 | N21: 해당없음 | O21: 확인 | P21: O | Q21: O | R21: O | U21: =IFERROR(VLOOKUP(A21,Sheet2!$A:$A,1,FALSE),) -> 0
A22: R-0084 | B22: 김** | C22: 문선영 | D22: 아파트 | E22: 1 | G22: 해당없음 | H22: O | I22: O | J22: O | K22: 해당없음 | L22: 해당없음 | M22: 해당없음 | N22: 해당없음 | O22: 해당없음 | P22: O | Q22: O | R22: O | U22: =IFERROR(VLOOKUP(A22,Sheet2!$A:$A,1,FALSE),) -> 0
A23: R-0087 | B23: 이** | C23: 문선영 | D23: 다세대 | E23: 1 | G23: 주담대+9 | H23: O | I23: O | J23: O | K23: 해당없음 | L23: 해당없음 | M23: 해당없음 | N23: 해당없음 | O23: 해당없음 | P23: O | Q23: O | R23: O | U23: =IFERROR(VLOOKUP(A23,Sheet2!$A:$A,1,FALSE),) -> 0
A24: R-0089 | B24: 김* | C24: 문선영 | D24: 아파트 | E24: 1 | G24: 주담대+9 | H24: O | I24: O | J24: O | K24: 해당없음 | L24: 해당없음 | M24: 해당없음 | N24: 해당없음 | O24: 해당없음 | P24: O | Q24: O | R24: O | U24: =IFERROR(VLOOKUP(A24,Sheet2!$A:$A,1,FALSE),) -> 0
A25: R-0097 | B25: (주)일*** | C25: 문선영 | D25: 공장 | E25: 1 | H25: O | I25: O | J25: O | K25: 해당없음 | L25: 해당없음 | M25: 해당없음 | N25: 해당없음 | O25: 해당없음 | P25: O | Q25: O | R25: O | U25: =IFERROR(VLOOKUP(A25,Sheet2!$A:$A,1,FALSE),) -> 0
A26: R-0101 | B26: 윤** | C26: 문선영 | D26: 매각제외 | U26: =IFERROR(VLOOKUP(A26,Sheet2!$A:$A,1,FALSE),) -> R-0101 | V26: 확인
A27: R-0103 | B27: 김** | C27: 문선영 | D27: 주상복합(아파트) | E27: 1 | G27: 해당없음 | H27: O | I27: O | J27: O | K27: 해당없음 | L27: 해당없음 | M27: 해당없음 | N27: 해당없음 | O27: 해당없음 | P27: O | Q27: O | R27: O | U27: =IFERROR(VLOOKUP(A27,Sheet2!$A:$A,1,FALSE),) -> 0
A28: R-0110 | B28: P*** ****** | C28: 문선영 | D28: 아파트 | E28: 1 | G28: 해당없음 | H28: O | I28: O | J28: O | K28: 해당없음 | L28: 해당없음 | M28: 해당없음 | N28: 해당없음 | O28: 해당없음 | P28: O | Q28: O | R28: O | U28: =IFERROR(VLOOKUP(A28,Sheet2!$A:$A,1,FALSE),) -> 0
A29: R-0113 | B29: 정** | C29: 문선영 | D29: 아파트 | E29: 1 | G29: 주담대+9 | H29: O | I29: O | J29: O | K29: 해당없음 | L29: 해당없음 | M29: 해당없음 | N29: 해당없음 | O29: 해당없음 | P29: O | Q29: O | R29: O | U29: =IFERROR(VLOOKUP(A29,Sheet2!$A:$A,1,FALSE),) -> 0
A30: R-0115 | B30: 조** | C30: 문선영 | D30: 아파트 | E30: 1 | G30: 해당없음 | H30: O | I30: O | J30: O | K30: 해당없음 | L30: 해당없음 | M30: 해당없음 | N30: 해당없음 | O30: 확인 | P30: O | Q30: O | R30: O | U30: =IFERROR(VLOOKUP(A30,Sheet2!$A:$A,1,FALSE),) -> 0
A31: R-0116 | B31: 김** | C31: 문선영 | D31: 아파트 | E31: 1 | G31: 주담대+9 | H31: O | I31: O | J31: O | K31: 해당없음 | L31: 해당없음 | M31: 해당없음 | N31: 해당없음 | O31: 해당없음 | P31: O | Q31: O | R31: O | U31: =IFERROR(VLOOKUP(A31,Sheet2!$A:$A,1,FALSE),) -> 0
A32: R-0118 | B32: 장** | C32: 문선영 | D32: 다세대(생활주택) | E32: 1 | G32: 주담대+9 | H32: O | I32: O | J32: O | K32: 해당없음 | L32: 해당없음 | M32: 해당없음 | N32: 해당없음 | O32: 해당없음 | P32: O | Q32: O | R32: O | U32: =IFERROR(VLOOKUP(A32,Sheet2!$A:$A,1,FALSE),) -> 0
A33: R-0120 | B33: 이** | C33: 문선영 | D33: 아파트 | E33: 1 | G33: 주담대+9 | H33: O | I33: O | J33: O | K33: 해당없음 | L33: 해당없음 | M33: 해당없음 | N33: 해당없음 | O33: 해당없음 | P33: O | Q33: O | R33: O | U33: =IFERROR(VLOOKUP(A33,Sheet2!$A:$A,1,FALSE),) -> 0
A34: R-0121 | B34: 서** | C34: 문선영 | D34: 아파트 | E34: 1 | G34: 주담대+9 | H34: QA 요청중 | I34: O | J34: O | K34: QA 요청중 | L34: QA 요청중 | M34: QA 요청중 | N34: 해당없음 | O34: 해당없음 | P34: O | Q34: O | R34: O | U34: =IFERROR(VLOOKUP(A34,Sheet2!$A:$A,1,FALSE),) -> 0
A35: R-0125 | B35: 임** | C35: 문선영 | D35: 아파트 | E35: 1 | G35: 해당없음 | H35: O | I35: O | J35: O | K35: 해당없음 | L35: 해당없음 | M35: 해당없음 | N35: 해당없음 | O35: 해당없음 | P35: O | Q35: O | R35: O | U35: =IFERROR(VLOOKUP(A35,Sheet2!$A:$A,1,FALSE),) -> 0
A36: R-0127 | B36: 김** | C36: 문선영 | D36: 아파트 | E36: 1 | G36: 주담대+9 | H36: O | I36: O | J36: O | K36: 해당없음 | L36: 해당없음 | M36: 해당없음 | N36: 해당없음 | O36: 해당없음 | P36: O | Q36: O | R36: O | U36: =IFERROR(VLOOKUP(A36,Sheet2!$A:$A,1,FALSE),) -> 0
A37: R-0128 | B37: 이** | C37: 문선영 | D37: 단독주택 | E37: 1 | G37: 해당없음 | H37: QA 요청중 | I37: O | J37: O | K37: 해당없음 | L37: 해당없음 | M37: 해당없음 | N37: 해당없음 | O37: 해당없음 | P37: O | Q37: O | R37: O | U37: =IFERROR(VLOOKUP(A37,Sheet2!$A:$A,1,FALSE),) -> 0
A38: R-0133 | B38: 김** | C38: 문선영 | D38: 아파트 | E38: 1 | G38: 해당없음 | H38: O | I38: O | J38: O | K38: 해당없음 | L38: 해당없음 | M38: 해당없음 | N38: 해당없음 | O38: 확인 | P38: O | Q38: O | R38: O | U38: =IFERROR(VLOOKUP(A38,Sheet2!$A:$A,1,FALSE),) -> 0
... A43: R-0146 | B43: 운** | C43: 문선영 | D43: 아파트 | E43: 1 | G43: 해당없음 | H43: O | I43: O | J43: O | K43: 해당없음 | L43: 해당없음 | M43: 해당없음 | N43: 해당없음 | O43: 확인 | P43: O | Q43: O | R43: O | U43: =IFERROR(VLOOKUP(A43,Sheet2!$A:$A,1,FALSE),) -> 0
A44: R-0151 | B44: 김** | C44: 문선영 | D44: 매각제외 | H44: O | I44: O | J44: O | K44: 해당없음 | L44: 해당없음 | M44: 해당없음 | N44: 해당없음 | O44: 확인 | P44: O | Q44: O | R44: O | U44: =IFERROR(VLOOKUP(A44,Sheet2!$A:$A,1,FALSE),) -> R-0151 | V44: 확인
A45: R-0154 | B45: 최** | C45: 문선영 | D45: 아파트 | E45: 1 | G45: 해당없음 | H45: O | I45: O | J45: O | K45: 해당없음 | L45: 해당없음 | M45: 해당없음 | N45: 해당없음 | O45: 확인 | P45: O | Q45: O | R45: O | U45: =IFERROR(VLOOKUP(A45,Sheet2!$A:$A,1,FALSE),) -> 0
A46: R-0156 | B46: 유** | C46: 문선영 | D46: 대지 | E46: 1 | H46: O | I46: O | J46: O | K46: 해당없음 | L46: 해당없음 | M46: 해당없음 | N46: 해당없음 | O46: 해당없음 | P46: O | Q46: O | R46: O | U46: =IFERROR(VLOOKUP(A46,Sheet2!$A:$A,1,FALSE),) -> 0
A47: R-0159 | B47: 최** | C47: 문선영 | D47: 매각제외 | H47: O | I47: O | J47: O | K47: 해당없음 | L47: 해당없음 | M47: 해당없음 | N47: 해당없음 | O47: 해당없음 | P47: O | Q47: O | R47: O | U47: =IFERROR(VLOOKUP(A47,Sheet2!$A:$A,1,FALSE),) -> R-0159 | V47: 확인
A48: R-0169 | B48: 이** | C48: 문선영 | D48: 아파트 | E48: 1 | G48: 해당없음 | H48: O | I48: O | J48: O | K48: 해당없음 | L48: 해당없음 | M48: 해당없음 | N48: 해당없음 | O48: 해당없음 | P48: O | Q48: O | R48: O | U48: =IFERROR(VLOOKUP(A48,Sheet2!$A:$A,1,FALSE),) -> 0
A49: R-0172 | B49: 구** | C49: 문선영 | D49: 전 | E49: 1 | H49: O | I49: O | J49: O | K49: 해당없음 | L49: 해당없음 | M49: 해당없음 | N49: 해당없음 | O49: 해당없음 | P49: O | Q49: O | R49: O | U49: =IFERROR(VLOOKUP(A49,Sheet2!$A:$A,1,FALSE),) -> 0
A50: R-0176 | B50: 문** | C50: 문선영 | D50: 아파트 | E50: 1 | G50: 주담대+9 | H50: O | I50: O | J50: O | K50: 해당없음 | L50: 해당없음 | M50: 해당없음 | N50: 해당없음 | O50: 해당없음 | P50: O | Q50: O | R50: O | U50: =IFERROR(VLOOKUP(A50,Sheet2!$A:$A,1,FALSE),) -> 0
A51: R-0179 | B51: 신** | C51: 문선영 | D51: 다세대 | E51: 1 | G51: 주담대+9 | H51: O | I51: QA 요청중 | J51: O | K51: 해당없음 | L51: 해당없음 | M51: 해당없음 | N51: 해당없음 | O51: 해당없음 | P51: O | Q51: O | R51: O | U51: =IFERROR(VLOOKUP(A51,Sheet2!$A:$A,1,FALSE),) -> 0
A52: R-0189 | B52: 이** | C52: 문선영 | D52: 주상복합(아파트) | E52: 1 | G52: 해당없음 | H52: QA 요청중 | I52: O | J52: O | K52: 해당없음 | L52: 해당없음 | M52: 해당없음 | N52: 해당없음 | O52: 해당없음 | P52: O | Q52: O | R52: O | U52: =IFERROR(VLOOKUP(A52,Sheet2!$A:$A,1,FALSE),) -> 0
A53: R-0194 | B53: 하** | C53: 문선영 | D53: 매각제외 | U53: =IFERROR(VLOOKUP(A53,Sheet2!$A:$A,1,FALSE),) -> R-0194 | V53: 확인
A54: R-0202 | B54: 심** | C54: 문선영 | D54: 아파트 | E54: 1 | G54: 해당없음 | H54: O | I54: O | J54: O | K54: 해당없음 | L54: 해당없음 | M54: 해당없음 | N54: 해당없음 | O54: 확인 | P54: O | Q54: O | R54: O | U54: =IFERROR(VLOOKUP(A54,Sheet2!$A:$A,1,FALSE),) -> 0
A55: R-0203 | B55: 박** | C55: 문선영 | D55: 매각제외 | H55: O | I55: O | J55: O | K55: 해당없음 | L55: 해당없음 | M55: 해당없음 | N55: 해당없음 | O55: 해당없음 | P55: O | Q55: O | R55: O | U55: =IFERROR(VLOOKUP(A55,Sheet2!$A:$A,1,FALSE),) -> R-0203 | V55: 확인
A56: R-0211 | B56: 박** | C56: 문선영 | D56: 단독주택 | E56: 1 | G56: 해당없음 | H56: O | I56: O | J56: O | K56: 해당없음 | L56: 해당없음 | M56: 해당없음 | N56: QA 요청중 | O56: 확인 | P56: O | Q56: O | R56: O | U56: =IFERROR(VLOOKUP(A56,Sheet2!$A:$A,1,FALSE),) -> 0
A57: R-0213 | B57: 이** | C57: 문선영 | D57: 아파트, 아파트 | E57: 2 | G57: 물건1 일반대+8 | H57: O | I57: O | J57: O | K57: 해당없음 | L57: 해당없음 | M57: 해당없음 | N57: 해당없음 | O57: 해당없음 | P57: O | Q57: O | R57: O | U57: =IFERROR(VLOOKUP(A57,Sheet2!$A:$A,1,FALSE),) -> 0
A58: R-0215 | B58: 변** | C58: 문선영 | D58: 아파트 | E58: 1 | G58: 주담대+9 | H58: O | I58: O | J58: O | K58: 해당없음 | L58: 해당없음 | M58: 해당없음 | N58: 해당없음 | O58: 해당없음 | P58: O | Q58: O | R58: O | U58: =IFERROR(VLOOKUP(A58,Sheet2!$A:$A,1,FALSE),) -> 0
A59: R-0224 | B59: 최** | C59: 문선영 | D59: 아파트상가 | E59: 1 | H59: O | I59: O | J59: O | K59: 해당없음 | L59: 해당없음 | M59: 해당없음 | N59: 해당없음 | O59: 해당없음 | P59: O | Q59: O | R59: O | U59: =IFERROR(VLOOKUP(A59,Sheet2!$A:$A,1,FALSE),) -> 0
A60: R-0225 | B60: 천** | C60: 문선영 | D60: 아파트 | E60: 1 | G60: 해당없음 | H60: O | I60: O | J60: O | K60: 해당없음 | L60: 해당없음 | M60: 해당없음 | N60: 해당없음 | O60: 해당없음 | P60: O | Q60: O | R60: O | U60: =IFERROR(VLOOKUP(A60,Sheet2!$A:$A,1,FALSE),) -> 0
A61: R-0228 | B61: 송** | C61: 문선영 | D61: 매각제외 | E61: 1 | G61: 해당없음 | H61: O | I61: O | J61: O | K61: 해당없음 | L61: 해당없음 | M61: 해당없음 | N61: 해당없음 | O61: 해당없음 | P61: O | Q61: O | R61: O | U61: =IFERROR(VLOOKUP(A61,Sheet2!$A:$A,1,FALSE),) -> R-0228 | V61: 확인
A62: R-0232 | B62: 김** | C62: 문선영 | D62: 아파트 | E62: 1 | G62: 해당없음 | H62: O | I62: O | J62: O | K62: 해당없음 | L62: 해당없음 | M62: 해당없음 | N62: 해당없음 | O62: 해당없음 | P62: O | Q62: O | R62: O | U62: =IFERROR(VLOOKUP(A62,Sheet2!$A:$A,1,FALSE),) -> 0
A63: R-0247 | B63: 권** | C63: 문선영 | D63: 아파트 | E63: 1 | G63: 해당없음 | H63: O | I63: O | J63: O | K63: 해당없음 | L63: 해당없음 | M63: 해당없음 | N63: 해당없음 | O63: 확인 | P63: O | Q63: O | R63: O | U63: =IFERROR(VLOOKUP(A63,Sheet2!$A:$A,1,FALSE),) -> 0
A64: R-0258 | B64: 이** | C64: 문선영 | D64: 아파트 | E64: 1 | G64: 해당없음 | H64: O | I64: O | J64: O | K64: 해당없음 | L64: 해당없음 | M64: 해당없음 | N64: 해당없음 | O64: 확인 | P64: O | Q64: O | R64: O | U64: =IFERROR(VLOOKUP(A64,Sheet2!$A:$A,1,FALSE),) -> 0
A65: R-0281 | B65: 허** | C65: 문선영 | D65: 아파트 | E65: 1 | G65: 해당없음 | H65: O | I65: O | J65: O | K65: 해당없음 | L65: 해당없음 | M65: 해당없음 | N65: 해당없음 | O65: 확인 | P65: O | Q65: O | R65: O | U65: =IFERROR(VLOOKUP(A65,Sheet2!$A:$A,1,FALSE),) -> 0
A66: R-0282 | B66: 정** | C66: 문선영 | D66: 매각제외 | E66: 1 | G66: 주담대+9 | H66: O | I66: O | J66: O | K66: 해당없음 | L66: 해당없음 | M66: 해당없음 | N66: 해당없음 | O66: 확인 | P66: O | Q66: O | R66: O | U66: =IFERROR(VLOOKUP(A66,Sheet2!$A:$A,1,FALSE),) -> 0
A67: S-0007 | B67: 고** | C67: 문선영 | D67: 아파트 | E67: 1 | G67: 해당없음 | O67: 회생자료 확인 | U67: =IFERROR(VLOOKUP(A67,Sheet2!$A:$A,1,FALSE),) -> 0
A68: S-0009 | B68: 이** | C68: 문선영 | D68: 아파트 | E68: 1 | G68: 일반대+8 | H68: QA 요청중 | I68: O | J68: O | K68: 해당없음 | L68: 해당없음 | M68: 해당없음 | N68: 해당없음 | O68: 회생자료 확인 | P68: O | Q68: O | R68: O | U68: =IFERROR(VLOOKUP(A68,Sheet2!$A:$A,1,FALSE),) -> 0
A69: S-0011 | B69: (주)자***** | C69: 문선영 | D69: 아파트형공장, 아파트 | E69: 2 | G69: 해당없음 | H69: QA 요청중 | I69: O | J69: O | K69: QA요청중 | L69: QA요청중 | M69: QA요청중 | N69: 해당없음 | O69: 회생자료 확인 | P69: O | Q69: O | R69: O | U69: =IFERROR(VLOOKUP(A69,Sheet2!$A:$A,1,FALSE),) -> 0
A70: R-1020 | B70: 주식회사 케****(K** CO.LTD.) | C70: 문선영 | D70: 공장 | E70: 1 | H70: O | I70: O | J70: O | K70: O | L70: QA요청중 | M70: QA요청중 | N70: 확인 | O70: 해당없음 | P70: O | Q70: O | R70: O | U70: =IFERROR(VLOOKUP(A70,Sheet2!$A:$A,1,FALSE),) -> 0
A71: R-1026 | B71: 유** | C71: 문선영 | D71: 공장, 아파트 | E71: 2 | G71: 물건2 주담대+9 | H71: O | I71: O | J71: O | K71: 해당없음 | L71: 해당없음 | M71: 해당없음 | N71: 해당없음 | O71: 해당없음 | P71: O | Q71: O | R71: O | U71: =IFERROR(VLOOKUP(A71,Sheet2!$A:$A,1,FALSE),) -> 0
A72: R-1027 | B72: 허** | C72: 문선영 | D72: 공장, 아파트 | E72: 2 | G72: 차주사망, 일반대+8 | H72: O | I72: O | J72: O | K72: 해당없음 | L72: 해당없음 | M72: 해당없음 | N72: 해당없음 | O72: 해당없음 | P72: O | Q72: O | R72: O | U72: =IFERROR(VLOOKUP(A72,Sheet2!$A:$A,1,FALSE),) -> 0
A73: R-1031 | B73: 비****** 주식회사 B* ********** | C73: 문선영 | D73: 매각제외 | E73: 2 | G73: 해당없음 | H73: O | I73: O | J73: O | K73: 해당없음 | L73: 해당없음 | M73: 해당없음 | N73: 해당없음 | O73: 해당없음 | P73: O | Q73: O | R73: O | U73: =IFERROR(VLOOKUP(A73,Sheet2!$A:$A,1,FALSE),) -> R-1031 | V73: 확인
A74: R-1032 | B74: (주)더***** | C74: 문선영 | D74: 다세대(생활주택), 단독주택 | E74: 2 | H74: O | I74: O | J74: O | K74: 해당없음 | L74: 해당없음 | M74: 해당없음 | N74: 해당없음 | O74: 해당없음 | P74: O | Q74: O | R74: O | U74: =IFERROR(VLOOKUP(A74,Sheet2!$A:$A,1,FALSE),) -> 0
A75: R-1035 | B75: (주)에*** | C75: 문선영 | D75: 공장 | E75: 1 | H75: O | I75: O | J75: O | K75: O | L75: QA요청중 | M75: QA요청중 | N75: 해당없음 | O75: 해당없음 | P75: O | Q75: O | R75: O | U75: =IFERROR(VLOOKUP(A75,Sheet2!$A:$A,1,FALSE),) -> 0
A76: R-1036 | B76: 정** | C76: 문선영 | D76: 상가 | E76: 1 | H76: O | I76: O | J76: O | K76: 해당없음 | L76: 해당없음 | M76: 해당없음 | N76: 해당없음 | O76: 해당없음 | P76: O | Q76: O | R76: O | U76: =IFERROR(VLOOKUP(A76,Sheet2!$A:$A,1,FALSE),) -> 0
A77: R-1037 | B77: (주)삼***** | C77: 문선영 | D77: 매각제외 | E77: 1 | H77: O | I77: O | J77: O | K77: 해당없음 | L77: 해당없음 | M77: 해당없음 | N77: 해당없음 | O77: 해당없음 | P77: O | Q77: O | R77: O | U77: =IFERROR(VLOOKUP(A77,Sheet2!$A:$A,1,FALSE),) -> R-1037 | V77: 확인
A78: R-1040 | B78: (주)타*** | C78: 문선영 | D78: 아파트 | E78: 1 | G78: 해당없음 | H78: O | I78: O | J78: O | K78: 해당없음 | L78: 해당없음 | M78: 해당없음 | N78: 해당없음 | O78: 해당없음 | P78: O | Q78: O | R78: O | U78: =IFERROR(VLOOKUP(A78,Sheet2!$A:$A,1,FALSE),) -> 0
A79: R-1041 | B79: 이** | C79: 문선영 | D79: 다세대 | E79: 1 | H79: O | I79: O | J79: O | K79: 해당없음 | L79: 해당없음 | M79: 해당없음 | N79: 해당없음 | O79: 해당없음 | P79: O | Q79: O | R79: O | U79: =IFERROR(VLOOKUP(A79,Sheet2!$A:$A,1,FALSE),) -> 0
A80: R-1042 | B80: 남** | C80: 문선영 | D80: 근린시설 | E80: 1 | H80: O | I80: O | J80: O | K80: 해당없음 | L80: 해당없음 | M80: 해당없음 | N80: 해당없음 | O80: 해당없음 | P80: O | Q80: O | R80: O | U80: =IFERROR(VLOOKUP(A80,Sheet2!$A:$A,1,FALSE),) -> 0
A81: R-1054 | B81: (주)엔***** | C81: 문선영 | D81: 아파트 | E81: 1 | G81: 해당없음 | H81: O | I81: O | J81: O | K81: 해당없음 | L81: 해당없음 | M81: 해당없음 | N81: 해당없음 | O81: 해당없음 | P81: O | Q81: O | R81: O | U81: =IFERROR(VLOOKUP(A81,Sheet2!$A:$A,1,FALSE),) -> 0
A82: R-1068 | B82: 유** | C82: 문선영 | D82: 아파트 | E82: 1 | G82: 해당없음 | H82: O | I82: QA 요청중 | J82: O | K82: 해당없음 | L82: 해당없음 | M82: 해당없음 | N82: 해당없음 | O82: 해당없음 | P82: O | Q82: O | R82: O | U82: =IFERROR(VLOOKUP(A82,Sheet2!$A:$A,1,FALSE),) -> 0
A83: R-1071 | B83: 주식회사 유*** | C83: 문선영 | D83: 아파트형공장 | E83: 1 | H83: O | I83: O | J83: O | K83: 해당없음 | L83: 해당없음 | M83: 해당없음 | N83: 해당없음 | O83: 해당없음 | P83: O | Q83: O | R83: O | U83: =IFERROR(VLOOKUP(A83,Sheet2!$A:$A,1,FALSE),) -> 0
A84: R-1074 | B84: 박** | C84: 문선영 | D84: 아파트 | E84: 1 | G84: 주담대+9 | H84: O | I84: O | J84: O | K84: 해당없음 | L84: 해당없음 | M84: 해당없음 | N84: 해당없음 | O84: 해당없음 | P84: O | Q84: O | R84: O | U84: =IFERROR(VLOOKUP(A84,Sheet2!$A:$A,1,FALSE),) -> 0
A85: R-1076 | B85: (주)데***** | C85: 문선영 | D85: 연립(생활주택) | E85: 1 | G85: 해당없음 | H85: O | I85: O | J85: O | K85: 해당없음 | L85: 해당없음 | M85: 해당없음 | N85: 확인 | O85: 확인 | P85: O | Q85: O | R85: O | U85: =IFERROR(VLOOKUP(A85,Sheet2!$A:$A,1,FALSE),) -> 0
A86: R-1080 | B86: 진** | C86: 문선영 | D86: 매각제외 | U86: =IFERROR(VLOOKUP(A86,Sheet2!$A:$A,1,FALSE),) -> R-1080 | V86: 확인
A87: R-1084 | B87: 주식회사어*** | C87: 문선영 | D87: 상가 | E87: 1 | H87: O | I87: O | J87: O | K87: 해당없음 | L87: 해당없음 | M87: 해당없음 | N87: 해당없음 | O87: 해당없음 | P87: O | Q87: O | R87: O | U87: =IFERROR(VLOOKUP(A87,Sheet2!$A:$A,1,FALSE),) -> 0
A88: R-1085 | B88: 조** | C88: 문선영 | D88: 아파트 | E88: 1 | G88: 주담대+9 | H88: O | I88: O | J88: O | K88: 해당없음 | L88: 해당없음 | M88: 해당없음 | N88: 해당없음 | O88: 해당없음 | P88: O | Q88: O | R88: O | U88: =IFERROR(VLOOKUP(A88,Sheet2!$A:$A,1,FALSE),) -> 0
A89: R-1086 | B89: 최** | C89: 문선영 | D89: 아파트 | E89: 1 | G89: 해당없음 | H89: O | I89: O | J89: O | K89: 해당없음 | L89: 해당없음 | M89: 해당없음 | N89: QA 요청중 | O89: 확인 | P89: O | Q89: O | R89: O | U89: =IFERROR(VLOOKUP(A89,Sheet2!$A:$A,1,FALSE),) -> 0
A90: R-1089 | B90: 정** | C90: 문선영 | D90: 아파트 | E90: 1 | G90: 해당없음 | H90: QA 요청중 | I90: O | J90: O | K90: 해당없음 | L90: 해당없음 | M90: 해당없음 | N90: 해당없음 | O90: 해당없음 | P90: O | Q90: O | R90: O | U90: =IFERROR(VLOOKUP(A90,Sheet2!$A:$A,1,FALSE),) -> 0
A91: R-1093 | B91: 이* | C91: 문선영 | D91: 아파트 | E91: 1 | G91: 해당없음 | H91: O | I91: O | J91: O | K91: 해당없음 | L91: 해당없음 | M91: 해당없음 | N91: 해당없음 | O91: 확인 | P91: O | Q91: O | R91: O | U91: =IFERROR(VLOOKUP(A91,Sheet2!$A:$A,1,FALSE),) -> 0
A92: R-1094 | B92: 정** | C92: 문선영 | D92: 아파트 | E92: 1 | G92: 해당없음 | H92: O | I92: O | J92: O | K92: 해당없음 | L92: 해당없음 | M92: 해당없음 | N92: 해당없음 | O92: 해당없음 | P92: O | Q92: O | R92: O | U92: =IFERROR(VLOOKUP(A92,Sheet2!$A:$A,1,FALSE),) -> 0
A93: R-1097 | B93: 김** | C93: 문선영 | D93: 오피스텔 | E93: 1 | G93: 해당없음 | H93: O | I93: O | J93: O | K93: 해당없음 | L93: 해당없음 | M93: 해당없음 | N93: 해당없음 | O93: 해당없음 | P93: O | Q93: O | R93: O | U93: =IFERROR(VLOOKUP(A93,Sheet2!$A:$A,1,FALSE),) -> 0
A94: R-1099 | B94: 심** | C94: 문선영 | D94: 아파트 | E94: 1 | G94: 해당없음 | H94: O | I94: O | J94: O | K94: 해당없음 | L94: 해당없음 | M94: 해당없음 | N94: 해당없음 | O94: 해당없음 | P94: O | Q94: O | R94: O | U94: =IFERROR(VLOOKUP(A94,Sheet2!$A:$A,1,FALSE),) -> 0
A95: R-1108 | B95: 윤** | C95: 문선영 | D95: 다세대 | E95: 1 | G95: 해당없음 | H95: O | I95: QA 요청중 | J95: O | K95: 해당없음 | L95: 해당없음 | M95: 해당없음 | N95: 해당없음 | O95: 해당없음 | P95: O | Q95: O | R95: O | U95: =IFERROR(VLOOKUP(A95,Sheet2!$A:$A,1,FALSE),) -> 0
A96: R-1111 | B96: 한** | C96: 문선영 | D96: 상가 | E96: 1 | H96: O | I96: O | J96: O | K96: 해당없음 | L96: 해당없음 | M96: 해당없음 | N96: 해당없음 | O96: 해당없음 | P96: O | Q96: O | R96: O | U96: =IFERROR(VLOOKUP(A96,Sheet2!$A:$A,1,FALSE),) -> 0
A97: R-1112 | B97: 최** | C97: 문선영 | D97: 연립 (동일건물) | E97: 2 | G97: 해당없음 | H97: O | I97: O | J97: O | K97: 해당없음 | L97: 해당없음 | M97: 해당없음 | N97: 해당없음 | O97: 해당없음 | P97: O | Q97: O | R97: O | U97: =IFERROR(VLOOKUP(A97,Sheet2!$A:$A,1,FALSE),) -> 0
A98: R-1113 | B98: 김** | C98: 문선영 | D98: 연립 (동일건물) | E98: 2 | G98: 해당없음 | H98: O | I98: O | J98: O | K98: 해당없음 | L98: 해당없음 | M98: 해당없음 | N98: 해당없음 | O98: 해당없음 | P98: O | Q98: O | R98: O | U98: =IFERROR(VLOOKUP(A98,Sheet2!$A:$A,1,FALSE),) -> 0
A99: R-1115 | B99: 강** | C99: 문선영 | D99: 연립 (동일건물) | E99: 2 | G99: 해당없음 | H99: O | I99: O | J99: O | K99: 해당없음 | L99: 해당없음 | M99: 해당없음 | N99: 해당없음 | O99: 해당없음 | P99: O | Q99: O | R99: O | U99: =IFERROR(VLOOKUP(A99,Sheet2!$A:$A,1,FALSE),) -> 0
A100: R-1116 | B100: 신** | C100: 문선영 | D100: 연립 (동일건물) | E100: 2 | G100: 해당없음 | H100: O | I100: O | J100: O | K100: 해당없음 | L100: 해당없음 | M100: 해당없음 | N100: 해당없음 | O100: 해당없음 | P100: O | Q100: O | R100: O | U100: =IFERROR(VLOOKUP(A100,Sheet2!$A:$A,1,FALSE),) -> 0
A101: R-1121 | B101: 아*********** | C101: 문선영 | D101: 아파트 | E101: 1 | G101: 해당없음 | H101: O | I101: O | J101: O | K101: 해당없음 | L101: 해당없음 | M101: 해당없음 | N101: 해당없음 | O101: 확인 | P101: O | Q101: O | R101: O | U101: =IFERROR(VLOOKUP(A101,Sheet2!$A:$A,1,FALSE),) -> 0
A102: R-1126 | B102: 김** | C102: 문선영 | D102: 아파트 | E102: 1 | G102: 주담대+9 | H102: O | I102: O | J102: O | K102: 해당없음 | L102: 해당없음 | M102: 해당없음 | N102: 해당없음 | O102: 해당없음 | P102: O | Q102: O | R102: O | U102: =IFERROR(VLOOKUP(A102,Sheet2!$A:$A,1,FALSE),) -> 0
A103: R-1133 | B103: 이** | C103: 문선영 | D103: 아파트 | E103: 1 | G103: 해당없음 | H103: O | I103: O | J103: O | K103: 해당없음 | L103: 해당없음 | M103: 해당없음 | N103: 해당없음 | O103: 해당없음 | P103: O | Q103: O | R103: O | U103: =IFERROR(VLOOKUP(A103,Sheet2!$A:$A,1,FALSE),) -> 0
A104: R-1134 | B104: 김** | C104: 문선영 | D104: 아파트 | E104: 1 | G104: 해당없음 | H104: O | I104: O | J104: O | K104: 해당없음 | L104: 해당없음 | M104: 해당없음 | N104: 해당없음 | O104: 확인 | P104: O | Q104: O | R104: O | U104: =IFERROR(VLOOKUP(A104,Sheet2!$A:$A,1,FALSE),) -> 0
A105: R-1139 | B105: 김** | C105: 문선영 | D105: 아파트 | E105: 1 | G105: 일반대+8 | H105: O | I105: O | J105: O | K105: QA 요청중 | L105: QA 요청중 | M105: QA 요청중 | N105: 해당없음 | O105: 해당없음 | P105: O | Q105: O | R105: O | U105: =IFERROR(VLOOKUP(A105,Sheet2!$A:$A,1,FALSE),) -> 0
...

Sheet Sheet1

Sheet 1.차주일반
A2: =Description!A2 -> SHB 2025-8 Program
A4: Regular / Special Assets
A6: 1. 차주일반정보 (Borrower Information) | S6: (단위 : 원)
B8: Borrower Identification Information | K8: Summary of Loan Information | Q8: Mortgage Amount | S8: Description
B9: ="Field "&COLUMN()-1 -> Field 1 | C9: ="Field "&(COLUMN()-COUNTIF($B$9:B9,"")-1) -> Field 2 | D9: ="Field "&(COLUMN()-COUNTIF($B$9:C9,"")-1) -> Field 3 | E9: ="Field "&(COLUMN()-COUNTIF($B$9:D9,"")-1) -> Field 4 | F9: ="Field "&(COLUMN()-COUNTIF($B$9:E9,"")-1) -> Field 5 | H9: ="Field "&(COLUMN()-COUNTIF($B$9:F9,"")-1) -> Field 7 | I9: ="Field "&(COLUMN()-COUNTIF($B$9:H9,"")-1) -> Field 7 | J9: ="Field "&(COLUMN()-COUNTIF($B$9:I9,"")-1) -> Field 8 | K9: ="Field "&(COLUMN()-COUNTIF($B$9:J9,"")-1) -> Field 9 | L9: ="Field "&(COLUMN()-COUNTIF($B$9:K9,"")-1) -> Field 10 | M9: ="Field "&(COLUMN()-COUNTIF($B$9:L9,"")-1) -> Field 11 | N9: ="Field "&(COLUMN()-COUNTIF($B$9:M9,"")-1) -> Field 12 | O9: ="Field "&(COLUMN()-COUNTIF($B$9:N9,"")-1) -> Field 13 | P9: ="Field "&(COLUMN()-COUNTIF($B$9:O9,"")-1) -> Field 14 | ... R9: ="Field "&(COLUMN()-COUNTIF($B$9:Q9,"")-1) -> Field 16 | S9: ="Field "&(COLUMN()-COUNTIF($B$9:O9,"")-1) -> Field 17
B10: 일련번호 | C10: Pool | D10: 채권구분 | E10: 차주일련번호 | F10: 차주명 | G10: Assign | H10: 차주형태 | I10: 자산구분 | J10: 관련 차주 | K10: 합계-환산후대출잔액 | L10: 합계-가지급금 | M10: 합계-OPB | N10: 합계-미수이자 | O10: 총채권액 | P10: 6조5항 공탁금 | Q10: 차주별 근저당권 설정액 | R10: 차주별 선순위 근저당권 설정액 | S10: 비고
B11: =ROW()-10 -> 1 | C11: A | D11: R | E11: R-0001 | F11: (주)초**** | G11: =IFERROR(VLOOKUP(E11,Assign!$C$2:$J$142,8,FALSE),) -> 0 | H11: 법인 | I11: 담보 | K11: 8500000000 | M11: =SUM(K11:L11) -> 8500000000 | O11: =SUM(M11:N11) -> 8500000000 | Q11: 12000000000 | R11: 1800000000
B12: =ROW()-10 -> 2 | C12: A | D12: R | E12: R-0002 | F12: 박** | G12: =IFERROR(VLOOKUP(E12,Assign!$C$2:$J$142,8,FALSE),) -> 0 | H12: 개인사업자 | I12: 담보 | J12: R-0002, R-0049 | K12: 6750000000 | M12: =SUM(K12:L12) -> 6750000000 | O12: =SUM(M12:N12) -> 6750000000 | Q12: 8100000000 | R12: 0
B13: =ROW()-10 -> 3 | C13: A | D13: R | E13: R-0003 | F13: 신** | G13: =IFERROR(VLOOKUP(E13,Assign!$C$2:$J$142,8,FALSE),) -> 0 | H13: 개인사업자 | I13: 담보 | K13: 5504000000 | M13: =SUM(K13:L13) -> 5504000000 | O13: =SUM(M13:N13) -> 5504000000 | Q13: 6658800000 | R13: 324000000
B14: =ROW()-10 -> 4 | C14: A | D14: R | E14: R-0004 | F14: (주)비**** | G14: =IFERROR(VLOOKUP(E14,Assign!$C$2:$J$142,8,FALSE),) -> 0 | H14: 법인 | I14: 담보 | K14: 5197462051 | M14: =SUM(K14:L14) -> 5197462051 | O14: =SUM(M14:N14) -> 5197462051 | Q14: 6240000000 | R14: 0
B15: =ROW()-10 -> 5 | C15: A | D15: R | E15: R-0006 | F15: (주)진***** | G15: =IFERROR(VLOOKUP(E15,Assign!$C$2:$J$142,8,FALSE),) -> 0 | H15: 법인 | I15: 담보 | K15: 4747875824 | M15: =SUM(K15:L15) -> 4747875824 | O15: =SUM(M15:N15) -> 4747875824 | Q15: 6710400000 | R15: 0
B16: =ROW()-10 -> 6 | C16: A | D16: R | E16: R-0007 | F16: 주식회사더*** | G16: =IFERROR(VLOOKUP(E16,Assign!$C$2:$J$142,8,FALSE),) -> 0 | H16: 법인 | I16: 담보 | K16: 4476000000 | M16: =SUM(K16:L16) -> 4476000000 | O16: =SUM(M16:N16) -> 4476000000 | Q16: 5400000000 | R16: 0
B17: =ROW()-10 -> 7 | C17: A | D17: R | E17: R-0009 | F17: (주)미***** | G17: =IFERROR(VLOOKUP(E17,Assign!$C$2:$J$142,8,FALSE),) -> 0 | H17: 법인 | I17: 담보 | K17: 3773297264 | M17: =SUM(K17:L17) -> 3773297264 | O17: =SUM(M17:N17) -> 3773297264 | Q17: 4761600000 | R17: 367650000
B18: =ROW()-10 -> 8 | C18: A | D18: R | E18: R-0010 | F18: 농업회사법인 권***** 주식회사 | G18: =IFERROR(VLOOKUP(E18,Assign!$C$2:$J$142,8,FALSE),) -> 0 | H18: 법인 | I18: 담보 | K18: 3489666333 | M18: =SUM(K18:L18) -> 3489666333 | O18: =SUM(M18:N18) -> 3489666333 | Q18: 4344000000 | R18: 0
B19: =ROW()-10 -> 9 | C19: A | D19: R | E19: R-0011 | F19: 심** | G19: =IFERROR(VLOOKUP(E19,Assign!$C$2:$J$142,8,FALSE),) -> 0 | H19: 개인사업자 | I19: 담보 | K19: 3282000000 | M19: =SUM(K19:L19) -> 3282000000 | O19: =SUM(M19:N19) -> 3282000000 | Q19: 3996000000 | R19: 0
B20: =ROW()-10 -> 10 | C20: A | D20: R | E20: R-0012 | F20: 박** | G20: =IFERROR(VLOOKUP(E20,Assign!$C$2:$J$142,8,FALSE),) -> 0 | H20: 개인사업자 | I20: 담보 | K20: 3253846122 | M20: =SUM(K20:L20) -> 3253846122 | O20: =SUM(M20:N20) -> 3253846122 | Q20: 3960000000 | R20: 0
B21: =ROW()-10 -> 11 | C21: A | D21: R | E21: R-0013 | F21: 오** | G21: =IFERROR(VLOOKUP(E21,Assign!$C$2:$J$142,8,FALSE),) -> 0 | H21: 개인사업자 | I21: 담보 | K21: 2983260000 | M21: =SUM(K21:L21) -> 2983260000 | O21: =SUM(M21:N21) -> 2983260000 | Q21: 3180000000 | R21: 0
B22: =ROW()-10 -> 12 | C22: A | D22: R | E22: R-0015 | F22: 박** | G22: =IFERROR(VLOOKUP(E22,Assign!$C$2:$J$142,8,FALSE),) -> 0 | H22: 개인사업자 | I22: 담보 | K22: 2282735387 | M22: =SUM(K22:L22) -> 2282735387 | O22: =SUM(M22:N22) -> 2282735387 | Q22: 2260000000 | R22: 0
B23: =ROW()-10 -> 13 | C23: A | D23: R | E23: R-0016 | F23: 자******* | G23: =IFERROR(VLOOKUP(E23,Assign!$C$2:$J$142,8,FALSE),) -> 0 | H23: 법인 | I23: 담보 | K23: 2051744096 | M23: =SUM(K23:L23) -> 2051744096 | O23: =SUM(M23:N23) -> 2051744096 | Q23: 2479200000 | R23: 0
B24: =ROW()-10 -> 14 | C24: A | D24: R | E24: R-0017 | F24: (주)에**** | G24: =IFERROR(VLOOKUP(E24,Assign!$C$2:$J$142,8,FALSE),) -> 0 | H24: 법인 | I24: 담보 | K24: 1362000000 | M24: =SUM(K24:L24) -> 1362000000 | O24: =SUM(M24:N24) -> 1362000000 | Q24: 2124000000 | R24: 0
... B36: =ROW()-10 -> 26 | C36: A | D36: R | E36: R-0029 | F36: (주)국***** | G36: =IFERROR(VLOOKUP(E36,Assign!$C$2:$J$142,8,FALSE),) -> 문선영 | H36: 법인 | I36: 담보 | K36: 992499998 | M36: =SUM(K36:L36) -> 992499998 | O36: =SUM(M36:N36) -> 992499998 | Q36: 780000000 | R36: 0
B37: =ROW()-10 -> 27 | C37: A | D37: R | E37: R-0030 | F37: 우** | G37: =IFERROR(VLOOKUP(E37,Assign!$C$2:$J$142,8,FALSE),) -> 0 | H37: 개인사업자 | I37: 담보 | J37: R-0030, R-0050, R-0186 | K37: 988243218 | M37: =SUM(K37:L37) -> 988243218 | O37: =SUM(M37:N37) -> 988243218 | Q37: 1150000000 | R37: 0
B38: =ROW()-10 -> 28 | C38: A | D38: R | E38: R-0031 | F38: (주)올*** | G38: =IFERROR(VLOOKUP(E38,Assign!$C$2:$J$142,8,FALSE),) -> 0 | H38: 법인 | I38: 담보 | K38: 935000000 | M38: =SUM(K38:L38) -> 935000000 | O38: =SUM(M38:N38) -> 935000000 | Q38: 732000000 | R38: 0
B39: =ROW()-10 -> 29 | C39: A | D39: R | E39: R-0032 | F39: 김** | G39: =IFERROR(VLOOKUP(E39,Assign!$C$2:$J$142,8,FALSE),) -> 0 | H39: 개인사업자 | I39: 담보 | K39: 900000000 | M39: =SUM(K39:L39) -> 900000000 | O39: =SUM(M39:N39) -> 900000000 | Q39: 1080000000 | R39: 0
B40: =ROW()-10 -> 30 | C40: A | D40: R | E40: R-0033 | F40: 이** | G40: =IFERROR(VLOOKUP(E40,Assign!$C$2:$J$142,8,FALSE),) -> 0 | H40: 개인사업자 | I40: 담보 | K40: 897500000 | M40: =SUM(K40:L40) -> 897500000 | O40: =SUM(M40:N40) -> 897500000 | Q40: 1089600000 | R40: 0
B41: =ROW()-10 -> 31 | C41: A | D41: R | E41: R-0034 | F41: 조** | G41: =IFERROR(VLOOKUP(E41,Assign!$C$2:$J$142,8,FALSE),) -> 0 | H41: 개인사업자 | I41: 담보 | K41: 880000000 | M41: =SUM(K41:L41) -> 880000000 | O41: =SUM(M41:N41) -> 880000000 | Q41: 1056000000 | R41: 0
B42: =ROW()-10 -> 32 | C42: A | D42: R | E42: R-0035 | F42: 박** | G42: =IFERROR(VLOOKUP(E42,Assign!$C$2:$J$142,8,FALSE),) -> 0 | H42: 개인사업자 | I42: 담보 | K42: 803533716 | M42: =SUM(K42:L42) -> 803533716 | O42: =SUM(M42:N42) -> 803533716 | Q42: 1033000000 | R42: 1200000000
B43: =ROW()-10 -> 33 | C43: A | D43: R | E43: R-0036 | F43: 정** | G43: =IFERROR(VLOOKUP(E43,Assign!$C$2:$J$142,8,FALSE),) -> 0 | H43: 개인사업자 | I43: 담보 | K43: 778801620 | M43: =SUM(K43:L43) -> 778801620 | O43: =SUM(M43:N43) -> 778801620 | Q43: 1056000000 | R43: 0
B44: =ROW()-10 -> 34 | C44: A | D44: R | E44: R-0037 | F44: (주)뮤*** | G44: =IFERROR(VLOOKUP(E44,Assign!$C$2:$J$142,8,FALSE),) -> 0 | H44: 법인 | I44: 담보 | K44: 770000000 | M44: =SUM(K44:L44) -> 770000000 | O44: =SUM(M44:N44) -> 770000000 | Q44: 960000000 | R44: 60000000
B45: =ROW()-10 -> 35 | C45: A | D45: R | E45: R-0038 | F45: 김** | G45: =IFERROR(VLOOKUP(E45,Assign!$C$2:$J$142,8,FALSE),) -> 0 | H45: 개인사업자 | I45: 담보 | K45: 715000000 | M45: =SUM(K45:L45) -> 715000000 | O45: =SUM(M45:N45) -> 715000000 | Q45: 960000000 | R45: 0
B46: =ROW()-10 -> 36 | C46: A | D46: R | E46: R-0039 | F46: 최** | G46: =IFERROR(VLOOKUP(E46,Assign!$C$2:$J$142,8,FALSE),) -> 0 | H46: 개인사업자 | I46: 담보 | K46: 672000000 | M46: =SUM(K46:L46) -> 672000000 | O46: =SUM(M46:N46) -> 672000000 | Q46: 720000000 | R46: 0
B47: =ROW()-10 -> 37 | C47: A | D47: R | E47: R-0040 | F47: 강** | G47: =IFERROR(VLOOKUP(E47,Assign!$C$2:$J$142,8,FALSE),) -> 0 | H47: 개인사업자 | I47: 담보 | K47: 650000000 | M47: =SUM(K47:L47) -> 650000000 | O47: =SUM(M47:N47) -> 650000000 | Q47: 780000000 | R47: 0
B48: =ROW()-10 -> 38 | C48: A | D48: R | E48: R-0041 | F48: 우** | G48: =IFERROR(VLOOKUP(E48,Assign!$C$2:$J$142,8,FALSE),) -> 0 | H48: 개인사업자 | I48: 담보 | K48: 642000000 | M48: =SUM(K48:L48) -> 642000000 | O48: =SUM(M48:N48) -> 642000000 | Q48: 720000000 | R48: 0
B49: =ROW()-10 -> 39 | C49: A | D49: R | E49: R-0042 | F49: 임** | G49: =IFERROR(VLOOKUP(E49,Assign!$C$2:$J$142,8,FALSE),) -> 0 | H49: 개인사업자 | I49: 담보 | K49: 623422442 | M49: =SUM(K49:L49) -> 623422442 | O49: =SUM(M49:N49) -> 623422442 | Q49: 756000000 | R49: 0
... B55: =ROW()-10 -> 45 | C55: A | D55: R | E55: R-0048 | F55: 장** | G55: =IFERROR(VLOOKUP(E55,Assign!$C$2:$J$142,8,FALSE),) -> 0 | H55: 개인사업자 | I55: 담보 | K55: 522000000 | M55: =SUM(K55:L55) -> 522000000 | O55: =SUM(M55:N55) -> 522000000 | Q55: 626400000 | R55: 0
B56: =ROW()-10 -> 46 | C56: A | D56: R | E56: R-0049 | F56: 주식회사 티**(T**** INC.) | G56: =IFERROR(VLOOKUP(E56,Assign!$C$2:$J$142,8,FALSE),) -> 0 | H56: 법인 | I56: 담보 | J56: R-0002, R-0049 | K56: 514166644 | M56: =SUM(K56:L56) -> 514166644 | O56: =SUM(M56:N56) -> 514166644 | Q56: 600000000 | R56: 14880000000
B57: =ROW()-10 -> 47 | C57: A | D57: R | E57: R-0050 | F57: (주)아******* | G57: =IFERROR(VLOOKUP(E57,Assign!$C$2:$J$142,8,FALSE),) -> 0 | H57: 법인 | I57: 담보 | J57: R-0030, R-0050, R-0186 | K57: 498000000 | M57: =SUM(K57:L57) -> 498000000 | O57: =SUM(M57:N57) -> 498000000 | Q57: 597600000 | R57: 1270000000
B58: =ROW()-10 -> 48 | C58: A | D58: R | E58: R-0051 | F58: Y* ******* | G58: =IFERROR(VLOOKUP(E58,Assign!$C$2:$J$142,8,FALSE),) -> 0 | H58: 개인사업자 | I58: 담보 | K58: 495200000 | M58: =SUM(K58:L58) -> 495200000 | O58: =SUM(M58:N58) -> 495200000 | Q58: 600000000 | R58: 0
B59: =ROW()-10 -> 49 | C59: A | D59: R | E59: R-0052 | F59: C**** S*** J** D**** | G59: =IFERROR(VLOOKUP(E59,Assign!$C$2:$J$142,8,FALSE),) -> 0 | H59: 개인사업자 | I59: 담보 | K59: 489000000 | M59: =SUM(K59:L59) -> 489000000 | O59: =SUM(M59:N59) -> 489000000 | Q59: 586800000 | R59: 0
B60: =ROW()-10 -> 50 | C60: A | D60: R | E60: R-0053 | F60: 송** | G60: =IFERROR(VLOOKUP(E60,Assign!$C$2:$J$142,8,FALSE),) -> 문선영 | H60: 개인사업자 | I60: 담보 | K60: 480000000 | M60: =SUM(K60:L60) -> 480000000 | O60: =SUM(M60:N60) -> 480000000 | Q60: 552000000 | R60: 0
B61: =ROW()-10 -> 51 | C61: A | D61: R | E61: R-0054 | F61: 전** | G61: =IFERROR(VLOOKUP(E61,Assign!$C$2:$J$142,8,FALSE),) -> 문선영 | H61: 개인사업자 | I61: 담보 | K61: 467692296 | M61: =SUM(K61:L61) -> 467692296 | O61: =SUM(M61:N61) -> 467692296 | Q61: 528000000 | R61: 0
B62: =ROW()-10 -> 52 | C62: A | D62: R | E62: R-0055 | F62: 장** | G62: =IFERROR(VLOOKUP(E62,Assign!$C$2:$J$142,8,FALSE),) -> 0 | H62: 개인사업자 | I62: 담보 | K62: 459166943 | M62: =SUM(K62:L62) -> 459166943 | O62: =SUM(M62:N62) -> 459166943 | Q62: 534500000 | R62: 0
B63: =ROW()-10 -> 53 | C63: A | D63: R | E63: R-0056 | F63: 김** | G63: =IFERROR(VLOOKUP(E63,Assign!$C$2:$J$142,8,FALSE),) -> 0 | H63: 개인사업자 | I63: 담보 | K63: 444163000 | M63: =SUM(K63:L63) -> 444163000 | O63: =SUM(M63:N63) -> 444163000 | Q63: 540000000 | R63: 60000000
B64: =ROW()-10 -> 54 | C64: A | D64: R | E64: R-0057 | F64: 최** | G64: =IFERROR(VLOOKUP(E64,Assign!$C$2:$J$142,8,FALSE),) -> 문선영 | H64: 개인사업자 | I64: 담보 | K64: 442000000 | M64: =SUM(K64:L64) -> 442000000 | O64: =SUM(M64:N64) -> 442000000 | Q64: 530400000 | R64: 0
B65: =ROW()-10 -> 55 | C65: A | D65: R | E65: R-0058 | F65: 이** | G65: =IFERROR(VLOOKUP(E65,Assign!$C$2:$J$142,8,FALSE),) -> 0 | H65: 개인사업자 | I65: 담보 | K65: 433299741 | M65: =SUM(K65:L65) -> 433299741 | O65: =SUM(M65:N65) -> 433299741 | Q65: 540000000 | R65: 0
B66: =ROW()-10 -> 56 | C66: A | D66: R | E66: R-0059 | F66: (주)아****** | G66: =IFERROR(VLOOKUP(E66,Assign!$C$2:$J$142,8,FALSE),) -> 문선영 | H66: 법인 | I66: 담보 | K66: 429500000 | M66: =SUM(K66:L66) -> 429500000 | O66: =SUM(M66:N66) -> 429500000 | Q66: 516000000 | R66: 350000000
B67: =ROW()-10 -> 57 | C67: A | D67: R | E67: R-0060 | F67: (주)동*** | G67: =IFERROR(VLOOKUP(E67,Assign!$C$2:$J$142,8,FALSE),) -> 0 | H67: 법인 | I67: 담보 | K67: 410000000 | M67: =SUM(K67:L67) -> 410000000 | O67: =SUM(M67:N67) -> 410000000 | Q67: 492000000 | R67: 0
B68: =ROW()-10 -> 58 | C68: A | D68: R | E68: R-0061 | F68: 한** | G68: =IFERROR(VLOOKUP(E68,Assign!$C$2:$J$142,8,FALSE),) -> 0 | H68: 개인 | I68: 담보 | K68: 400000000 | M68: =SUM(K68:L68) -> 400000000 | O68: =SUM(M68:N68) -> 400000000 | Q68: 636000000 | R68: 0
B69: =ROW()-10 -> 59 | C69: A | D69: R | E69: R-0062 | F69: 서** | G69: =IFERROR(VLOOKUP(E69,Assign!$C$2:$J$142,8,FALSE),) -> 0 | H69: 개인사업자 | I69: 담보 | K69: 395384669 | M69: =SUM(K69:L69) -> 395384669 | O69: =SUM(M69:N69) -> 395384669 | Q69: 500400000 | R69: 0
... B189: =ROW()-10 -> 179 | C189: A | D189: R | E189: R-0185 | F189: 양** | G189: =IFERROR(VLOOKUP(E189,Assign!$C$2:$J$142,8,FALSE),) -> 0 | H189: 개인사업자 | I189: 담보 | K189: 100000000 | M189: =SUM(K189:L189) -> 100000000 | O189: =SUM(M189:N189) -> 100000000 | Q189: 120000000 | R189: 151200000
B190: =ROW()-10 -> 180 | C190: A | D190: R | E190: R-0186 | F190: (주)더** | G190: =IFERROR(VLOOKUP(E190,Assign!$C$2:$J$142,8,FALSE),) -> 0 | H190: 법인 | I190: 담보 | J190: R-0030, R-0050, R-0186 | K190: 99824868 | M190: =SUM(K190:L190) -> 99824868 | O190: =SUM(M190:N190) -> 99824868 | Q190: 120000000 | R190: 1510000000
B191: =ROW()-10 -> 181 | C191: A | D191: R | E191: R-0187 | F191: 정** | G191: =IFERROR(VLOOKUP(E191,Assign!$C$2:$J$142,8,FALSE),) -> 0 | H191: 개인사업자 | I191: 담보 | K191: 98500000 | M191: =SUM(K191:L191) -> 98500000 | O191: =SUM(M191:N191) -> 98500000 | Q191: 120000000 | R191: 0
B192: =ROW()-10 -> 182 | C192: A | D192: R | E192: R-0188 | F192: 박** | G192: =IFERROR(VLOOKUP(E192,Assign!$C$2:$J$142,8,FALSE),) -> 0 | H192: 개인 | I192: 담보 | K192: 96494930 | M192: =SUM(K192:L192) -> 96494930 | O192: =SUM(M192:N192) -> 96494930 | Q192: 110000000 | R192: 0
B193: =ROW()-10 -> 183 | C193: A | D193: R | E193: R-0189 | F193: 이** | G193: =IFERROR(VLOOKUP(E193,Assign!$C$2:$J$142,8,FALSE),) -> 문선영 | H193: 개인사업자 | I193: 담보 | K193: 95973252 | M193: =SUM(K193:L193) -> 95973252 | O193: =SUM(M193:N193) -> 95973252 | Q193: 141600000 | R193: 0
B194: =ROW()-10 -> 184 | C194: A | D194: R | E194: R-0190 | F194: 김** | G194: =IFERROR(VLOOKUP(E194,Assign!$C$2:$J$142,8,FALSE),) -> 0 | H194: 개인 | I194: 담보 | K194: 95678417 | M194: =SUM(K194:L194) -> 95678417 | O194: =SUM(M194:N194) -> 95678417 | Q194: 144000000 | R194: 0
B195: =ROW()-10 -> 185 | C195: A | D195: R | E195: R-0191 | F195: 박** | G195: =IFERROR(VLOOKUP(E195,Assign!$C$2:$J$142,8,FALSE),) -> 0 | H195: 개인 | I195: 담보 | K195: 95367282 | M195: =SUM(K195:L195) -> 95367282 | O195: =SUM(M195:N195) -> 95367282 | Q195: 134400000 | R195: 0
B196: =ROW()-10 -> 186 | C196: A | D196: R | E196: R-0192 | F196: 김** | G196: =IFERROR(VLOOKUP(E196,Assign!$C$2:$J$142,8,FALSE),) -> 0 | H196: 개인사업자 | I196: 담보 | K196: 95000000 | M196: =SUM(K196:L196) -> 95000000 | O196: =SUM(M196:N196) -> 95000000 | Q196: 120000000 | R196: 0
B197: =ROW()-10 -> 187 | C197: A | D197: R | E197: R-0193 | F197: 임** | G197: =IFERROR(VLOOKUP(E197,Assign!$C$2:$J$142,8,FALSE),) -> 0 | H197: 개인 | I197: 담보 | J197: R-0193, R-0221 | K197: 94999848 | M197: =SUM(K197:L197) -> 94999848 | O197: =SUM(M197:N197) -> 94999848 | Q197: 110000000 | R197: 450000000
B198: =ROW()-10 -> 188 | C198: A | D198: R | E198: R-0194 | F198: 하** | G198: =IFERROR(VLOOKUP(E198,Assign!$C$2:$J$142,8,FALSE),) -> 문선영 | H198: 개인 | I198: 담보 | K198: 93935738 | M198: =SUM(K198:L198) -> 93935738 | O198: =SUM(M198:N198) -> 93935738 | Q198: 121200000 | R198: 0
B199: =ROW()-10 -> 189 | C199: A | D199: R | E199: R-0195 | F199: 박** | G199: =IFERROR(VLOOKUP(E199,Assign!$C$2:$J$142,8,FALSE),) -> 0 | H199: 개인 | I199: 담보 | K199: 93210142 | M199: =SUM(K199:L199) -> 93210142 | O199: =SUM(M199:N199) -> 93210142 | Q199: 105600000 | R199: 0
B200: =ROW()-10 -> 190 | C200: A | D200: R | E200: R-0196 | F200: 심** | G200: =IFERROR(VLOOKUP(E200,Assign!$C$2:$J$142,8,FALSE),) -> 0 | H200: 개인사업자 | I200: 담보 | K200: 92885955 | M200: =SUM(K200:L200) -> 92885955 | O200: =SUM(M200:N200) -> 92885955 | Q200: 142800000 | R200: 0
B201: =ROW()-10 -> 191 | C201: A | D201: R | E201: R-0197 | F201: 이** | G201: =IFERROR(VLOOKUP(E201,Assign!$C$2:$J$142,8,FALSE),) -> 0 | H201: 개인사업자 | I201: 담보 | K201: 91000000 | M201: =SUM(K201:L201) -> 91000000 | O201: =SUM(M201:N201) -> 91000000 | Q201: 109320000 | R201: 0
B202: =ROW()-10 -> 192 | C202: A | D202: R | E202: R-0198 | F202: 최** | G202: =IFERROR(VLOOKUP(E202,Assign!$C$2:$J$142,8,FALSE),) -> 0 | H202: 개인사업자 | I202: 담보 | K202: 89000000 | M202: =SUM(K202:L202) -> 89000000 | O202: =SUM(M202:N202) -> 89000000 | Q202: 110400000 | R202: 0
B203: =ROW()-10 -> 193 | C203: A | D203: R | E203: R-0199 | F203: 윤** | G203: =IFERROR(VLOOKUP(E203,Assign!$C$2:$J$142,8,FALSE),) -> 0 | H203: 개인 | I203: 담보 | K203: 88374798 | M203: =SUM(K203:L203) -> 88374798 | O203: =SUM(M203:N203) -> 88374798 | Q203: 126000000 | R203: 0
B204: =ROW()-10 -> 194 | C204: A | D204: R | E204: R-0200 | F204: 임** | G204: =IFERROR(VLOOKUP(E204,Assign!$C$2:$J$142,8,FALSE),) -> 0 | H204: 개인 | I204: 담보 | K204: 87609998 | M204: =SUM(K204:L204) -> 87609998 | O204: =SUM(M204:N204) -> 87609998 | Q204: 122400000 | R204: 0
B205: =ROW()-10 -> 195 | C205: A | D205: R | E205: R-0201 | F205: 배** | G205: =IFERROR(VLOOKUP(E205,Assign!$C$2:$J$142,8,FALSE),) -> 0 | H205: 개인 | I205: 담보 | K205: 86500952 | M205: =SUM(K205:L205) -> 86500952 | O205: =SUM(M205:N205) -> 86500952 | Q205: 117600000 | R205: 0
B206: =ROW()-10 -> 196 | C206: A | D206: R | E206: R-0202 | F206: 심** | G206: =IFERROR(VLOOKUP(E206,Assign!$C$2:$J$142,8,FALSE),) -> 문선영 | H206: 개인사업자 | I206: 담보 | K206: 85999944 | M206: =SUM(K206:L206) -> 85999944 | O206: =SUM(M206:N206) -> 85999944 | Q206: 102000000 | R206: 168300000
B207: =ROW()-10 -> 197 | C207: A | D207: R | E207: R-0203 | F207: 박** | G207: =IFERROR(VLOOKUP(E207,Assign!$C$2:$J$142,8,FALSE),) -> 문선영 | H207: 개인사업자 | I207: 담보 | K207: 85500000 | M207: =SUM(K207:L207) -> 85500000 | O207: =SUM(M207:N207) -> 85500000 | Q207: 99000000 | R207: 158400000
B208: =ROW()-10 -> 198 | C208: A | D208: R | E208: R-0204 | F208: 한** | G208: =IFERROR(VLOOKUP(E208,Assign!$C$2:$J$142,8,FALSE),) -> 0 | H208: 개인 | I208: 담보 | K208: 84500000 | M208: =SUM(K208:L208) -> 84500000 | O208: =SUM(M208:N208) -> 84500000 | Q208: 103200000 | R208: 0
B209: =ROW()-10 -> 199 | C209: A | D209: R | E209: R-0205 | F209: 양** | G209: =IFERROR(VLOOKUP(E209,Assign!$C$2:$J$142,8,FALSE),) -> 0 | H209: 개인 | I209: 담보 | K209: 83503774 | M209: =SUM(K209:L209) -> 83503774 | O209: =SUM(M209:N209) -> 83503774 | Q209: 98000000 | R209: 0
... B224: =ROW()-10 -> 214 | C224: A | D224: R | E224: R-0220 | F224: 이** | G224: =IFERROR(VLOOKUP(E224,Assign!$C$2:$J$142,8,FALSE),) -> 0 | H224: 개인 | I224: 담보 | K224: 68736226 | M224: =SUM(K224:L224) -> 68736226 | O224: =SUM(M224:N224) -> 68736226 | Q224: 77990000 | R224: 0
B225: =ROW()-10 -> 215 | C225: A | D225: R | E225: R-0221 | F225: 임** | G225: =IFERROR(VLOOKUP(E225,Assign!$C$2:$J$142,8,FALSE),) -> 0 | H225: 개인 | I225: 담보 | J225: R-0193, R-0221 | K225: 67443873 | M225: =SUM(K225:L225) -> 67443873 | O225: =SUM(M225:N225) -> 67443873 | Q225: 120000000 | R225: 150000000
B226: =ROW()-10 -> 216 | C226: A | D226: R | E226: R-0222 | F226: 김** | G226: =IFERROR(VLOOKUP(E226,Assign!$C$2:$J$142,8,FALSE),) -> 0 | H226: 개인 | I226: 담보 | K226: 67071744 | M226: =SUM(K226:L226) -> 67071744 | O226: =SUM(M226:N226) -> 67071744 | Q226: 76000000 | R226: 0
B227: =ROW()-10 -> 217 | C227: A | D227: R | E227: R-0223 | F227: 김** | G227: =IFERROR(VLOOKUP(E227,Assign!$C$2:$J$142,8,FALSE),) -> 0 | H227: 개인사업자 | I227: 담보 | K227: 65480110 | M227: =SUM(K227:L227) -> 65480110 | O227: =SUM(M227:N227) -> 65480110 | Q227: 84000000 | R227: 0
B228: =ROW()-10 -> 218 | C228: A | D228: R | E228: R-0224 | F228: 최** | G228: =IFERROR(VLOOKUP(E228,Assign!$C$2:$J$142,8,FALSE),) -> 문선영 | H228: 개인사업자 | I228: 담보 | K228: 64742832 | M228: =SUM(K228:L228) -> 64742832 | O228: =SUM(M228:N228) -> 64742832 | Q228: 148320000 | R228: 0
B229: =ROW()-10 -> 219 | C229: A | D229: R | E229: R-0225 | F229: 천** | G229: =IFERROR(VLOOKUP(E229,Assign!$C$2:$J$142,8,FALSE),) -> 문선영 | H229: 개인 | I229: 담보 | K229: 64400000 | M229: =SUM(K229:L229) -> 64400000 | O229: =SUM(M229:N229) -> 64400000 | Q229: 77280000 | R229: 0
B230: =ROW()-10 -> 220 | C230: A | D230: R | E230: R-0227 | F230: 신** | G230: =IFERROR(VLOOKUP(E230,Assign!$C$2:$J$142,8,FALSE),) -> 0 | H230: 개인사업자 | I230: 담보 | K230: 61200000 | M230: =SUM(K230:L230) -> 61200000 | O230: =SUM(M230:N230) -> 61200000 | Q230: 81600000 | R230: 0
B231: =ROW()-10 -> 221 | C231: A | D231: R | E231: R-0228 | F231: 송** | G231: =IFERROR(VLOOKUP(E231,Assign!$C$2:$J$142,8,FALSE),) -> 문선영 | H231: 개인사업자 | I231: 담보 | K231: 60000000 | M231: =SUM(K231:L231) -> 60000000 | O231: =SUM(M231:N231) -> 60000000 | Q231: 108000000 | R231: 0
B232: =ROW()-10 -> 222 | C232: A | D232: R | E232: R-0229 | F232: 유** | G232: =IFERROR(VLOOKUP(E232,Assign!$C$2:$J$142,8,FALSE),) -> 0 | H232: 개인사업자 | I232: 담보 | K232: 60000000 | M232: =SUM(K232:L232) -> 60000000 | O232: =SUM(M232:N232) -> 60000000 | Q232: 120000000 | R232: 0
B233: =ROW()-10 -> 223 | C233: A | D233: R | E233: R-0230 | F233: 문** | G233: =IFERROR(VLOOKUP(E233,Assign!$C$2:$J$142,8,FALSE),) -> 0 | H233: 개인사업자 | I233: 담보 | K233: 59000000 | M233: =SUM(K233:L233) -> 59000000 | O233: =SUM(M233:N233) -> 59000000 | Q233: 75600000 | R233: 0
B234: =ROW()-10 -> 224 | C234: A | D234: R | E234: R-0231 | F234: 김** | G234: =IFERROR(VLOOKUP(E234,Assign!$C$2:$J$142,8,FALSE),) -> 0 | H234: 개인 | I234: 담보 | K234: 57875000 | M234: =SUM(K234:L234) -> 57875000 | O234: =SUM(M234:N234) -> 57875000 | Q234: 253000000 | R234: 0
B235: =ROW()-10 -> 225 | C235: A | D235: R | E235: R-0232 | F235: 김** | G235: =IFERROR(VLOOKUP(E235,Assign!$C$2:$J$142,8,FALSE),) -> 문선영 | H235: 개인 | I235: 담보 | K235: 57111054 | M235: =SUM(K235:L235) -> 57111054 | O235: =SUM(M235:N235) -> 57111054 | Q235: 96000000 | R235: 0
B236: =ROW()-10 -> 226 | C236: A | D236: R | E236: R-0233 | F236: 오** | G236: =IFERROR(VLOOKUP(E236,Assign!$C$2:$J$142,8,FALSE),) -> 0 | H236: 개인 | I236: 담보 | K236: 56010244 | M236: =SUM(K236:L236) -> 56010244 | O236: =SUM(M236:N236) -> 56010244 | Q236: 76000000 | R236: 0
B237: =ROW()-10 -> 227 | C237: A | D237: R | E237: R-0234 | F237: 김** | G237: =IFERROR(VLOOKUP(E237,Assign!$C$2:$J$142,8,FALSE),) -> 0 | H237: 개인사업자 | I237: 담보 | K237: 55615537 | M237: =SUM(K237:L237) -> 55615537 | O237: =SUM(M237:N237) -> 55615537 | Q237: 78000000 | R237: 0
... B584: =ROW()-10 -> 574 | C584: B | D584: S | E584: S-1013 | F584: (주)엠******** | G584: =IFERROR(VLOOKUP(E584,Assign!$C$2:$J$142,8,FALSE),) -> 0 | H584: 법인 | I584: 담보 | K584: 440000000 | M584: =SUM(K584:L584) -> 440000000 | O584: =SUM(M584:N584) -> 440000000 | Q584: 528000000 | R584: 374000000
B585: =ROW()-10 -> 575 | C585: C | D585: R | E585: R-2001 | F585: 지******(주) | G585: =IFERROR(VLOOKUP(E585,Assign!$C$2:$J$142,8,FALSE),) -> 0 | H585: 법인 | I585: 담보 | K585: 18522000000 | M585: =SUM(K585:L585) -> 18522000000 | O585: =SUM(M585:N585) -> 18522000000 | Q585: 23520000000 | R585: 48000000000 | S585: 실 채무자: 마*턴제97호일반사모부동산투자유한회사
B586: =ROW()-10 -> 576 | C586: D | D586: R | E586: R-3001 | F586: (주)하*** | G586: =IFERROR(VLOOKUP(E586,Assign!$C$2:$J$142,8,FALSE),) -> 0 | H586: 법인 | I586: 담보 | K586: 12698158323 | M586: =SUM(K586:L586) -> 12698158323 | O586: =SUM(M586:N586) -> 12698158323 | Q586: 15240000000 | R586: 0 | S586: 실 채무자: 몰***양
B587: =ROW()-10 -> 577 | C587: E | D587: R | E587: R-4001 | F587: (주)유** | G587: =IFERROR(VLOOKUP(E587,Assign!$C$2:$J$142,8,FALSE),) -> 0 | H587: 법인 | I587: 담보 | K587: 18438000000 | M587: =SUM(K587:L587) -> 18438000000 | O587: =SUM(M587:N587) -> 18438000000 | Q587: 22800000000 | R587: 0
K588: =SUM(K11:K587) -> 3.4145428e+11 | L588: =SUM(L11:L587) -> 0 | M588: =SUM(M11:M587) -> 3.4145428e+11 | N588: =SUM(N11:N587) -> 0 | O588: =SUM(O11:O587) -> 3.4145428e+11

Sheet 2.매각대상채권
A2: =Description!A2 -> SHB 2025-8 Program
A4: Regular / Special Assets
A6: 2. 매각대상채권 (Individual Loan Description) | Z6: (단위 : 원)
B8: Borrower Identification Information | H8: Loan Information | Z8: Description
B9: ="Field 1" -> Field 1 | C9: ="Field "&(COLUMN()-COUNTIF($B$9:B9,"")-1) -> Field 2 | D9: ="Field "&(COLUMN()-COUNTIF($B$9:C9,"")-1) -> Field 3 | E9: ="Field "&(COLUMN()-COUNTIF($B$9:D9,"")-1) -> Field 4 | F9: ="Field "&(COLUMN()-COUNTIF($B$9:E9,"")-1) -> Field 5 | H9: ="Field "&(COLUMN()-COUNTIF($B$9:F9,"")-1) -> Field 7 | I9: ="Field "&(COLUMN()-COUNTIF($B$9:H9,"")-1) -> Field 7 | J9: ="Field "&(COLUMN()-COUNTIF($B$9:I9,"")-1) -> Field 8 | K9: ="Field "&(COLUMN()-COUNTIF($B$9:J9,"")-1) -> Field 9 | L9: ="Field "&(COLUMN()-COUNTIF($B$9:K9,"")-1) -> Field 10 | M9: ="Field "&(COLUMN()-COUNTIF($B$9:L9,"")-1) -> Field 11 | N9: ="Field "&(COLUMN()-COUNTIF($B$9:L9,"")-1) -> Field 12 | O9: ="Field "&(COLUMN()-COUNTIF($B$9:N9,"")-1) -> Field 13 | P9: ="Field "&(COLUMN()-COUNTIF($B$9:O9,"")-1) -> Field 14 | Q9: ="Field "&(COLUMN()-COUNTIF($B$9:P9,"")-1) -> Field 15 | R9: ="Field "&(COLUMN()-COUNTIF($B$9:Q9,"")-1) -> Field 16 | S9: ="Field "&(COLUMN()-COUNTIF($B$9:R9,"")-1) -> Field 17 | T9: ="Field "&(COLUMN()-COUNTIF($B$9:S9,"")-1) -> Field 18 | U9: ="Field "&(COLUMN()-COUNTIF($B$9:T9,"")-1) -> Field 19 | V9: ="Field "&(COLUMN()-COUNTIF($B$9:U9,"")-1) -> Field 20 | ... Z9: ="Field "&(COLUMN()-COUNTIF($B$9:Y9,"")-1) -> Field 24
B10: 일련번호 | C10: Pool | D10: 채권구분 | E10: 차주일련번호 | F10: 차주명 | G10: Assign | H10: 계좌일련번호 | I10: 계좌번호 | J10: 대출과목 | K10: 최초대출일 | L10: 대출만기일 | M10: 원리금연체기준일자 | N10: 최초 대출원금 | O10: 잔액 통화 | P10: 환산전 대출원금잔액 | Q10: 환산후 대출원금잔액 (A) | R10: 가지급금 잔액 (B) | S10: 미상환원금 잔액 (C=A+B) | T10: 미수이자잔액 (D) | U10: 채권액 합계 (E=C+D) | V10: 약정이자율 (%) | W10: Cut off 적용이자율(%) | X10: 소멸시효 완성 여부 | Y10: 이자계산조회표 제공양식 | Z10: 비고
B11: =ROW()-10 -> 1 | C11: A | D11: R | E11: R-0001 | F11: (주)초**** | G11: =IFERROR(VLOOKUP(E11,Assign!$C$2:$J$142,8,FALSE),) -> 0 | H11: R-0001_01 | I11: 3**-***-7***49 | J11: <기운>일반자금대출(일시상환)신한 플러스 우량외감기업대출 | K11: 44742 | L11: 45747 | M11: 45748 | N11: 8500000000 | O11: KRW | P11: 8500000000 | Q11: 8500000000 | S11: =Q11+R11 -> 8500000000 | U11: =S11+T11 -> 8500000000 | X11: 부
B12: =ROW()-10 -> 2 | C12: A | D12: R | E12: R-0002 | F12: 박** | G12: =IFERROR(VLOOKUP(E12,Assign!$C$2:$J$142,8,FALSE),) -> 0 | H12: R-0002_01 | I12: 3**-***-9***88 | J12: <가계>일반자금대출 TOPS부동산대출(만기일시) | K12: 43280 | L12: 45837 | M12: 45692 | N12: 3550000000 | O12: KRW | P12: 3550000000 | Q12: 3550000000 | S12: =Q12+R12 -> 3550000000 | U12: =S12+T12 -> 3550000000 | X12: 부
B13: =ROW()-10 -> 3 | C13: A | D13: R | E13: R-0002 | F13: 박** | G13: =IFERROR(VLOOKUP(E13,Assign!$C$2:$J$142,8,FALSE),) -> 0 | H13: R-0002_02 | I13: 3**-***-9***36 | J13: <기시>일반자금대출(일시상환) | K13: 43280 | L13: 45708 | M13: 45709 | N13: 1250000000 | O13: KRW | P13: 1250000000 | Q13: 1250000000 | S13: =Q13+R13 -> 1250000000 | U13: =S13+T13 -> 1250000000 | X13: 부
B14: =ROW()-10 -> 4 | C14: A | D14: R | E14: R-0002 | F14: 박** | G14: =IFERROR(VLOOKUP(E14,Assign!$C$2:$J$142,8,FALSE),) -> 0 | H14: R-0002_03 | I14: 3**-***-0***00 | J14: <기시>일반자금대출(일시상환) | K14: 43850 | L14: 45708 | M14: 45709 | N14: 50000000 | O14: KRW | P14: 50000000 | Q14: 50000000 | S14: =Q14+R14 -> 50000000 | U14: =S14+T14 -> 50000000 | X14: 부
B15: =ROW()-10 -> 5 | C15: A | D15: R | E15: R-0002 | F15: 박** | G15: =IFERROR(VLOOKUP(E15,Assign!$C$2:$J$142,8,FALSE),) -> 0 | H15: R-0002_04 | I15: 3**-***-9***91 | J15: <기운>일반자금대출(일시상환) | K15: 45106 | L15: 45837 | M15: 45692 | N15: 1450000000 | O15: KRW | P15: 1450000000 | Q15: 1450000000 | S15: =Q15+R15 -> 1450000000 | U15: =S15+T15 -> 1450000000 | X15: 부
B16: =ROW()-10 -> 6 | C16: A | D16: R | E16: R-0002 | F16: 박** | G16: =IFERROR(VLOOKUP(E16,Assign!$C$2:$J$142,8,FALSE),) -> 0 | H16: R-0002_05 | I16: 3**-***-9***25 | J16: <기운>일반자금대출(일시상환) | K16: 45106 | L16: 45837 | M16: 45692 | N16: 450000000 | O16: KRW | P16: 450000000 | Q16: 450000000 | S16: =Q16+R16 -> 450000000 | U16: =S16+T16 -> 450000000 | X16: 부
B17: =ROW()-10 -> 7 | C17: A | D17: R | E17: R-0003 | F17: 신** | G17: =IFERROR(VLOOKUP(E17,Assign!$C$2:$J$142,8,FALSE),) -> 0 | H17: R-0003_01 | I17: 3**-***-4***42 | J17: <기시>일반자금대출(분할상환) | K17: 44966 | L17: 46062 | M17: 45713 | N17: 5549000000 | O17: KRW | P17: 5504000000 | Q17: 5504000000 | S17: =Q17+R17 -> 5504000000 | U17: =S17+T17 -> 5504000000 | X17: 부
B18: =ROW()-10 -> 8 | C18: A | D18: R | E18: R-0004 | F18: (주)비**** | G18: =IFERROR(VLOOKUP(E18,Assign!$C$2:$J$142,8,FALSE),) -> 0 | H18: R-0004_01 | I18: 3**-***-3***49 | J18: <기시>일반자금대출(일시상환) 신한 파이팅 장기 시설자금대출 | K18: 45092 | L18: 46188 | M18: 45708 | N18: 700000000 | O18: KRW | P18: 697462051 | Q18: 697462051 | S18: =Q18+R18 -> 697462051 | U18: =S18+T18 -> 697462051 | X18: 부
B19: =ROW()-10 -> 9 | C19: A | D19: R | E19: R-0004 | F19: (주)비**** | G19: =IFERROR(VLOOKUP(E19,Assign!$C$2:$J$142,8,FALSE),) -> 0 | H19: R-0004_02 | I19: 3**-***-3***63 | J19: <기시>일반자금대출(분할상환) 기술평가(TCB) 우수기업대출 | K19: 45162 | L19: 48780 | M19: 45692 | N19: 1200000000 | O19: KRW | P19: 1200000000 | Q19: 1200000000 | S19: =Q19+R19 -> 1200000000 | U19: =S19+T19 -> 1200000000 | X19: 부
B20: =ROW()-10 -> 10 | C20: A | D20: R | E20: R-0004 | F20: (주)비**** | G20: =IFERROR(VLOOKUP(E20,Assign!$C$2:$J$142,8,FALSE),) -> 0 | H20: R-0004_03 | I20: 3**-***-3***27 | J20: <기시>일반자금대출(분할상환) 기술평가(TCB) 우수기업대출 | K20: 45162 | L20: 48780 | M20: 45692 | N20: 3300000000 | O20: KRW | P20: 3300000000 | Q20: 3300000000 | S20: =Q20+R20 -> 3300000000 | U20: =S20+T20 -> 3300000000 | X20: 부
B21: =ROW()-10 -> 11 | C21: A | D21: R | E21: R-0006 | F21: (주)진***** | G21: =IFERROR(VLOOKUP(E21,Assign!$C$2:$J$142,8,FALSE),) -> 0 | H21: R-0006_01 | I21: 3**-***-1***25 | J21: <기시>일반자금대출(일시상환) 기술평가(TCB) 우수기업대출 | K21: 45133 | L21: 46225 | M21: 45660 | N21: 2160000000 | O21: KRW | P21: 2160000000 | Q21: 2160000000 | S21: =Q21+R21 -> 2160000000 | U21: =S21+T21 -> 2160000000 | X21: 부
B22: =ROW()-10 -> 12 | C22: A | D22: R | E22: R-0006 | F22: (주)진***** | G22: =IFERROR(VLOOKUP(E22,Assign!$C$2:$J$142,8,FALSE),) -> 0 | H22: R-0006_02 | I22: 3**-***-1***71 | J22: <기시>일반자금대출(분할상환) 기술평가(TCB) 우수기업대출 | K22: 45134 | L22: 48783 | M22: 45660 | N22: 3200000000 | O22: KRW | P22: 2559959940 | Q22: 2559959940 | S22: =Q22+R22 -> 2559959940 | U22: =S22+T22 -> 2559959940 | X22: 부
... B180: =ROW()-10 -> 170 | C180: A | D180: R | E180: R-0072 | F180: 최** | G180: =IFERROR(VLOOKUP(E180,Assign!$C$2:$J$142,8,FALSE),) -> 문선영 | H180: R-0072_05 | I180: 3**-***-9***12 | J180: <기운>일반자금대출(일시상환) | K180: 45061 | L180: 45427 | M180: 45429 | N180: 60000000 | O180: KRW | P180: 60000000 | Q180: 60000000 | S180: =Q180+R180 -> 60000000 | U180: =S180+T180 -> 60000000 | X180: 부
B181: =ROW()-10 -> 171 | C181: A | D181: R | E181: R-0072 | F181: 최** | G181: =IFERROR(VLOOKUP(E181,Assign!$C$2:$J$142,8,FALSE),) -> 문선영 | H181: R-0072_06 | I181: 3**-***-3***50 | K181: 45070 | L181: 45792 | N181: 50000000 | O181: KRW | P181: 0 | Q181: 0 | S181: =Q181+R181 -> 0 | U181: =S181+T181 -> 0 | X181: 부
B182: =ROW()-10 -> 172 | C182: A | D182: R | E182: R-0073 | F182: 김** | G182: =IFERROR(VLOOKUP(E182,Assign!$C$2:$J$142,8,FALSE),) -> 문선영 | H182: R-0073_01 | I182: 3**-***-5***10 | J182: <가계>금리안전모기지론(분할상환,신보출연,플러스모기지론준용) 혼합형 | K182: 41897 | L182: 52855 | M182: 45555 | N182: 420000000 | O182: KRW | P182: 324219042 | Q182: 324219042 | S182: =Q182+R182 -> 324219042 | U182: =S182+T182 -> 324219042 | X182: 부
B183: =ROW()-10 -> 173 | C183: A | D183: R | E183: R-0074 | F183: 임** | G183: =IFERROR(VLOOKUP(E183,Assign!$C$2:$J$142,8,FALSE),) -> 0 | H183: R-0074_01 | I183: 3**-***-8***41 | J183: <가계>일반자금대출 플러스모기지론(분할상환) 신보출연 | K183: 44508 | L183: 57292 | M183: 45545 | N183: 330000000 | O183: KRW | P183: 317722523 | Q183: 317722523 | S183: =Q183+R183 -> 317722523 | U183: =S183+T183 -> 317722523 | X183: 부
B184: =ROW()-10 -> 174 | C184: A | D184: R | E184: R-0075 | F184: 이** | G184: =IFERROR(VLOOKUP(E184,Assign!$C$2:$J$142,8,FALSE),) -> 0 | H184: R-0075_01 | I184: 3**-***-6***87 | J184: <기시>일반자금대출(일시상환) | K184: 44392 | L184: 45488 | M184: 45339 | N184: 317000000 | O184: KRW | P184: 317000000 | Q184: 317000000 | S184: =Q184+R184 -> 317000000 | U184: =S184+T184 -> 317000000 | X184: 부
B185: =ROW()-10 -> 175 | C185: A | D185: R | E185: R-0076 | F185: 이** | G185: =IFERROR(VLOOKUP(E185,Assign!$C$2:$J$142,8,FALSE),) -> 0 | H185: R-0076_01 | I185: 1**-***-8***55 | J185: <기운>종합통장대출(일반) | K185: 43539 | L185: 45550 | M185: 45546 | N185: 44000000 | O185: KRW | P185: 8082529 | Q185: 8082529 | S185: =Q185+R185 -> 8082529 | U185: =S185+T185 -> 8082529 | X185: 부
B186: =ROW()-10 -> 176 | C186: A | D186: R | E186: R-0076 | F186: 이** | G186: =IFERROR(VLOOKUP(E186,Assign!$C$2:$J$142,8,FALSE),) -> 0 | H186: R-0076_02 | I186: 3**-***-9***75 | J186: <가계>일반자금대출 신한주택대출(아파트) 신보출연 | K186: 42598 | L186: 53555 | M186: 45546 | N186: 197000000 | O186: KRW | P186: 160612126 | Q186: 160612126 | S186: =Q186+R186 -> 160612126 | U186: =S186+T186 -> 160612126 | X186: 부
B187: =ROW()-10 -> 177 | C187: A | D187: R | E187: R-0076 | F187: 이** | G187: =IFERROR(VLOOKUP(E187,Assign!$C$2:$J$142,8,FALSE),) -> 0 | H187: R-0076_03 | I187: 3**-***-0***03 | J187: <기시>일반자금대출 신한SOHO명품대출(분할상환) | K187: 43609 | L187: 46161 | M187: 45546 | N187: 500000000 | O187: KRW | P187: 14583333 | Q187: 14583333 | S187: =Q187+R187 -> 14583333 | U187: =S187+T187 -> 14583333 | X187: 부
B188: =ROW()-10 -> 178 | C188: A | D188: R | E188: R-0077 | F188: 김** | G188: =IFERROR(VLOOKUP(E188,Assign!$C$2:$J$142,8,FALSE),) -> 문선영 | H188: R-0077_01 | I188: 3**-***-6***89 | J188: <기시>일반자금대출 신한SOHO명품대출(일시상환) | K188: 43349 | L188: 45905 | M188: 45576 | N188: 310000000 | O188: KRW | P188: 310000000 | Q188: 310000000 | S188: =Q188+R188 -> 310000000 | U188: =S188+T188 -> 310000000 | X188: 부
B189: =ROW()-10 -> 179 | C189: A | D189: R | E189: R-0078 | F189: 이** | G189: =IFERROR(VLOOKUP(E189,Assign!$C$2:$J$142,8,FALSE),) -> 문선영 | H189: R-0078_01 | I189: 1**-***-7***59 | J189: <기운>종합통장대출(일반) | K189: 42528 | L189: 45811 | M189: 45699 | N189: 48000000 | O189: KRW | P189: 48000000 | Q189: 48000000 | S189: =Q189+R189 -> 48000000 | U189: =S189+T189 -> 48000000 | X189: 부
B190: =ROW()-10 -> 180 | C190: A | D190: R | E190: R-0078 | F190: 이** | G190: =IFERROR(VLOOKUP(E190,Assign!$C$2:$J$142,8,FALSE),) -> 문선영 | H190: R-0078_02 | I190: 3**-***-3***95 | J190: <기시>일반자금대출(일시상환) | K190: 44134 | L190: 45960 | M190: 45689 | N190: 130500000 | O190: KRW | P190: 130500000 | Q190: 130500000 | S190: =Q190+R190 -> 130500000 | U190: =S190+T190 -> 130500000 | X190: 부
B191: =ROW()-10 -> 181 | C191: A | D191: R | E191: R-0078 | F191: 이** | G191: =IFERROR(VLOOKUP(E191,Assign!$C$2:$J$142,8,FALSE),) -> 문선영 | H191: R-0078_03 | I191: 3**-***-3***80 | J191: <기시>일반자금대출(일시상환) | K191: 44134 | L191: 45960 | M191: 45689 | N191: 130500000 | O191: KRW | P191: 130500000 | Q191: 130500000 | S191: =Q191+R191 -> 130500000 | U191: =S191+T191 -> 130500000 | X191: 부
B192: =ROW()-10 -> 182 | C192: A | D192: R | E192: R-0079 | F192: 이** | G192: =IFERROR(VLOOKUP(E192,Assign!$C$2:$J$142,8,FALSE),) -> 0 | H192: R-0079_01 | I192: 3**-***-9***32 | J192: <가계>일반자금대출 플러스모기지론(분할상환) 신보출연 | K192: 42877 | L192: 53834 | M192: 45650 | N192: 330000000 | O192: KRW | P192: 278233942 | Q192: 278233942 | S192: =Q192+R192 -> 278233942 | U192: =S192+T192 -> 278233942 | X192: 부
B193: =ROW()-10 -> 183 | C193: A | D193: R | E193: R-0079 | F193: 이** | G193: =IFERROR(VLOOKUP(E193,Assign!$C$2:$J$142,8,FALSE),) -> 0 | H193: R-0079_02 | I193: 3**-***-5***77 | J193: <기운>일반자금대출(분할상환) | K193: 45257 | L193: 45623 | M193: 45624 | N193: 40000000 | O193: KRW | P193: 28965996 | Q193: 28965996 | S193: =Q193+R193 -> 28965996 | U193: =S193+T193 -> 28965996 | X193: 부
... B246: =ROW()-10 -> 236 | C246: A | D246: R | E246: R-0121 | F246: 서** | G246: =IFERROR(VLOOKUP(E246,Assign!$C$2:$J$142,8,FALSE),) -> 문선영 | H246: R-0121_03 | I246: 3**-***-7***43 | J246: <기운>일반자금대출(일시상환) | K246: 44616 | L246: 45712 | M246: 45521 | N246: 50000000 | O246: KRW | P246: 50000000 | Q246: 50000000 | S246: =Q246+R246 -> 50000000 | U246: =S246+T246 -> 50000000 | X246: 부
B247: =ROW()-10 -> 237 | C247: A | D247: R | E247: R-0121 | F247: 서** | G247: =IFERROR(VLOOKUP(E247,Assign!$C$2:$J$142,8,FALSE),) -> 문선영 | H247: R-0121_04 | I247: 3**-***-6***61 | J247: <기운>일반자금대출(분할상환)희망플러스 특례보증 이차보전대출 | K247: 44900 | L247: 46723 | N247: 20000000 | O247: KRW | P247: 0 | Q247: 0 | S247: =Q247+R247 -> 0 | U247: =S247+T247 -> 0 | X247: 부
B248: =ROW()-10 -> 238 | C248: A | D248: R | E248: R-0122 | F248: 송** | G248: =IFERROR(VLOOKUP(E248,Assign!$C$2:$J$142,8,FALSE),) -> 0 | H248: R-0122_01 | I248: 3**-***-7***59 | J248: <가계>일반자금대출 플러스모기지론(분할상환) 신보출연 | K248: 45148 | L248: 59758 | M248: 45517 | N248: 171000000 | O248: KRW | P248: 169552820 | Q248: 169552820 | S248: =Q248+R248 -> 169552820 | U248: =S248+T248 -> 169552820 | X248: 부
B249: =ROW()-10 -> 239 | C249: A | D249: R | E249: R-0123 | F249: 정** | G249: =IFERROR(VLOOKUP(E249,Assign!$C$2:$J$142,8,FALSE),) -> 0 | H249: R-0123_01 | I249: 3**-***-2***16 | J249: <가계>일반자금대출 플러스모기지론(분할상환) 신보출연 | K249: 43313 | L249: 54271 | M249: 45598 | N249: 192000000 | O249: KRW | P249: 168446658 | Q249: 168446658 | S249: =Q249+R249 -> 168446658 | U249: =S249+T249 -> 168446658 | X249: 부
B250: =ROW()-10 -> 240 | C250: A | D250: R | E250: R-0124 | F250: 박** | G250: =IFERROR(VLOOKUP(E250,Assign!$C$2:$J$142,8,FALSE),) -> 0 | H250: R-0124_01 | I250: 3**-***-3***52 | J250: <가계>일반자금대출 플러스모기지론(분할상환) 신보출연 | K250: 43270 | L250: 54228 | M250: 45555 | N250: 189000000 | O250: KRW | P250: 167278846 | Q250: 167278846 | S250: =Q250+R250 -> 167278846 | U250: =S250+T250 -> 167278846 | X250: 부
B251: =ROW()-10 -> 241 | C251: A | D251: R | E251: R-0125 | F251: 임** | G251: =IFERROR(VLOOKUP(E251,Assign!$C$2:$J$142,8,FALSE),) -> 문선영 | H251: R-0125_01 | I251: 3**-***-5***27 | J251: <가계>일반자금대출 플러스모기지론(분할상환) | K251: 44641 | L251: 57425 | M251: 45587 | N251: 170000000 | O251: KRW | P251: 165224788 | Q251: 165224788 | S251: =Q251+R251 -> 165224788 | U251: =S251+T251 -> 165224788 | X251: 부
B252: =ROW()-10 -> 242 | C252: A | D252: R | E252: R-0127 | F252: 김** | G252: =IFERROR(VLOOKUP(E252,Assign!$C$2:$J$142,8,FALSE),) -> 문선영 | H252: R-0127_01 | I252: 3**-***-5***28 | J252: <가계>금리안전모기지론(분할상환,신보출연) 혼합형 | K252: 42377 | L252: 53335 | M252: 45513 | N252: 226000000 | O252: KRW | P252: 161966466 | Q252: 161966466 | S252: =Q252+R252 -> 161966466 | U252: =S252+T252 -> 161966466 | X252: 부
B253: =ROW()-10 -> 243 | C253: A | D253: R | E253: R-0128 | F253: 이** | G253: =IFERROR(VLOOKUP(E253,Assign!$C$2:$J$142,8,FALSE),) -> 문선영 | H253: R-0128_01 | I253: 3**-***-3***07 | J253: <가계>일반자금대출 신한주택대출(분할상환) | K253: 44963 | L253: 55921 | M253: 45633 | N253: 170000000 | O253: KRW | P253: 160083258 | Q253: 160083258 | S253: =Q253+R253 -> 160083258 | U253: =S253+T253 -> 160083258 | X253: 부
B254: =ROW()-10 -> 244 | C254: A | D254: R | E254: R-0129 | F254: 조** | G254: =IFERROR(VLOOKUP(E254,Assign!$C$2:$J$142,8,FALSE),) -> 0 | H254: R-0129_01 | I254: 3**-***-1***75 | J254: <가계>일반자금대출 플러스모기지론(분할상환) | K254: 45226 | L254: 59836 | M254: 45484 | N254: 160000000 | O254: KRW | P254: 159135616 | Q254: 159135616 | S254: =Q254+R254 -> 159135616 | U254: =S254+T254 -> 159135616 | X254: 부
B255: =ROW()-10 -> 245 | C255: A | D255: R | E255: R-0130 | F255: 한** | G255: =IFERROR(VLOOKUP(E255,Assign!$C$2:$J$142,8,FALSE),) -> 0 | H255: R-0130_01 | I255: 3**-***-9***53 | J255: <가계>일반자금대출 생애최초구입자금대출(특례구입자금보증)(아파트)(분할상환) | K255: 45154 | L255: 59764 | M255: 45615 | N255: 160000000 | O255: KRW | P255: 158472331 | Q255: 158472331 | S255: =Q255+R255 -> 158472331 | U255: =S255+T255 -> 158472331 | X255: 부
B256: =ROW()-10 -> 246 | C256: A | D256: R | E256: R-0131 | F256: 박** | G256: =IFERROR(VLOOKUP(E256,Assign!$C$2:$J$142,8,FALSE),) -> 0 | H256: R-0131_01 | I256: 1**-***-2***71 | J256: <기운>종합통장대출(일반) | K256: 41303 | L256: 45853 | M256: 45636 | N256: 34000000 | O256: KRW | P256: 34000000 | Q256: 34000000 | S256: =Q256+R256 -> 34000000 | U256: =S256+T256 -> 34000000 | X256: 부
B257: =ROW()-10 -> 247 | C257: A | D257: R | E257: R-0131 | F257: 박** | G257: =IFERROR(VLOOKUP(E257,Assign!$C$2:$J$142,8,FALSE),) -> 0 | H257: R-0131_02 | I257: 3**-***-7***56 | J257: <기운>일반자금대출(일시상환) | K257: 43843 | L257: 45670 | M257: 45610 | N257: 89000000 | O257: KRW | P257: 89000000 | Q257: 89000000 | S257: =Q257+R257 -> 89000000 | U257: =S257+T257 -> 89000000 | X257: 부
B258: =ROW()-10 -> 248 | C258: A | D258: R | E258: R-0131 | F258: 박** | G258: =IFERROR(VLOOKUP(E258,Assign!$C$2:$J$142,8,FALSE),) -> 0 | H258: R-0131_03 | I258: 3**-***-7***85 | J258: <기운>일반자금대출(일시상환) | K258: 43843 | L258: 45670 | M258: 45610 | N258: 34000000 | O258: KRW | P258: 34000000 | Q258: 34000000 | S258: =Q258+R258 -> 34000000 | U258: =S258+T258 -> 34000000 | X258: 부
B259: =ROW()-10 -> 249 | C259: A | D259: R | E259: R-0132 | F259: 김** | G259: =IFERROR(VLOOKUP(E259,Assign!$C$2:$J$142,8,FALSE),) -> 0 | H259: R-0132_01 | I259: 3**-***-7***43 | J259: <가계>금리안전모기지론(분할상환,신보출연,플러스모기지론준용) 혼합형 | K259: 42100 | L259: 53058 | M259: 45420 | N259: 197000000 | O259: KRW | P259: 156220995 | Q259: 156220995 | S259: =Q259+R259 -> 156220995 | U259: =S259+T259 -> 156220995 | X259: 부
... B447: =ROW()-10 -> 437 | C447: A | D447: S | E447: S-0010 | F447: 강** | G447: =IFERROR(VLOOKUP(E447,Assign!$C$2:$J$142,8,FALSE),) -> 0 | H447: S-0010_01 | I447: 3**-***-0***73 | J447: <가계>일반자금대출 플러스모기지론(분할상환) 신보출연 | K447: 43686 | L447: 54644 | M447: 45727 | N447: 260000000 | O447: KRW | P447: 212333268 | Q447: 212333268 | S447: =Q447+R447 -> 212333268 | U447: =S447+T447 -> 212333268 | X447: 부
B448: =ROW()-10 -> 438 | C448: A | D448: S | E448: S-0011 | F448: (주)자***** | G448: =IFERROR(VLOOKUP(E448,Assign!$C$2:$J$142,8,FALSE),) -> 문선영 | H448: S-0011_01 | I448: 1**-***-4***82 | J448: <기운>종합통장대출(일반) | K448: 44369 | L448: 45830 | N448: 200000000 | O448: KRW | P448: 199999900 | Q448: 199999900 | S448: =Q448+R448 -> 199999900 | U448: =S448+T448 -> 199999900 | X448: 부
B449: =ROW()-10 -> 439 | C449: A | D449: S | E449: S-0011 | F449: (주)자***** | G449: =IFERROR(VLOOKUP(E449,Assign!$C$2:$J$142,8,FALSE),) -> 문선영 | H449: S-0011_02 | I449: 3**-***-7***79 | J449: <기시>일반자금대출(일시상환) | K449: 44369 | L449: 45830 | M449: 45770 | N449: 126000000 | O449: KRW | P449: 126000000 | Q449: 126000000 | S449: =Q449+R449 -> 126000000 | U449: =S449+T449 -> 126000000 | X449: 부
B450: =ROW()-10 -> 440 | C450: A | D450: S | E450: S-0011 | F450: (주)자***** | G450: =IFERROR(VLOOKUP(E450,Assign!$C$2:$J$142,8,FALSE),) -> 문선영 | H450: S-0011_03 | I450: 3**-***-7***46 | J450: <기운>일반자금대출(일시상환) | K450: 44369 | L450: 45830 | M450: 45770 | N450: 500000000 | O450: KRW | P450: 500000000 | Q450: 500000000 | S450: =Q450+R450 -> 500000000 | U450: =S450+T450 -> 500000000 | X450: 부
B451: =ROW()-10 -> 441 | C451: A | D451: S | E451: S-0011 | F451: (주)자***** | G451: =IFERROR(VLOOKUP(E451,Assign!$C$2:$J$142,8,FALSE),) -> 문선영 | H451: S-0011_04 | I451: 3**-***-4***20 | J451: <기운>일반자금대출(일시상환) | K451: 44890 | L451: 45989 | M451: 45773 | N451: 200000000 | O451: KRW | P451: 200000000 | Q451: 200000000 | S451: =Q451+R451 -> 200000000 | U451: =S451+T451 -> 200000000 | X451: 부
B452: =ROW()-10 -> 442 | C452: A | D452: S | E452: S-0011 | F452: (주)자***** | G452: =IFERROR(VLOOKUP(E452,Assign!$C$2:$J$142,8,FALSE),) -> 문선영 | H452: S-0011_05 | I452: 3**-***-4***86 | J452: <기운>일반자금대출(일시상환) | K452: 44890 | L452: 45989 | M452: 45773 | N452: 200000000 | O452: KRW | P452: 200000000 | Q452: 200000000 | S452: =Q452+R452 -> 200000000 | U452: =S452+T452 -> 200000000 | X452: 부
B453: =ROW()-10 -> 443 | C453: A | D453: S | E453: S-0011 | F453: (주)자***** | G453: =IFERROR(VLOOKUP(E453,Assign!$C$2:$J$142,8,FALSE),) -> 문선영 | H453: S-0011_06 | I453: 3**-***-8***38 | J453: <기운>일반자금대출(일시상환) | K453: 45467 | L453: 45832 | M453: 45772 | N453: 70000000 | O453: KRW | P453: 70000000 | Q453: 70000000 | S453: =Q453+R453 -> 70000000 | U453: =S453+T453 -> 70000000 | X453: 부
B454: =ROW()-10 -> 444 | C454: A | D454: S | E454: S-0011 | F454: (주)자***** | G454: =IFERROR(VLOOKUP(E454,Assign!$C$2:$J$142,8,FALSE),) -> 문선영 | H454: S-0011_07 | I454: 3**-***-6***07 | J454: <기운>일반자금대출(일시상환) | K454: 45483 | L454: 45848 | N454: 150000000 | O454: KRW | P454: 150000000 | Q454: 150000000 | S454: =Q454+R454 -> 150000000 | U454: =S454+T454 -> 150000000 | X454: 부
B455: =ROW()-10 -> 445 | C455: A | D455: S | E455: S-0011 | F455: (주)자***** | G455: =IFERROR(VLOOKUP(E455,Assign!$C$2:$J$142,8,FALSE),) -> 문선영 | H455: S-0011_08 | I455: 3**-***-3***65 | J455: <기운>B2B구매자금대출<총액외기타> | K455: 45467 | L455: 45832 | M455: 45770 | N455: 200000000 | O455: KRW | P455: 37103000 | Q455: 37103000 | S455: =Q455+R455 -> 37103000 | U455: =S455+T455 -> 37103000 | X455: 부
B456: =ROW()-10 -> 446 | C456: A | D456: S | E456: S-0011 | F456: (주)자***** | G456: =IFERROR(VLOOKUP(E456,Assign!$C$2:$J$142,8,FALSE),) -> 문선영 | H456: S-0011_09 | I456: 3**-***-3***65 | J456: <기운>B3B구매자금대출<총액외기타> | K456: 45467 | L456: 45832 | M456: 45770 | N456: 200000000 | O456: KRW | P456: 189200 | Q456: 189200 | S456: =Q456+R456 -> 189200 | U456: =S456+T456 -> 189200 | X456: 부
B457: =ROW()-10 -> 447 | C457: A | D457: S | E457: S-0011 | F457: (주)자***** | G457: =IFERROR(VLOOKUP(E457,Assign!$C$2:$J$142,8,FALSE),) -> 문선영 | H457: S-0011_10 | I457: 3**-***-3***65 | J457: <기운>B4B구매자금대출<총액외기타> | K457: 45467 | L457: 45832 | M457: 45770 | N457: 200000000 | O457: KRW | P457: 2420000 | Q457: 2420000 | S457: =Q457+R457 -> 2420000 | U457: =S457+T457 -> 2420000 | X457: 부
B458: =ROW()-10 -> 448 | C458: A | D458: S | E458: S-0011 | F458: (주)자***** | G458: =IFERROR(VLOOKUP(E458,Assign!$C$2:$J$142,8,FALSE),) -> 문선영 | H458: S-0011_11 | I458: 3**-***-3***65 | J458: <기운>B5B구매자금대출<총액외기타> | K458: 45467 | L458: 45832 | M458: 45770 | N458: 200000000 | O458: KRW | P458: 23617000 | Q458: 23617000 | S458: =Q458+R458 -> 23617000 | U458: =S458+T458 -> 23617000 | X458: 부
B459: =ROW()-10 -> 449 | C459: A | D459: S | E459: S-0011 | F459: (주)자***** | G459: =IFERROR(VLOOKUP(E459,Assign!$C$2:$J$142,8,FALSE),) -> 문선영 | H459: S-0011_12 | I459: 3**-***-3***65 | J459: <기운>B6B구매자금대출<총액외기타> | K459: 45467 | L459: 45832 | M459: 45770 | N459: 200000000 | O459: KRW | P459: 660000 | Q459: 660000 | S459: =Q459+R459 -> 660000 | U459: =S459+T459 -> 660000 | X459: 부
B460: =ROW()-10 -> 450 | C460: A | D460: S | E460: S-0011 | F460: (주)자***** | G460: =IFERROR(VLOOKUP(E460,Assign!$C$2:$J$142,8,FALSE),) -> 문선영 | H460: S-0011_13 | I460: 3**-***-3***65 | J460: <기운>B7B구매자금대출<총액외기타> | K460: 45467 | L460: 45832 | M460: 45770 | N460: 200000000 | O460: KRW | P460: 1892000 | Q460: 1892000 | S460: =Q460+R460 -> 1892000 | U460: =S460+T460 -> 1892000 | X460: 부
B461: =ROW()-10 -> 451 | C461: A | D461: S | E461: S-0011 | F461: (주)자***** | G461: =IFERROR(VLOOKUP(E461,Assign!$C$2:$J$142,8,FALSE),) -> 문선영 | H461: S-0011_14 | I461: 3**-***-3***65 | J461: <기운>B8B구매자금대출<총액외기타> | K461: 45467 | L461: 45832 | M461: 45770 | N461: 200000000 | O461: KRW | P461: 38687000 | Q461: 38687000 | S461: =Q461+R461 -> 38687000 | U461: =S461+T461 -> 38687000 | X461: 부
B462: =ROW()-10 -> 452 | C462: A | D462: S | E462: S-0011 | F462: (주)자***** | G462: =IFERROR(VLOOKUP(E462,Assign!$C$2:$J$142,8,FALSE),) -> 문선영 | H462: S-0011_15 | I462: 3**-***-3***65 | J462: <기운>B9B구매자금대출<총액외기타> | K462: 45467 | L462: 45832 | M462: 45770 | N462: 200000000 | O462: KRW | P462: 2365000 | Q462: 2365000 | S462: =Q462+R462 -> 2365000 | U462: =S462+T462 -> 2365000 | X462: 부
B463: =ROW()-10 -> 453 | C463: A | D463: S | E463: S-0011 | F463: (주)자***** | G463: =IFERROR(VLOOKUP(E463,Assign!$C$2:$J$142,8,FALSE),) -> 문선영 | H463: S-0011_16 | I463: 3**-***-3***65 | J463: <기운>B10B구매자금대출<총액외기타> | K463: 45467 | L463: 45832 | M463: 45770 | N463: 200000000 | O463: KRW | P463: 1980000 | Q463: 1980000 | S463: =Q463+R463 -> 1980000 | U463: =S463+T463 -> 1980000 | X463: 부
B464: =ROW()-10 -> 454 | C464: A | D464: S | E464: S-0011 | F464: (주)자***** | G464: =IFERROR(VLOOKUP(E464,Assign!$C$2:$J$142,8,FALSE),) -> 문선영 | H464: S-0011_17 | I464: 3**-***-3***65 | J464: <기운>B11B구매자금대출<총액외기타> | K464: 45467 | L464: 45832 | M464: 45776 | N464: 200000000 | O464: KRW | P464: 13486000 | Q464: 13486000 | S464: =Q464+R464 -> 13486000 | U464: =S464+T464 -> 13486000 | X464: 부
B465: =ROW()-10 -> 455 | C465: A | D465: S | E465: S-0011 | F465: (주)자***** | G465: =IFERROR(VLOOKUP(E465,Assign!$C$2:$J$142,8,FALSE),) -> 문선영 | H465: S-0011_18 | I465: 3**-***-3***65 | J465: <기운>B12B구매자금대출<총액외기타> | K465: 45467 | L465: 45832 | M465: =IF(#REF!="","",(LEFT(#REF!,4)&"-"&MID(#REF!,5,2)&"-"&RIGHT(#REF!,2))) -> #REF! | N465: 200000000 | O465: KRW | P465: 1980000 | Q465: 1980000 | S465: =Q465+R465 -> 1980000 | U465: =S465+T465 -> 1980000 | X465: 부
B466: =ROW()-10 -> 456 | C466: B | D466: R | E466: R-1001 | F466: (주)디**** | G466: =IFERROR(VLOOKUP(E466,Assign!$C$2:$J$142,8,FALSE),) -> 0 | H466: R-1001_01 | I466: 3**-***-7***11 | J466: <기운>일반자금대출(일시상환) | K466: 45260 | L466: 45991 | M466: 45699 | N466: 3650000000 | O466: KRW | P466: 3650000000 | Q466: 3650000000 | S466: =Q466+R466 -> 3650000000 | U466: =S466+T466 -> 3650000000 | X466: 부
B467: =ROW()-10 -> 457 | C467: B | D467: R | E467: R-1001 | F467: (주)디**** | G467: =IFERROR(VLOOKUP(E467,Assign!$C$2:$J$142,8,FALSE),) -> 0 | H467: R-1001_02 | I467: 3**-***-7***96 | J467: <기시>일반자금대출(일시상환) | K467: 45260 | L467: 45991 | M467: 45699 | N467: 5350000000 | O467: KRW | P467: 5350000000 | Q467: 5350000000 | S467: =Q467+R467 -> 5350000000 | U467: =S467+T467 -> 5350000000 | X467: 부
B468: =ROW()-10 -> 458 | C468: B | D468: R | E468: R-1003 | F468: (주)명****** | G468: =IFERROR(VLOOKUP(E468,Assign!$C$2:$J$142,8,FALSE),) -> 0 | H468: R-1003_01 | I468: 3**-***-0***94 | J468: <시설>외화대출(분할상환)ChangeUP대출 | K468: 38960 | L468: 45717 | M468: 45701 | N468: 2.5662555e+08 | O468: JPY | P468: 24107700 | Q468: 2.40361e+08 | S468: =Q468+R468 -> 2.40361e+08 | U468: =S468+T468 -> 2.40361e+08 | X468: 부
B469: =ROW()-10 -> 459 | C469: B | D469: R | E469: R-1003 | F469: (주)명****** | G469: =IFERROR(VLOOKUP(E469,Assign!$C$2:$J$142,8,FALSE),) -> 0 | H469: R-1003_02 | I469: 3**-***-0***05 | J469: <시설>외화대출(CHANGEUP) | K469: 38960 | L469: 45717 | M469: 45701 | N469: 6777809940 | O469: JPY | P469: 679800000 | Q469: 6777809940 | S469: =Q469+R469 -> 6777809940 | U469: =S469+T469 -> 6777809940 | X469: 부
B470: =ROW()-10 -> 460 | C470: B | D470: R | E470: R-1004 | F470: 이****(주) | G470: =IFERROR(VLOOKUP(E470,Assign!$C$2:$J$142,8,FALSE),) -> 0 | H470: R-1004_01 | I470: 3**-***-9***90 | J470: <기운>일반자금대출(일시상환) | K470: 45531 | L470: 45896 | M470: 45717 | N470: 4375000000 | O470: KRW | P470: 4375000000 | Q470: 4375000000 | S470: =Q470+R470 -> 4375000000 | U470: =S470+T470 -> 4375000000 | X470: 부
B471: =ROW()-10 -> 461 | C471: B | D471: R | E471: R-1004 | F471: 이****(주) | G471: =IFERROR(VLOOKUP(E471,Assign!$C$2:$J$142,8,FALSE),) -> 0 | H471: R-1004_02 | I471: 3**-***-9***89 | J471: <기운>일반자금대출(분할상환) | K471: 45531 | L471: 46626 | M471: 45716 | N471: 1000000000 | O471: KRW | P471: 860991811 | Q471: 860991811 | S471: =Q471+R471 -> 860991811 | U471: =S471+T471 -> 860991811 | X471: 부
B472: =ROW()-10 -> 462 | C472: B | D472: R | E472: R-1006 | F472: 주식회사엘******** | G472: =IFERROR(VLOOKUP(E472,Assign!$C$2:$J$142,8,FALSE),) -> 0 | H472: R-1006_01 | I472: 3**-***-6***30 | J472: <기시>일반자금대출(일시상환) | K472: 45411 | L472: 45748 | M472: 45749 | N472: 2370000000 | O472: KRW | P472: 2370000000 | Q472: 2370000000 | S472: =Q472+R472 -> 2370000000 | U472: =S472+T472 -> 2370000000 | X472: 부
B473: =ROW()-10 -> 463 | C473: B | D473: R | E473: R-1006 | F473: 주식회사엘******** | G473: =IFERROR(VLOOKUP(E473,Assign!$C$2:$J$142,8,FALSE),) -> 0 | H473: R-1006_02 | I473: 3**-***-0***04 | J473: <기시>일반자금대출(일시상환) | K473: 45446 | L473: 45748 | M473: 45749 | N473: 1060000000 | O473: KRW | P473: 1060000000 | Q473: 1060000000 | S473: =Q473+R473 -> 1060000000 | U473: =S473+T473 -> 1060000000 | X473: 부
B474: =ROW()-10 -> 464 | C474: B | D474: R | E474: R-1006 | F474: 주식회사엘******** | G474: =IFERROR(VLOOKUP(E474,Assign!$C$2:$J$142,8,FALSE),) -> 0 | H474: R-1006_03 | I474: 3**-***-2***53 | J474: <기시>산업은행 특별온렌딩대출(ON-LENDING)_금리우대0.1%전용 | K474: 44613 | L474: 48197 | M474: 45734 | N474: 2000000000 | O474: KRW | P474: 1750000000 | Q474: 1750000000 | S474: =Q474+R474 -> 1750000000 | U474: =S474+T474 -> 1750000000 | X474: 부
B475: =ROW()-10 -> 465 | C475: B | D475: R | E475: R-1007 | F475: (주)가**** | G475: =IFERROR(VLOOKUP(E475,Assign!$C$2:$J$142,8,FALSE),) -> 0 | H475: R-1007_01 | I475: 3**-***-9***41 | J475: <기운>일반자금대출(일시상환) 신한 파이팅 운전자금대출(비외감) | K475: 43405 | L475: 45772 | M475: 45665 | N475: 200000000 | O475: KRW | P475: 200000000 | Q475: 200000000 | S475: =Q475+R475 -> 200000000 | U475: =S475+T475 -> 200000000 | X475: 부
B476: =ROW()-10 -> 466 | C476: B | D476: R | E476: R-1007 | F476: (주)가**** | G476: =IFERROR(VLOOKUP(E476,Assign!$C$2:$J$142,8,FALSE),) -> 0 | H476: R-1007_02 | I476: 3**-***-9***87 | J476: <기운>일반자금대출(일시상환) 신한 파이팅 운전자금대출(비외감) | K476: 43405 | L476: 45772 | M476: 45665 | N476: 235000000 | O476: KRW | P476: 235000000 | Q476: 235000000 | S476: =Q476+R476 -> 235000000 | U476: =S476+T476 -> 235000000 | X476: 부
B477: =ROW()-10 -> 467 | C477: B | D477: R | E477: R-1007 | F477: (주)가**** | G477: =IFERROR(VLOOKUP(E477,Assign!$C$2:$J$142,8,FALSE),) -> 0 | H477: R-1007_03 | I477: 3**-***-3***13 | J477: <기시>일반자금대출(일시상환) | K477: 44762 | L477: 45674 | M477: 45664 | N477: 1360000000 | O477: KRW | P477: 1360000000 | Q477: 1360000000 | S477: =Q477+R477 -> 1360000000 | U477: =S477+T477 -> 1360000000 | X477: 부
... B542: =ROW()-10 -> 532 | C542: B | D542: R | E542: R-1029 | F542: 최** | G542: =IFERROR(VLOOKUP(E542,Assign!$C$2:$J$142,8,FALSE),) -> 0 | H542: R-1029_02 | I542: 1**-***-2***97 | J542: <기운>종합통장대출(일반) | K542: 40976 | L542: 45685 | M542: 45601 | N542: 400000000 | O542: KRW | P542: 394848610 | Q542: 394848610 | S542: =Q542+R542 -> 394848610 | U542: =S542+T542 -> 394848610 | X542: 부
B543: =ROW()-10 -> 533 | C543: B | D543: R | E543: R-1029 | F543: 최** | G543: =IFERROR(VLOOKUP(E543,Assign!$C$2:$J$142,8,FALSE),) -> 0 | H543: R-1029_03 | I543: 3**-***-0***36 | J543: <기운>일반자금대출(분할상환) 서울특별시 이차보전(4무안심금융(일반)) | K543: 44376 | L543: 46202 | N543: 50000000 | O543: KRW | P543: 0 | Q543: 0 | S543: =Q543+R543 -> 0 | U543: =S543+T543 -> 0 | X543: 부
B544: =ROW()-10 -> 534 | C544: B | D544: R | E544: R-1029 | F544: 최** | G544: =IFERROR(VLOOKUP(E544,Assign!$C$2:$J$142,8,FALSE),) -> 0 | H544: R-1029_04 | I544: 3**-***-2***65 | J544: <가계>프리워크아웃 신한주택대출(아파트) | K544: 45296 | L544: 59906 | M544: 45503 | N544: 222083235 | O544: KRW | P544: 222083235 | Q544: 222083235 | S544: =Q544+R544 -> 222083235 | U544: =S544+T544 -> 222083235 | X544: 부
B545: =ROW()-10 -> 535 | C545: B | D545: R | E545: R-1029 | F545: 최** | G545: =IFERROR(VLOOKUP(E545,Assign!$C$2:$J$142,8,FALSE),) -> 0 | H545: R-1029_05 | I545: 3**-***-4***69 | J545: <기운>일반자금대출(일시상환) | K545: 45321 | L545: 45687 | M545: 45504 | N545: 100000000 | O545: KRW | P545: 100000000 | Q545: 100000000 | S545: =Q545+R545 -> 100000000 | U545: =S545+T545 -> 100000000 | X545: 부
B546: =ROW()-10 -> 536 | C546: B | D546: R | E546: R-1031 | F546: 비****** 주식회사 B* ********** | G546: =IFERROR(VLOOKUP(E546,Assign!$C$2:$J$142,8,FALSE),) -> 문선영 | H546: R-1031_01 | I546: 3**-***-3***07 | J546: <기운>일반자금대출(일시상환) | K546: 45518 | L546: 45702 | M546: 45703 | N546: 723000000 | O546: KRW | P546: 707528316 | Q546: 707528316 | S546: =Q546+R546 -> 707528316 | U546: =S546+T546 -> 707528316 | X546: 부
B547: =ROW()-10 -> 537 | C547: B | D547: R | E547: R-1031 | F547: 비****** 주식회사 B* ********** | G547: =IFERROR(VLOOKUP(E547,Assign!$C$2:$J$142,8,FALSE),) -> 문선영 | H547: R-1031_02 | I547: 3**-***-8***21 | J547: 외화지급보증대지급금 | K547: 44279 | L547: 45740 | M547: 45604 | N547: 270000 | O547: KRW | P547: 27080007 | Q547: 27080007 | S547: =Q547+R547 -> 27080007 | U547: =S547+T547 -> 27080007 | X547: 부
B548: =ROW()-10 -> 538 | C548: B | D548: R | E548: R-1031 | F548: 비****** 주식회사 B* ********** | G548: =IFERROR(VLOOKUP(E548,Assign!$C$2:$J$142,8,FALSE),) -> 문선영 | H548: R-1031_03 | I548: 3**-***-8***66 | J548: 외화지급보증대지급금 | K548: 44279 | L548: 45740 | M548: 45623 | N548: 270000 | O548: KRW | P548: 15678385 | Q548: 15678385 | S548: =Q548+R548 -> 15678385 | U548: =S548+T548 -> 15678385 | X548: 부
B549: =ROW()-10 -> 539 | C549: B | D549: R | E549: R-1031 | F549: 비****** 주식회사 B* ********** | G549: =IFERROR(VLOOKUP(E549,Assign!$C$2:$J$142,8,FALSE),) -> 문선영 | H549: R-1031_04 | I549: 3**-***-8***81 | J549: 외화지급보증대지급금 | K549: 44279 | L549: 45740 | M549: 45629 | N549: 270000 | O549: KRW | P549: 35041762 | Q549: 35041762 | S549: =Q549+R549 -> 35041762 | U549: =S549+T549 -> 35041762 | X549: 부
B550: =ROW()-10 -> 540 | C550: B | D550: R | E550: R-1031 | F550: 비****** 주식회사 B* ********** | G550: =IFERROR(VLOOKUP(E550,Assign!$C$2:$J$142,8,FALSE),) -> 문선영 | H550: R-1031_05 | I550: 3**-***-8***25 | J550: 외화지급보증대지급금 | K550: 44279 | L550: 45740 | M550: 45631 | N550: 270000 | O550: KRW | P550: 87684892 | Q550: 87684892 | S550: =Q550+R550 -> 87684892 | U550: =S550+T550 -> 87684892 | X550: 부
B551: =ROW()-10 -> 541 | C551: B | D551: R | E551: R-1031 | F551: 비****** 주식회사 B* ********** | G551: =IFERROR(VLOOKUP(E551,Assign!$C$2:$J$142,8,FALSE),) -> 문선영 | H551: R-1031_06 | I551: 3**-***-8***03 | J551: 외화지급보증대지급금 | K551: 44279 | L551: 45740 | M551: 45650 | N551: 270000 | O551: KRW | P551: 47147665 | Q551: 47147665 | S551: =Q551+R551 -> 47147665 | U551: =S551+T551 -> 47147665 | X551: 부
B552: =ROW()-10 -> 542 | C552: B | D552: R | E552: R-1031 | F552: 비****** 주식회사 B* ********** | G552: =IFERROR(VLOOKUP(E552,Assign!$C$2:$J$142,8,FALSE),) -> 문선영 | H552: R-1031_07 | I552: 3**-***-8***60 | J552: 외화지급보증대지급금 | K552: 44279 | L552: 45740 | M552: 45699 | N552: 270000 | O552: KRW | P552: 30012774 | Q552: 30012774 | S552: =Q552+R552 -> 30012774 | U552: =S552+T552 -> 30012774 | X552: 부
B553: =ROW()-10 -> 543 | C553: B | D553: R | E553: R-1031 | F553: 비****** 주식회사 B* ********** | G553: =IFERROR(VLOOKUP(E553,Assign!$C$2:$J$142,8,FALSE),) -> 문선영 | H553: R-1031_08 | I553: 3**-***-8***79 | J553: 외화지급보증대지급금 | K553: 44279 | L553: 45740 | M553: 45699 | N553: 270000 | O553: KRW | P553: 43458379 | Q553: 43458379 | S553: =Q553+R553 -> 43458379 | U553: =S553+T553 -> 43458379 | X553: 부
B554: =ROW()-10 -> 544 | C554: B | D554: R | E554: R-1032 | F554: (주)더***** | G554: =IFERROR(VLOOKUP(E554,Assign!$C$2:$J$142,8,FALSE),) -> 문선영 | H554: R-1032_01 | I554: 3**-***-7***33 | J554: <기시>일반자금대출(일시상환) 신한 파이팅 장기 시설자금대출 | K554: 43676 | L554: 45807 | M554: 45717 | N554: 654000000 | O554: KRW | P554: 633000000 | Q554: 633000000 | S554: =Q554+R554 -> 633000000 | U554: =S554+T554 -> 633000000 | X554: 부
B555: =ROW()-10 -> 545 | C555: B | D555: R | E555: R-1032 | F555: (주)더***** | G555: =IFERROR(VLOOKUP(E555,Assign!$C$2:$J$142,8,FALSE),) -> 문선영 | H555: R-1032_02 | I555: 3**-***-5***83 | J555: <기운>일반자금대출(일시상환) | K555: 44039 | L555: 45807 | M555: 45717 | N555: 279000000 | O555: KRW | P555: 279000000 | Q555: 279000000 | S555: =Q555+R555 -> 279000000 | U555: =S555+T555 -> 279000000 | X555: 부
... B931: =ROW()-10 -> 921 | C931: D | D931: R | E931: R-3001 | F931: (주)하*** | G931: =IFERROR(VLOOKUP(E931,Assign!$C$2:$J$142,8,FALSE),) -> 0 | H931: R-3001_01 | I931: 3**-***-6***23 | J931: <기시>일반자금대출(일시상환) | K931: 43768 | L931: 45595 | M931: 45596 | N931: 12700000000 | O931: KRW | P931: 12698158323 | Q931: 12698158323 | S931: =Q931+R931 -> 12698158323 | U931: =S931+T931 -> 12698158323 | X931: 부
B932: =ROW()-10 -> 922 | C932: E | D932: R | E932: R-4001 | F932: (주)유** | G932: =IFERROR(VLOOKUP(E932,Assign!$C$2:$J$142,8,FALSE),) -> 0 | H932: R-4001_01 | I932: 3**-***-8***37 | J932: <기시>일반자금대출(일시상환) | K932: 44370 | L932: 45795 | N932: 9000000000 | O932: KRW | P932: 9000000000 | Q932: 9000000000 | S932: =Q932+R932 -> 9000000000 | U932: =S932+T932 -> 9000000000 | X932: 부
B933: =ROW()-10 -> 923 | C933: E | D933: R | E933: R-4001 | F933: (주)유** | G933: =IFERROR(VLOOKUP(E933,Assign!$C$2:$J$142,8,FALSE),) -> 0 | H933: R-4001_02 | I933: 3**-***-2***80 | J933: <기시>일반자금대출(일시상환) | K933: 44490 | L933: 45795 | N933: 5000000000 | O933: KRW | P933: 5000000000 | Q933: 5000000000 | S933: =Q933+R933 -> 5000000000 | U933: =S933+T933 -> 5000000000 | X933: 부
B934: =ROW()-10 -> 924 | C934: E | D934: R | E934: R-4001 | F934: (주)유** | G934: =IFERROR(VLOOKUP(E934,Assign!$C$2:$J$142,8,FALSE),) -> 0 | H934: R-4001_03 | I934: 3**-***-5***79 | J934: <기시>일반자금대출(분할상환) | K934: 44582 | L934: 45795 | N934: 4438000000 | O934: KRW | P934: 4438000000 | Q934: 4438000000 | S934: =Q934+R934 -> 4438000000 | U934: =S934+T934 -> 4438000000 | X934: 부
P935: =SUM(P11:P934) -> 332916281217 | Q935: =SUM(Q11:Q934) -> 3.4145428e+11 | R935: =SUM(R11:R934) -> 0 | S935: =SUM(S11:S934) -> 3.4145428e+11 | T935: =SUM(T11:T934) -> 0 | U935: =SUM(U11:U934) -> 3.4145428e+11

Sheet 3.담보물건
A2: =Description!A2 -> SHB 2025-8 Program
A4: Regular / Special Assets
A6: 3. 담보물건 정보(Property Information) | BZ6: (단위 : 원)
B8: Borrower Identification Information | H8: Basic Property Information | S8: Mortgage Amount | AC8: Senior Claims | AW8: Appraisal Information | BE8: Foreclosure Information | BZ8: Description
B9: ="Field "&COLUMN()-1 -> Field 1 | C9: ="Field "&COLUMN()-1 -> Field 2 | D9: ="Field "&COLUMN()-1 -> Field 3 | E9: ="Field "&(COLUMN()-COUNTIF($B$9:D9,"")-1) -> Field 4 | F9: ="Field "&(COLUMN()-COUNTIF($B$9:E9,"")-1) -> Field 5 | H9: ="Field "&(COLUMN()-COUNTIF($B$9:F9,"")-1) -> Field 7 | I9: ="Field "&(COLUMN()-COUNTIF($B$9:H9,"")-1) -> Field 7 | J9: ="Field "&(COLUMN()-COUNTIF($B$9:I9,"")-1) -> Field 8 | K9: ="Field "&(COLUMN()-COUNTIF($B$9:J9,"")-1) -> Field 9 | L9: ="Field "&(COLUMN()-COUNTIF($B$9:K9,"")-1) -> Field 10 | M9: ="Field "&(COLUMN()-COUNTIF($B$9:L9,"")-1) -> Field 11 | N9: ="Field "&(COLUMN()-COUNTIF($B$9:M9,"")-1) -> Field 12 | O9: ="Field "&(COLUMN()-COUNTIF($B$9:N9,"")-1) -> Field 13 | P9: ="Field "&(COLUMN()-COUNTIF($B$9:O9,"")-1) -> Field 14 | ... AK9: ="Field "&(COLUMN()-COUNTIF($B$9:AJ9,"")-1) -> Field 35 | AL9: ="Field "&(COLUMN()-COUNTIF($B$9:AJ9,"")-1) -> Field 36 | AM9: ="Field "&(COLUMN()-COUNTIF($B$9:AK9,"")-1) -> Field 37 | AN9: ="Field "&(COLUMN()-COUNTIF($B$9:AM9,"")-1) -> Field 38 | AO9: ="Field "&(COLUMN()-COUNTIF($B$9:AN9,"")-1) -> Field 39 | AP9: ="Field "&(COLUMN()-COUNTIF($B$9:AO9,"")-1) -> Field 40 | AQ9: ="Field "&(COLUMN()-COUNTIF($B$9:AP9,"")-1) -> Field 41 | AR9: ="Field "&(COLUMN()-COUNTIF($B$9:AQ9,"")-1) -> Field 42 | AS9: ="Field "&(COLUMN()-COUNTIF($B$9:AR9,"")-1) -> Field 43 | AT9: ="Field "&(COLUMN()-COUNTIF($B$9:AS9,"")-1) -> Field 44 | AU9: ="Field "&(COLUMN()-COUNTIF($B$9:AT9,"")-1) -> Field 45 | ... BZ9: ="Field "&(COLUMN()-COUNTIF($B$9:BY9,"")-1) -> Field 76
B10: 일련번호 | C10: Pool | D10: 채권구분 | E10: 차주일련번호 | F10: 차주명 | G10: Assign | H10: 물건번호 | I10: Property 일련번호 | J10: 담보소재지1 (특별,광역시/도) | K10: 담보소재지2 (시/군/구) | L10: 담보소재지3 (동/읍/면/리) | M10: 담보소재지4 (나머지상세지번/기타재산내역) | N10: Property Type | O10: Property- 대지면적 | P10: Property- 건물면적 | Q10: Property- 기타(기계기구등) | R10: 소유자명 | S10: 권리유형 | T10: Property 설정 순위 | U10: 통화표시 | V10: Property별 근저당권설정액 | W10: 환산후 Property별 근저당권설정액 | X10: 공담 Property | Y10: 공담 Property 설정 순위 | Z10: 통화표시 | AA10: 공담 Property 금액 | AB10: 환산후 공담 Property 금액 | AC10: Property별 선순위 설정순위 | AD10: 통화표시 | AE10: Property별 선순위 설정액 | AF10: 환산후 Property별 선순위근저당권 설정액 | AG10: 선순위 공담 Property 설정 순위 | AH10: 선순위 공담순위 | AI10: 통화표시 | AJ10: 선순위 공담 설정액 | AK10: 환산후 선순위 공담 설정액 | AL10: 근저당권 일부이전 순위 | AM10: 통화표시 | AN10: 근저당권 일부이전 금액 | AO10: 근저당권 일부이전기관 | AP10: 선순위 소액보증금 | AQ10: 선순위 임차보증금 | AR10: 선순위 임금채권 | AS10: 선순위 당해세 | AT10: 선순위 조세채권 | AU10: 기타 선순위 | AV10: 합계 | AW10: 감정평가구분 | AX10: 감정평가일 | AY10: 감정평가기관 | AZ10: 감정평가액 _대지 | BA10: 감정평가액 _건물 | BB10: 감정평가액 _기계기구 | BC10: 감정평가액 _제시외 및 기타 | BD10: 감정평가액 _합계 | BE10: 경매 개시여부 | BF10: 경매 관할법원 | BG10: 경매신청기관 (선행) | BH10: 경매개시일자 (선행) | BI10: 경매사건번호 (선행) | BJ10: 배당요구종기일 (선행) | BK10: 청구금액 (선행) | BL10: 경매신청기관 (후행) | BM10: 경매개시일자 (후행) | BN10: 경매사건번호 (후행) | BO10: 배당요구종기일 (후행) | BP10: 청구금액 (후행) | BQ10: 최초법사가 | BR10: 최초경매기일 | BS10: 최종경매회차 | BT10: 최종경매결과 | BU10: 최종경매기일 | BV10: 차기경매기일 | BW10: 매각금액 | BX10: 최종경매일의 최저입찰금액 | BY10: 차후예정경매일의 최저입찰금액 | BZ10: 비고
B11: =ROW()-10 -> 1 | C11: A | D11: R | E11: R-0001 | F11: (주)초**** | G11: =IFERROR(VLOOKUP(E11,Assign!$C$2:$J$142,8,FALSE),) -> 0 | H11: R-0001-1 | I11: 1 | J11: 경기도 | K11: 용인시 처인구 | L11: 남사읍 통삼리 | M11: 636-47, 627-10(토지 2필지) | N11: 임야 | O11: 11383 | R11: 우리자산신탁주식회사 | S11: 우선수익권 | T11: 공동1순위 | U11: KRW | V11: 12000000000 | W11: 12000000000 | AC11: 공동1순위 | AD11: KRW | AE11: 1800000000 | AF11: 1800000000 | AV11: =SUM(AP11:AU11) -> 0 | BD11: =SUM(AZ11:BC11) -> 0 | BE11: N | BF11: 수원지방법원
B12: =ROW()-10 -> 2 | C12: A | D12: R | E12: R-0002 | F12: 박** | G12: =IFERROR(VLOOKUP(E12,Assign!$C$2:$J$142,8,FALSE),) -> 0 | H12: R-0002-1 | I12: 1 | J12: 서울특별시 | K12: 강남구 | L12: 신사동 | M12: 510(토지, 건물) | N12: 근린시설 | O12: 834.9 | P12: 2038.47 | R12: R-0002 | S12: 근저당 | T12: 1 | U12: KRW | V12: 8100000000 | W12: 8100000000 | AV12: =SUM(AP12:AU12) -> 0 | BD12: =SUM(AZ12:BC12) -> 0 | BE12: Y | BF12: 서울중앙지방법원 | BG12: 이** | BH12: 45723 | BI12: 2025타경102253 | BJ12: 45821 | BK12: 405632876 | BL12: 서초중앙새마을금고 | BM12: 45740 | BN12: 2025타경102456 | BP12: 206894060
B13: =ROW()-10 -> 3 | C13: A | D13: R | E13: R-0003 | F13: 신** | G13: =IFERROR(VLOOKUP(E13,Assign!$C$2:$J$142,8,FALSE),) -> 0 | H13: R-0003-1 | I13: 1 | J13: 경기도 | K13: 양주시 | L13: 옥정동 | M13: 950-2 신승프라자 제1층 제101호, 제102호, 제103호, 제104호, 제105호, 제106호, 제107호, 제108호, 제109호, 제110호, 제2층 제201호, 제202호, 제203호, 제204호, 제3층 제301호, 제302호, 제303호, 제304호(집합건물 18개호) | N13: 상가 | O13: 786.0695 | P13: 1471.75 | R13: R-0003 | S13: 근저당 | T13: 1 | U13: KRW | V13: 6658800000 | W13: 6658800000 | X13: 2 | Y13: 1 | Z13: KRW | AA13: 6658800000 | AB13: 6658800000 | AV13: =SUM(AP13:AU13) -> 0 | BD13: =SUM(AZ13:BC13) -> 0 | BE13: Y | BF13: 의정부지방법원 | BG13: 이** | BH13: 45532 | BI13: 2024타경85102 | BJ13: 45614 | BK13: 510000000
B14: =ROW()-10 -> 4 | C14: A | D14: R | E14: R-0003 | F14: 신** | G14: =IFERROR(VLOOKUP(E14,Assign!$C$2:$J$142,8,FALSE),) -> 0 | H14: R-0003-2 | I14: 2 | J14: 경기도 | K14: 양주시 | L14: 옥정동 | M14: 950-2 신승프라자 제4층 제401호, 제402호, 제403호(집합건물 3개호) | N14: 상가 | O14: 263.7305 | P14: 493.78 | R14: R-0003 | S14: 근저당 | T14: 2 | U14: KRW | V14: 6658800000 | W14: 6658800000 | X14: 1 | Y14: 2 | Z14: KRW | AA14: 6658800000 | AB14: 6658800000 | AC14: 1 | AD14: KRW | AE14: 324000000 | AF14: 324000000 | AV14: =SUM(AP14:AU14) -> 0 | BD14: =SUM(AZ14:BC14) -> 0 | BE14: Y | BF14: 의정부지방법원 | BG14: 이** | BH14: 45532 | BI14: 2024타경85102 | BJ14: 45614 | BK14: 상기일괄
B15: =ROW()-10 -> 5 | C15: A | D15: R | E15: R-0004 | F15: (주)비**** | G15: =IFERROR(VLOOKUP(E15,Assign!$C$2:$J$142,8,FALSE),) -> 0 | H15: R-0004-1 | I15: 1 | J15: 전북특별자치도 | K15: 군산시 | L15: 임피면 축산리 | M15: 601(토지, 주건축물제1동, 주건축물제2동 건물 2개동) | N15: 공장 | O15: 7766.5 | P15: 4698.62 | Q15: 3 | R15: R-0004 | S15: 근저당 | T15: 1~2 | U15: KRW | V15: 6240000000 | W15: 6240000000 | AV15: =SUM(AP15:AU15) -> 0 | BD15: =SUM(AZ15:BC15) -> 0 | BE15: N | BF15: 전주지방법원 군산지원
B16: =ROW()-10 -> 6 | C16: A | D16: R | E16: R-0006 | F16: (주)진***** | G16: =IFERROR(VLOOKUP(E16,Assign!$C$2:$J$142,8,FALSE),) -> 0 | H16: R-0006-1 | I16: 1 | J16: 충청남도 | K16: 부여군 | L16: 임천면 점리 | M16: 405-6, 411-1, 414, 414-2, 415, 433, 산226-1(토지 7필지) | N16: 공장용지 | O16: 52304 | R16: R-0006 | S16: 근저당 | T16: 1~3 | U16: KRW | V16: 6710400000 | W16: 6710400000 | AV16: =SUM(AP16:AU16) -> 0 | BD16: =SUM(AZ16:BC16) -> 0 | BE16: N | BF16: 대전지방법원 논산지원
B17: =ROW()-10 -> 7 | C17: A | D17: R | E17: R-0007 | F17: 주식회사더*** | G17: =IFERROR(VLOOKUP(E17,Assign!$C$2:$J$142,8,FALSE),) -> 0 | H17: R-0007-1 | I17: 1 | J17: 충청남도 | K17: 천안시 서북구 | L17: 불당동 | M17: 1485 센트애비뉴 제3층 제302호, 제4층 제402호(집합건물 2개호) | N17: 문화집회시설 | O17: 292.095 | P17: 1104.68 | R17: R-0007 | S17: 근저당 | T17: 1 | U17: KRW | V17: 5400000000 | W17: 5400000000 | AV17: =SUM(AP17:AU17) -> 0 | BD17: =SUM(AZ17:BC17) -> 0 | BE17: N | BF17: 대전지방법원 천안지원
B18: =ROW()-10 -> 8 | C18: A | D18: R | E18: R-0009 | F18: (주)미***** | G18: =IFERROR(VLOOKUP(E18,Assign!$C$2:$J$142,8,FALSE),) -> 0 | H18: R-0009-1 | I18: 1 | J18: 강원특별자치도 | K18: 춘천시 | L18: 동산면 군자리 | M18: 1391(토지, 주건축물제가동, 주건축물제나동 건물 2개동) | N18: 공장 | O18: 8265.9 | P18: 1985.5 | Q18: 4 | R18: 주식회사지*** | S18: 근저당 | T18: 1~3 | U18: KRW | V18: 4695600000 | W18: 4695600000 | AV18: =SUM(AP18:AU18) -> 0 | BD18: =SUM(AZ18:BC18) -> 0 | BE18: Y | BF18: 춘천지방법원 | BG18: SHB | BH18: 45742 | BI18: 2025타경590 | BJ18: 45838 | BK18: 3851328384
B19: =ROW()-10 -> 9 | C19: A | D19: R | E19: R-0009 | F19: (주)미***** | G19: =IFERROR(VLOOKUP(E19,Assign!$C$2:$J$142,8,FALSE),) -> 0 | H19: R-0009-2 | I19: 2 | J19: 강원특별자치도 | K19: 춘천시 | L19: 근화동 | M19: 279-8 신성근화미소지움아파트 제110동 제7층 제702호 | N19: 아파트 | O19: 61.073 | P19: 133.97 | R19: 이**, 이** | S19: 근저당 | T19: 3 | U19: KRW | V19: 66000000 | W19: 66000000 | AC19: 1~2 | AD19: KRW | AE19: 367650000 | AF19: 367650000 | AV19: =SUM(AP19:AU19) -> 0 | AW19: KB시세 | AX19: 45765 | AY19: KB부동산 | BA19: 460000000 | BD19: =SUM(AZ19:BC19) -> 460000000 | BE19: N | BF19: 춘천지방법원
B20: =ROW()-10 -> 10 | C20: A | D20: R | E20: R-0010 | F20: 농업회사법인 권***** 주식회사 | G20: =IFERROR(VLOOKUP(E20,Assign!$C$2:$J$142,8,FALSE),) -> 0 | H20: R-0010-1 | I20: 1 | J20: 강원특별자치도 | K20: 태백시 | L20: 동점동 | M20: 542(토지, 농업회사법인권도영알로에에이치에이씨씨피공장 건물) | N20: 공장 | O20: 7753.8 | P20: 2082.52 | R20: R-0010 | S20: 근저당 | T20: 1~2 | U20: KRW | V20: 4344000000 | W20: 4344000000 | X20: 2 | Y20: 1~2 | Z20: KRW | AA20: 4344000000 | AB20: 4344000000 | AV20: =SUM(AP20:AU20) -> 0 | BD20: =SUM(AZ20:BC20) -> 0 | BE20: N | BF20: 춘천지방법원 영월지원
B21: =ROW()-10 -> 11 | C21: A | D21: R | E21: R-0010 | F21: 농업회사법인 권***** 주식회사 | G21: =IFERROR(VLOOKUP(E21,Assign!$C$2:$J$142,8,FALSE),) -> 0 | H21: R-0010-2 | I21: 2 | J21: 울산광역시 | K21: 중구 | L21: 성안동 | M21: 산339-5, 산339-10(토지 2필지) | N21: 임야 | O21: 3306 | R21: 권**, 장** | S21: 근저당 | T21: 1~2 | U21: KRW | V21: 4344000000 | W21: 4344000000 | X21: 1 | Y21: 1~2 | Z21: KRW | AA21: 4344000000 | AB21: 4344000000 | AV21: =SUM(AP21:AU21) -> 0 | BD21: =SUM(AZ21:BC21) -> 0 | BE21: N | BF21: 울산지방법원
B22: =ROW()-10 -> 12 | C22: A | D22: R | E22: R-0011 | F22: 심** | G22: =IFERROR(VLOOKUP(E22,Assign!$C$2:$J$142,8,FALSE),) -> 0 | H22: R-0011-1 | I22: 1 | J22: 부산광역시 | K22: 사하구 | L22: 장림동 | M22: 989-27(토지, 건물), 989-17(토지) | N22: 공장 | O22: 1118 | P22: 3636.6 | Q22: 2 | R22: R-0011 | S22: 근저당 | T22: 1~2 | U22: KRW | V22: 3996000000 | W22: 3996000000 | AV22: =SUM(AP22:AU22) -> 0 | BD22: =SUM(AZ22:BC22) -> 0 | BE22: N | BF22: 부산지방법원 서부지원
B23: =ROW()-10 -> 13 | C23: A | D23: R | E23: R-0012 | F23: 박** | G23: =IFERROR(VLOOKUP(E23,Assign!$C$2:$J$142,8,FALSE),) -> 0 | H23: R-0012-1 | I23: 1 | J23: 경기도 | K23: 화성시 | L23: 오산동 | M23: 977-3 동탄역스타디움블루 제2층 제201호, 제202호, 제203호, 204호, 제205호(집합건물 5개호) | N23: 상가 | O23: 84.197 | P23: 346.331 | R23: R-0012 | S23: 근저당 | T23: 1 | U23: KRW | V23: 3960000000 | W23: 3960000000 | AV23: =SUM(AP23:AU23) -> 0 | BD23: =SUM(AZ23:BC23) -> 0 | BE23: N | BF23: 수원지방법원
B24: =ROW()-10 -> 14 | C24: A | D24: R | E24: R-0013 | F24: 오** | G24: =IFERROR(VLOOKUP(E24,Assign!$C$2:$J$142,8,FALSE),) -> 0 | H24: R-0013-1 | I24: 1 | J24: 경상남도 | K24: 함안군 | L24: 가야읍 묘사리 | M24: 848, 850, 852, 874-3(토지 4필지, 사지상 제주1동호, 제주2동호, 제주3동호 건물 3개동), 850-2(토지) | N24: 창고 | O24: 7250 | P24: 3324.89 | R24: R-0013 | S24: 근저당 | T24: 1 | U24: KRW | V24: 3180000000 | W24: 3180000000 | AV24: =SUM(AP24:AU24) -> 0 | BD24: =SUM(AZ24:BC24) -> 0 | BE24: N | BF24: 창원지방법원 마산지원
B25: =ROW()-10 -> 15 | C25: A | D25: R | E25: R-0015 | F25: 박** | G25: =IFERROR(VLOOKUP(E25,Assign!$C$2:$J$142,8,FALSE),) -> 0 | H25: R-0015-1 | I25: 1 | J25: 서울특별시 | K25: 강동구 | L25: 성내동 | M25: 447-1(토지, 건물) | N25: 근린주택 | O25: 538.4 | P25: 461.73 | R25: R-0015 | S25: 근저당 | T25: 1 | U25: KRW | V25: 1300000000 | W25: 1300000000 | AV25: =SUM(AP25:AU25) -> 0 | BD25: =SUM(AZ25:BC25) -> 0 | BE25: N | BF25: 서울동부지방법원
B26: =ROW()-10 -> 16 | C26: A | D26: R | E26: R-0015 | F26: 박** | G26: =IFERROR(VLOOKUP(E26,Assign!$C$2:$J$142,8,FALSE),) -> 0 | H26: R-0015-2 | I26: 2 | J26: 서울특별시 | K26: 강남구 | L26: 삼성동 | M26: 78-1 위레벤646 제6층 제604호 | N26: 아파트(생활주택) | O26: 11.4325 | P26: 36.8497 | R26: 손** | S26: 근저당 | T26: 1 | U26: KRW | V26: 960000000 | W26: 960000000 | AV26: =SUM(AP26:AU26) -> 0 | BD26: =SUM(AZ26:BC26) -> 0 | BE26: N | BF26: 서울중앙지방법원
B27: =ROW()-10 -> 17 | C27: A | D27: R | E27: R-0016 | F27: 자******* | G27: =IFERROR(VLOOKUP(E27,Assign!$C$2:$J$142,8,FALSE),) -> 0 | H27: R-0016-1 | I27: 1 | J27: 전라남도 | K27: 목포시 | L27: 대양동 | M27: 222-1, 222-4(토지 2필지, 양지상 건물), 222-5, 221-16, 222-6(토지 3필지, 삼지상 건물), 219, 219-4, 222-2, 222-9, 222-10, 222-15(토지 6필지) | N27: 노유자시설 | O27: 3667 | P27: 1476.7 | R27: 민** | S27: 근저당 | T27: 1 | U27: KRW | V27: 2479200000 | W27: 2479200000 | AV27: =SUM(AP27:AU27) -> 0 | BD27: =SUM(AZ27:BC27) -> 0 | BE27: Y | BF27: 광주지방법원 목포지원 | BG27: SHB | BH27: 45743 | BI27: 2025타경337 | BJ27: 45838 | BK27: 2193532055
B28: =ROW()-10 -> 18 | C28: A | D28: R | E28: R-0017 | F28: (주)에**** | G28: =IFERROR(VLOOKUP(E28,Assign!$C$2:$J$142,8,FALSE),) -> 0 | H28: R-0017-1 | I28: 1 | J28: 충청북도 | K28: 음성군 | L28: 원남면 하노리 | M28: 644-5, 645-2, 782-74, 782-115, 하당리 596-60(토지 5필지, 오지상 제가동호, 제나동호, 제다동호, 제라동호 건물 4개동), 782-75, 하당리 596-59(토지 2필지) | N28: 공장 | O28: 4147.5 | P28: 1506.25 | Q28: 7 | R28: R-0017 | S28: 근저당 | T28: 1~5 | U28: KRW | V28: 2124000000 | W28: 2124000000 | X28: 2,3,4 | Y28: 1~5 | Z28: KRW | AA28: 2124000000 | AB28: 2124000000 | AV28: =SUM(AP28:AU28) -> 0 | BD28: =SUM(AZ28:BC28) -> 0 | BE28: N | BF28: 청주지방법원 충주지원
B29: =ROW()-10 -> 19 | C29: A | D29: R | E29: R-0017 | F29: (주)에**** | G29: =IFERROR(VLOOKUP(E29,Assign!$C$2:$J$142,8,FALSE),) -> 0 | H29: R-0017-2 | I29: 2 | J29: 충청북도 | K29: 음성군 | L29: 원남면 하당리 | M29: 596-62(토지) | N29: 하천 | O29: 168 | Q29: 상기일괄 | R29: R-0017 | S29: 근저당 | T29: 1~4 | U29: KRW | V29: 1944000000 | W29: 1944000000 | X29: 1,3,4 | Y29: 1~4 | Z29: KRW | AA29: 1944000000 | AB29: 1944000000 | AV29: =SUM(AP29:AU29) -> 0 | BD29: =SUM(AZ29:BC29) -> 0 | BE29: N | BF29: 청주지방법원 충주지원
B30: =ROW()-10 -> 20 | C30: A | D30: R | E30: R-0017 | F30: (주)에**** | G30: =IFERROR(VLOOKUP(E30,Assign!$C$2:$J$142,8,FALSE),) -> 0 | H30: R-0017-3 | I30: 3 | J30: 충청북도 | K30: 음성군 | L30: 원남면 하노리 | M30: 782-126(토지) | N30: 하천 | O30: 90 | Q30: 상기일괄 | R30: R-0017 | S30: 근저당 | T30: 1~2 | U30: KRW | V30: 1200000000 | W30: 1200000000 | X30: 1,2,4 | Y30: 1~2 | Z30: KRW | AA30: 1200000000 | AB30: 1200000000 | AV30: =SUM(AP30:AU30) -> 0 | BD30: =SUM(AZ30:BC30) -> 0 | BE30: N | BF30: 청주지방법원 충주지원
B31: =ROW()-10 -> 21 | C31: A | D31: R | E31: R-0017 | F31: (주)에**** | G31: =IFERROR(VLOOKUP(E31,Assign!$C$2:$J$142,8,FALSE),) -> 0 | H31: R-0017-4 | I31: 4 | J31: 충청북도 | K31: 음성군 | L31: 원남면 하노리 | M31: 644-5외 4필지 제마동호(건물) | N31: 공장 | P31: 60 | Q31: 상기일괄 | R31: R-0017 | S31: 근저당 | T31: 1~2 | U31: KRW | V31: 420000000 | W31: 420000000 | X31: 1,2,3 | Y31: 1~2 | Z31: KRW | AA31: 420000000 | AB31: 420000000 | AV31: =SUM(AP31:AU31) -> 0 | BD31: =SUM(AZ31:BC31) -> 0 | BE31: N | BF31: 청주지방법원 충주지원
B32: =ROW()-10 -> 22 | C32: A | D32: R | E32: R-0018 | F32: 윤** | G32: =IFERROR(VLOOKUP(E32,Assign!$C$2:$J$142,8,FALSE),) -> 문선영 | H32: R-0018-1 | I32: 1 | J32: 경기도 | K32: 고양시 덕양구 | L32: 원흥동 | M32: 635 삼송2차원흥역동원로얄듀크비스타 제202동 제1층 제115호 | N32: 상가 | O32: 13.5131 | P32: 42.7798 | R32: R-0018 | S32: 근저당 | T32: 1 | U32: KRW | V32: 996000000 | W32: 996000000 | AV32: =SUM(AP32:AU32) -> 0 | BD32: =SUM(AZ32:BC32) -> 0 | BE32: N | BF32: 의정부지방법원 고양지원
B33: =ROW()-10 -> 23 | C33: A | D33: R | E33: R-0018 | F33: 윤** | G33: =IFERROR(VLOOKUP(E33,Assign!$C$2:$J$142,8,FALSE),) -> 문선영 | H33: R-0018-2 | I33: 2 | J33: 경기도 | K33: 고양시 덕양구 | L33: 원흥동 | M33: 635 삼송2차원흥역동원로얄듀크비스타 제202동 제1층 제116호 | N33: 상가 | O33: 12.7526 | P33: 40.3723 | R33: R-0018 | S33: 근저당 | T33: 1 | U33: KRW | V33: 972000000 | W33: 972000000 | AV33: =SUM(AP33:AU33) -> 0 | BD33: =SUM(AZ33:BC33) -> 0 | BE33: N | BF33: 의정부지방법원 고양지원
B34: =ROW()-10 -> 24 | C34: A | D34: R | E34: R-0019 | F34: 정** | G34: =IFERROR(VLOOKUP(E34,Assign!$C$2:$J$142,8,FALSE),) -> 0 | H34: R-0019-1 | I34: 1 | J34: 경기도 | K34: 파주시 | L34: 광탄면 용미리 | M34: 341(토지, 건물), 337, 337-3(토지 2필지) | N34: 근린시설 | O34: 1341 | P34: 1167.79 | R34: R-0019 | S34: 근저당 | T34: 1 | U34: KRW | V34: 1980000000 | W34: 1980000000 | AV34: =SUM(AP34:AU34) -> 0 | BD34: =SUM(AZ34:BC34) -> 0 | BE34: Y | BF34: 의정부지방법원 고양지원 | BG34: 임** | BH34: 45720 | BI34: 2025타경62481 | BJ34: 45807 | BK34: 130000000
B35: =ROW()-10 -> 25 | C35: A | D35: R | E35: R-0020 | F35: (주)케******* | G35: =IFERROR(VLOOKUP(E35,Assign!$C$2:$J$142,8,FALSE),) -> 문선영 | H35: R-0020-1 | I35: 1 | J35: 부산광역시 | K35: 기장군 | L35: 장안읍 오리 | M35: 1121-7(토지) | N35: 공장용지 | O35: 4988.5 | R35: 주식회사다**** | S35: 근저당 | T35: 1 | U35: KRW | V35: 1824000000 | W35: 1824000000 | AV35: =SUM(AP35:AU35) -> 0 | BD35: =SUM(AZ35:BC35) -> 0 | BE35: N | BF35: 부산지방법원 동부지원
B36: =ROW()-10 -> 26 | C36: A | D36: R | E36: R-0021 | F36: 백** | G36: =IFERROR(VLOOKUP(E36,Assign!$C$2:$J$142,8,FALSE),) -> 0 | H36: R-0021-1 | I36: 1 | J36: 경기도 | K36: 성남시 분당구 | L36: 이매동 | M36: 75-5(토지, 대림파크 건물) | N36: 근린주택 | O36: 731 | P36: 787.11 | R36: R-0021 | S36: 근저당 | T36: 1~2 | U36: KRW | V36: 1860000000 | W36: 1860000000 | AV36: =SUM(AP36:AU36) -> 0 | BD36: =SUM(AZ36:BC36) -> 0 | BE36: Y | BF36: 수원지방법원 성남지원 | BG36: 채** | BH36: 45597 | BI36: 2024타경69116 | BJ36: 45667 | BK36: 80645200
B37: =ROW()-10 -> 27 | C37: A | D37: R | E37: R-0022 | F37: 주식회사 서***** | G37: =IFERROR(VLOOKUP(E37,Assign!$C$2:$J$142,8,FALSE),) -> 0 | H37: R-0022-1 | I37: 1 | J37: 서울특별시 | K37: 구로구 | L37: 구로동 | M37: 3-25 신도림테크노마트 제10층 제011호 | N37: 상가 | O37: 29.94 | P37: 135.34 | R37: R-0022 | S37: 근저당 | T37: 1 | U37: KRW | V37: 1308000000 | W37: 1308000000 | AV37: =SUM(AP37:AU37) -> 0 | BD37: =SUM(AZ37:BC37) -> 0 | BE37: Y | BF37: 서울남부지방법원 | BG37: SHB | BH37: 45742 | BI37: 2025타경457 | BJ37: 45833 | BK37: 1275772789
B38: =ROW()-10 -> 28 | C38: A | D38: R | E38: R-0023 | F38: 임** | G38: =IFERROR(VLOOKUP(E38,Assign!$C$2:$J$142,8,FALSE),) -> 문선영 | H38: R-0023-1 | I38: 1 | J38: 대구광역시 | K38: 달서구 | L38: 감삼동 | M38: 461 월드마크웨스트엔드 제102동 제7층 제701호 | N38: 아파트 | O38: 27.319 | P38: 124.87 | R38: 장** | S38: 근저당 | T38: 1~4 | U38: KRW | V38: 924000000 | W38: 924000000 | AV38: =SUM(AP38:AU38) -> 0 | AW38: KB시세 | AX38: 45765 | AY38: KB부동산 | BA38: 920000000 | BD38: =SUM(AZ38:BC38) -> 920000000 | BE38: N | BF38: 대구지방법원 서부지원
B39: =ROW()-10 -> 29 | C39: A | D39: R | E39: R-0023 | F39: 임** | G39: =IFERROR(VLOOKUP(E39,Assign!$C$2:$J$142,8,FALSE),) -> 문선영 | H39: R-0023-2 | I39: 2 | J39: 경상북도 | K39: 성주군 | L39: 선남면 도성리 | M39: 39-10(토지, 주1 건물) | N39: 공장 | O39: 1237 | P39: 394.8 | R39: R-0023 | S39: 근저당 | T39: 1 | U39: KRW | V39: 704400000 | W39: 704400000 | AV39: =SUM(AP39:AU39) -> 0 | BD39: =SUM(AZ39:BC39) -> 0 | BE39: N | BF39: 대구지방법원 서부지원
B40: =ROW()-10 -> 30 | C40: A | D40: R | E40: R-0024 | F40: 남** | G40: =IFERROR(VLOOKUP(E40,Assign!$C$2:$J$142,8,FALSE),) -> 문선영 | H40: R-0024-1 | I40: 1 | J40: 경기도 | K40: 수원시 권선구 | L40: 권선동 | M40: 944-10 제2층 제201호, 제202호, 제203호, 제204호, 제3층 제301호, 제302호, 제303호, 제304호, 제4층 제401호, 제402호, 제5층 제501호(집합건물 11개호) | N40: 다세대(생활주택) | O40: 250.4 | P40: 340.96 | R40: R-0024 | S40: 근저당 | T40: 1 | U40: KRW | V40: 1380000000 | W40: 1380000000 | AV40: =SUM(AP40:AU40) -> 0 | BD40: =SUM(AZ40:BC40) -> 0 | BE40: N | BF40: 수원지방법원
B41: =ROW()-10 -> 31 | C41: A | D41: R | E41: R-0025 | F41: 박** | G41: =IFERROR(VLOOKUP(E41,Assign!$C$2:$J$142,8,FALSE),) -> 0 | H41: R-0025-1 | I41: 1 | J41: 서울특별시 | K41: 마포구 | L41: 공덕동 | M41: 467 롯데캐슬프레지던트 제40층 제오-4002호 | N41: 오피스텔(주거) | O41: 29.66 | P41: 263.208 | R41: R-0025 | S41: 근저당 | T41: 1 | U41: KRW | V41: 1680000000 | W41: 1680000000 | AV41: =SUM(AP41:AU41) -> 0 | BD41: =SUM(AZ41:BC41) -> 0 | BE41: N | BF41: 서울서부지방법원
B42: =ROW()-10 -> 32 | C42: A | D42: R | E42: R-0026 | F42: 이** | G42: =IFERROR(VLOOKUP(E42,Assign!$C$2:$J$142,8,FALSE),) -> 0 | H42: R-0026-1 | I42: 1 | J42: 서울특별시 | K42: 송파구 | L42: 송파동 | M42: 166, 166-4(토지 2필지, 가락삼익맨숀 제209동 제6층 제605호) | N42: 아파트 | O42: 75.30733 | P42: 127.808 | R42: R-0026 | S42: 근저당 | T42: 1~5 | U42: KRW | V42: 1128000000 | W42: 1128000000 | AV42: =SUM(AP42:AU42) -> 0 | AW42: KB시세 | AX42: 45765 | AY42: KB부동산 | BA42: 1940000000 | BD42: =SUM(AZ42:BC42) -> 1940000000 | BE42: N | BF42: 서울동부지방법원
B43: =ROW()-10 -> 33 | C43: A | D43: R | E43: R-0027 | F43: 이** | G43: =IFERROR(VLOOKUP(E43,Assign!$C$2:$J$142,8,FALSE),) -> 0 | H43: R-0027-1 | I43: 1 | J43: 서울특별시 | K43: 금천구 | L43: 가산동 | M43: 345-9 에스케이트윈테크타워 제8층 제에이805호 | N43: 아파트형공장 | O43: 49.22 | P43: 167.79 | R43: R-0027 | S43: 근저당 | T43: 1~4 | U43: KRW | V43: 555000000 | W43: 555000000 | X43: 2 | Y43: 3~4 | Z43: KRW | AA43: 240000000 | AB43: 240000000 | AV43: =SUM(AP43:AU43) -> 0 | BD43: =SUM(AZ43:BC43) -> 0 | BE43: Y | BF43: 서울남부지방법원 | BG43: 최**, 박**, 이**, 전**, 외국 이**, 서** | BH43: 45642 | BI43: 2024타경149284 | BJ43: 45734 | BK43: 291057000
B44: =ROW()-10 -> 34 | C44: A | D44: R | E44: R-0027 | F44: 이** | G44: =IFERROR(VLOOKUP(E44,Assign!$C$2:$J$142,8,FALSE),) -> 0 | H44: R-0027-2 | I44: 2 | J44: 서울특별시 | K44: 금천구 | L44: 가산동 | M44: 345-9 에스케이트윈테크타워 제8층 제에이806호 | N44: 아파트형공장 | O44: 40.09 | P44: 136.67 | R44: R-0027 | S44: 근저당 | T44: 1~3 | U44: KRW | V44: 466200000 | W44: 466200000 | X44: 1 | Y44: 2~3 | Z44: KRW | AA44: 240000000 | AB44: 240000000 | AV44: =SUM(AP44:AU44) -> 0 | BD44: =SUM(AZ44:BC44) -> 0 | BE44: Y | BF44: 서울남부지방법원 | BG44: 최**, 박**, 이**, 전**, 외국 이**, 서** | BH44: 45642 | BI44: 2024타경149284 | BJ44: 45734 | BK44: 상기일괄
B45: =ROW()-10 -> 35 | C45: A | D45: R | E45: R-0028 | F45: 조** | G45: =IFERROR(VLOOKUP(E45,Assign!$C$2:$J$142,8,FALSE),) -> 문선영 | H45: R-0028-1 | I45: 1 | J45: 서울특별시 | K45: 용산구 | L45: 용산동5가 | M45: 24외 1필지 파크타워 제30층 제101-3003호 | N45: 주상복합(아파트) | O45: 38.77 | P45: 154.47 | R45: R-0028 | S45: 근저당 | T45: 1 | U45: KRW | V45: 1200000000 | W45: 1200000000 | AV45: =SUM(AP45:AU45) -> 0 | AW45: KB시세 | AX45: 45765 | AY45: KB부동산 | BA45: 3550000000 | BD45: =SUM(AZ45:BC45) -> 3550000000 | BE45: N | BF45: 서울서부지방법원
B46: =ROW()-10 -> 36 | C46: A | D46: R | E46: R-0029 | F46: (주)국***** | G46: =IFERROR(VLOOKUP(E46,Assign!$C$2:$J$142,8,FALSE),) -> 문선영 | H46: R-0029-1 | I46: 1 | J46: 경상북도 | K46: 김천시 | L46: 부곡동 | M46: 580-1, 1288-11(토지 2필지, 양지상 건물) | N46: 근린시설 | O46: 509 | P46: 834.96 | R46: R-0029 | S46: 근저당 | T46: 1~2 | U46: KRW | V46: 780000000 | W46: 780000000 | AV46: =SUM(AP46:AU46) -> 0 | BD46: =SUM(AZ46:BC46) -> 0 | BE46: N | BF46: 대구지방법원 김천지원
B47: =ROW()-10 -> 37 | C47: A | D47: R | E47: R-0030 | F47: 우** | G47: =IFERROR(VLOOKUP(E47,Assign!$C$2:$J$142,8,FALSE),) -> 0 | H47: R-0030-1 | I47: 1 | J47: 서울특별시 | K47: 서초구 | L47: 방배동 | M47: 1000-3 제6동 제3층 제632호 | N47: 연립 | O47: 170.26 | P47: 209.64 | R47: R-0030 | S47: 근저당 | T47: 1~2 | U47: KRW | V47: 1150000000 | W47: 1150000000 | AV47: =SUM(AP47:AU47) -> 0 | BD47: =SUM(AZ47:BC47) -> 0 | BE47: N | BF47: 서울중앙지방법원
B48: =ROW()-10 -> 38 | C48: A | D48: R | E48: R-0031 | F48: (주)올*** | G48: =IFERROR(VLOOKUP(E48,Assign!$C$2:$J$142,8,FALSE),) -> 0 | H48: R-0031-1 | I48: 1 | J48: 충청남도 | K48: 금산군 | L48: 금성면 하신리 | M48: 229-1(토지, 건물), 229-4(토지, 건물) | N48: 공장 | O48: 1845 | P48: 1112.26 | Q48: 1 | R48: R-0031 | S48: 근저당 | T48: 1 | U48: KRW | V48: 732000000 | W48: 732000000 | AV48: =SUM(AP48:AU48) -> 0 | BD48: =SUM(AZ48:BC48) -> 0 | BE48: N | BF48: 대전지방법원
B49: =ROW()-10 -> 39 | C49: A | D49: R | E49: R-0032 | F49: 김** | G49: =IFERROR(VLOOKUP(E49,Assign!$C$2:$J$142,8,FALSE),) -> 0 | H49: R-0032-1 | I49: 1 | J49: 경기도 | K49: 하남시 | L49: 망월동 | M49: 834외 1필지 미사강변스카이폴리스근린생활시설 제1층 제나166호 | N49: 상가 | O49: 15.456 | P49: 60.63 | R49: R-0032, 신** | S49: 근저당 | T49: 1 | U49: KRW | V49: 851000000 | W49: 851000000 | AV49: =SUM(AP49:AU49) -> 0 | BD49: =SUM(AZ49:BC49) -> 0 | BE49: N | BF49: 수원지방법원 성남지원
B50: =ROW()-10 -> 40 | C50: A | D50: R | E50: R-0032 | F50: 김** | G50: =IFERROR(VLOOKUP(E50,Assign!$C$2:$J$142,8,FALSE),) -> 0 | H50: R-0032-2 | I50: 2 | J50: 경기도 | K50: 남양주시 | L50: 와부읍 도곡리 | M50: 1012 한강우성아파트 제116동 제17층 제1702호 | N50: 아파트 | O50: 45.022 | P50: 84.913 | R50: R-0032, 신** | S50: 근저당 | T50: 1 | U50: KRW | V50: 229000000 | W50: 229000000 | AV50: =SUM(AP50:AU50) -> 0 | AW50: KB시세 | AX50: 45765 | AY50: KB부동산 | BA50: 435000000 | BD50: =SUM(AZ50:BC50) -> 435000000 | BE50: N | BF50: 의정부지방법원 남양주지원
B51: =ROW()-10 -> 41 | C51: A | D51: R | E51: R-0033 | F51: 이** | G51: =IFERROR(VLOOKUP(E51,Assign!$C$2:$J$142,8,FALSE),) -> 0 | H51: R-0033-1 | I51: 1 | J51: 광주광역시 | K51: 남구 | L51: 주월동 | M51: 1320 양우내안애프레스티지 제112동 제2층 제201호 | N51: 상가 | O51: 20.1006 | P51: 76.8825 | R51: R-0033 | S51: 근저당 | T51: 1~3 | U51: KRW | V51: 708000000 | W51: 708000000 | X51: 2 | Y51: 2~3 | Z51: KRW | AA51: 288000000 | AB51: 288000000 | AV51: =SUM(AP51:AU51) -> 0 | BD51: =SUM(AZ51:BC51) -> 0 | BE51: N | BF51: 광주지방법원
B52: =ROW()-10 -> 42 | C52: A | D52: R | E52: R-0033 | F52: 이** | G52: =IFERROR(VLOOKUP(E52,Assign!$C$2:$J$142,8,FALSE),) -> 0 | H52: R-0033-2 | I52: 2 | J52: 광주광역시 | K52: 남구 | L52: 주월동 | M52: 1320 양우내안애프레스티지 제112동 제2층 제203호 | N52: 상가 | O52: 24.7711 | P52: 94.7464 | R52: R-0033 | S52: 근저당 | T52: 1~4 | U52: KRW | V52: 669600000 | W52: 669600000 | X52: 1 | Y52: 3~4 | Z52: KRW | AA52: 288000000 | AB52: 288000000 | AV52: =SUM(AP52:AU52) -> 0 | BD52: =SUM(AZ52:BC52) -> 0 | BE52: N | BF52: 광주지방법원
B53: =ROW()-10 -> 43 | C53: A | D53: R | E53: R-0034 | F53: 조** | G53: =IFERROR(VLOOKUP(E53,Assign!$C$2:$J$142,8,FALSE),) -> 0 | H53: R-0034-1 | I53: 1 | J53: 경기도 | K53: 하남시 | L53: 망월동 | M53: 1125 미사역파라곤스퀘어 제판매시설동 제1층 제1045호 | N53: 상가 | O53: 13.9564 | P53: 34 | R53: R-0034 | S53: 근저당 | T53: 1 | U53: KRW | V53: 1056000000 | W53: 1056000000 | AV53: =SUM(AP53:AU53) -> 0 | BD53: =SUM(AZ53:BC53) -> 0 | BE53: N | BF53: 수원지방법원 성남지원
B54: =ROW()-10 -> 44 | C54: A | D54: R | E54: R-0035 | F54: 박** | G54: =IFERROR(VLOOKUP(E54,Assign!$C$2:$J$142,8,FALSE),) -> 0 | H54: R-0035-1 | I54: 1 | J54: 경기도 | K54: 김포시 | L54: 월곶면 포내리 | M54: 26-2(토지, 건물), 26-6, 26-7(토지 2필지, 양지상 건물), 26-10(토지) | N54: 주유소 | O54: =1987+7 -> 1994 | P54: 757.39 | R54: R-0035 | S54: 근저당 | T54: 2 | U54: KRW | V54: 120000000 | W54: 120000000 | AC54: 1 | AD54: KRW | AE54: 1200000000 | AF54: 1200000000 | AV54: =SUM(AP54:AU54) -> 0 | BD54: =SUM(AZ54:BC54) -> 0 | BE54: N | BF54: 인천지방법원 부천지원
B55: =ROW()-10 -> 45 | C55: A | D55: R | E55: R-0035 | F55: 박** | G55: =IFERROR(VLOOKUP(E55,Assign!$C$2:$J$142,8,FALSE),) -> 0 | H55: R-0035-2 | I55: 2 | J55: 서울특별시 | K55: 강남구 | L55: 대치동 | M55: 503 개포1차우성아파트 제2동 제5층 제505호 | N55: 아파트 | O55: 75.99956 | P55: 136.9 | R55: R-0035 | S55: 근저당 | T55: 1 | U55: KRW | V55: 913000000 | W55: 913000000 | AV55: =SUM(AP55:AU55) -> 0 | AW55: 법원감정가 | AX55: 45639 | AY55: (주)유앤아이감정평가법인 | BA55: 4000000000 | BD55: =SUM(AZ55:BC55) -> 4000000000 | BE55: Y | BF55: 서울중앙지방법원 | BG55: SHB | BH55: 45623 | BI55: 2024타경5845 | BJ55: 45699 | BK55: 1079922712 | BQ55: 4000000000 | BR55: 2025-05-01(변경)
B56: =ROW()-10 -> 46 | C56: A | D56: R | E56: R-0036 | F56: 정** | G56: =IFERROR(VLOOKUP(E56,Assign!$C$2:$J$142,8,FALSE),) -> 0 | H56: R-0036-1 | I56: 1 | J56: 서울특별시 | K56: 금천구 | L56: 시흥동 | M56: 919-7(토지, 태을명가 건물) | N56: 근린주택 | O56: 160.7 | P56: 332.54 | R56: R-0036, 박**, 이** | S56: 근저당 | T56: 1~2 | U56: KRW | V56: 1056000000 | W56: 1056000000 | AV56: =SUM(AP56:AU56) -> 0 | BD56: =SUM(AZ56:BC56) -> 0 | BE56: N | BF56: 서울남부지방법원
B57: =ROW()-10 -> 47 | C57: A | D57: R | E57: R-0037 | F57: (주)뮤*** | G57: =IFERROR(VLOOKUP(E57,Assign!$C$2:$J$142,8,FALSE),) -> 0 | H57: R-0037-1 | I57: 1 | J57: 서울특별시 | K57: 노원구 | L57: 상계동 | M57: 721 상계주공아파트 제506동 제4층 제407호 | N57: 아파트 | O57: 40.3 | P57: 31.98 | R57: 김** | S57: 근저당 | T57: 2~3 | U57: KRW | V57: 480000000 | W57: 480000000 | AC57: 1 | AD57: KRW | AE57: 60000000 | AF57: 60000000 | AV57: =SUM(AP57:AU57) -> 0 | BD57: =SUM(AZ57:BC57) -> 0 | BE57: N | BF57: 서울북부지방법원
B58: =ROW()-10 -> 48 | C58: A | D58: R | E58: R-0037 | F58: (주)뮤*** | G58: =IFERROR(VLOOKUP(E58,Assign!$C$2:$J$142,8,FALSE),) -> 0 | H58: R-0037-2 | I58: 2 | J58: 서울특별시 | K58: 노원구 | L58: 상계동 | M58: 720 상계주공아파트 제611동 제13층 제1302호 | N58: 아파트 | O58: 38.4 | P58: 58.01 | R58: 허** | S58: 근저당 | T58: 1~2 | U58: KRW | V58: 480000000 | W58: 480000000 | AV58: =SUM(AP58:AU58) -> 0 | AW58: KB시세 | AX58: 45765 | AY58: KB부동산 | BA58: 630000000 | BD58: =SUM(AZ58:BC58) -> 630000000 | BE58: N | BF58: 서울북부지방법원
B59: =ROW()-10 -> 49 | C59: A | D59: R | E59: R-0038 | F59: 김** | G59: =IFERROR(VLOOKUP(E59,Assign!$C$2:$J$142,8,FALSE),) -> 0 | H59: R-0038-1 | I59: 1 | J59: 경기도 | K59: 화성시 | L59: 진안동 | M59: 474-2 제2층 제201호, 제202호, 제203호, 제204호, 제205호, 제3층 제301호, 제302호, 제303호, 제304호, 제305호, 제4층 제401호, 제402호, 제403호, 제404호, 제405호, 제5층 제501호, 제502호, 제503호(집합건물 18개호) | N59: 다세대 | O59: 326 | P59: 460.91 | R59: R-0038 | S59: 근저당 | T59: 1 | U59: KRW | V59: 960000000 | W59: 960000000 | AV59: =SUM(AP59:AU59) -> 0 | BD59: =SUM(AZ59:BC59) -> 0 | BE59: N | BF59: 수원지방법원
B60: =ROW()-10 -> 50 | C60: A | D60: R | E60: R-0039 | F60: 최** | G60: =IFERROR(VLOOKUP(E60,Assign!$C$2:$J$142,8,FALSE),) -> 0 | H60: R-0039-1 | I60: 1 | J60: 세종특별자치시 | L60: 부강면 문곡리 | M60: 406(토지, 건물), 406-1(토지, 건물), 406-4(토지) | N60: 공장 | O60: 1848 | P60: 530 | R60: R-0039 | S60: 근저당 | T60: 1~3 | U60: KRW | V60: 720000000 | W60: 720000000 | AL60: 3 | AM60: KRW | AN60: 15000000 | AO60: 신용보증기금 | AV60: =SUM(AP60:AU60) -> 0 | BD60: =SUM(AZ60:BC60) -> 0 | BE60: N | BF60: 대전지방법원
B61: =ROW()-10 -> 51 | C61: A | D61: R | E61: R-0040 | F61: 강** | G61: =IFERROR(VLOOKUP(E61,Assign!$C$2:$J$142,8,FALSE),) -> 0 | H61: R-0040-1 | I61: 1 | J61: 인천광역시 | K61: 계양구 | L61: 계산동 | M61: 926-27 계산동나드리상가 제7층 제701호 | N61: 문화집회시설 | O61: 219.5 | P61: 924.84 | R61: R-0040 | S61: 근저당 | T61: 1 | U61: KRW | V61: 780000000 | W61: 780000000 | AV61: =SUM(AP61:AU61) -> 0 | BD61: =SUM(AZ61:BC61) -> 0 | BE61: N | BF61: 인천지방법원
B62: =ROW()-10 -> 52 | C62: A | D62: R | E62: R-0041 | F62: 우** | G62: =IFERROR(VLOOKUP(E62,Assign!$C$2:$J$142,8,FALSE),) -> 0 | H62: R-0041-1 | I62: 1 | J62: 경기도 | K62: 수원시 권선구 | L62: 고색동 | M62: 1181 행정타운프라자 제2층 제205호 | N62: 상가 | O62: 29.74 | P62: 101.64 | R62: R-0041 | S62: 근저당 | T62: 1 | U62: KRW | V62: 720000000 | W62: 720000000 | AV62: =SUM(AP62:AU62) -> 0 | BD62: =SUM(AZ62:BC62) -> 0 | BE62: N | BF62: 수원지방법원
B63: =ROW()-10 -> 53 | C63: A | D63: R | E63: R-0042 | F63: 임** | G63: =IFERROR(VLOOKUP(E63,Assign!$C$2:$J$142,8,FALSE),) -> 0 | H63: R-0042-1 | I63: 1 | J63: 경기도 | K63: 성남시 분당구 | L63: 대장동 | M63: 618-1 제3층 제304호 | N63: 오피스텔(주거) | O63: 35.784 | P63: 72.16 | R63: R-0042 | S63: 근저당 | T63: 1 | U63: KRW | V63: 756000000 | W63: 756000000 | AV63: =SUM(AP63:AU63) -> 0 | BD63: =SUM(AZ63:BC63) -> 0 | BE63: N | BF63: 수원지방법원 성남지원
B64: =ROW()-10 -> 54 | C64: A | D64: R | E64: R-0043 | F64: 주식회사퀴****** | G64: =IFERROR(VLOOKUP(E64,Assign!$C$2:$J$142,8,FALSE),) -> 0 | H64: R-0043-1 | I64: 1 | J64: 충청남도 | K64: 천안시 동남구 | L64: 수신면 속창리 | M64: 180-1(토지) | N64: 공장용지 | O64: 2937 | R64: 주식회사현******* | S64: 근저당 | T64: 1 | U64: KRW | V64: 960000000 | W64: 960000000 | AV64: =SUM(AP64:AU64) -> 0 | BD64: =SUM(AZ64:BC64) -> 0 | BE64: N | BF64: 대전지방법원 천안지원
B65: =ROW()-10 -> 55 | C65: A | D65: R | E65: R-0044 | F65: 정** | G65: =IFERROR(VLOOKUP(E65,Assign!$C$2:$J$142,8,FALSE),) -> 0 | H65: R-0044-1 | I65: 1 | J65: 경기도 | K65: 김포시 | L65: 운양동 | M65: 1249-1 풍경마을한강한라비발디 제112동 제14층 제1404호 | N65: 아파트 | O65: 58.8983 | P65: 105.9775 | R65: R-0044 | S65: 근저당 | T65: 1 | U65: KRW | V65: 390000000 | W65: 390000000 | AV65: =SUM(AP65:AU65) -> 0 | AW65: KB시세 | AX65: 45765 | AY65: KB부동산 | BA65: 590000000 | BD65: =SUM(AZ65:BC65) -> 590000000 | BE65: Y | BF65: 인천지방법원 부천지원 | BG65: 주식회사 남**** | BH65: 45595 | BI65: 2024타경52357 | BJ65: 45677 | BK65: 223445704
B66: =ROW()-10 -> 56 | C66: A | D66: R | E66: R-0044 | F66: 정** | G66: =IFERROR(VLOOKUP(E66,Assign!$C$2:$J$142,8,FALSE),) -> 0 | H66: R-0044-2 | I66: 2 | J66: 경기도 | K66: 김포시 | L66: 장기동 | M66: 2026-1 라베니체마치에비뉴2 제1층 제122호 | N66: 상가 | O66: 55.81 | P66: 48.23 | R66: R-0044, 이** | S66: 근저당 | T66: 1~2 | U66: KRW | V66: 394800000 | W66: 394800000 | AV66: =SUM(AP66:AU66) -> 0 | BD66: =SUM(AZ66:BC66) -> 0 | BE66: Y | BF66: 인천지방법원 부천지원 | BG66: 주식회사 남**** | BH66: 45595 | BI66: 2024타경52357 | BJ66: 45677 | BK66: 상기일괄
B67: =ROW()-10 -> 57 | C67: A | D67: R | E67: R-0045 | F67: 박** | G67: =IFERROR(VLOOKUP(E67,Assign!$C$2:$J$142,8,FALSE),) -> 0 | H67: R-0045-1 | I67: 1 | J67: 경기도 | K67: 성남시 분당구 | L67: 구미동 | M67: 63외 1필지 까치마을 제403동 제7층 제704호 | N67: 아파트 | O67: 64.826 | P67: 101.76 | R67: R-0045, 김** | S67: 근저당 | T67: 1~3 | U67: KRW | V67: 729100000 | W67: 729100000 | AV67: =SUM(AP67:AU67) -> 0 | AW67: KB시세 | AX67: 45765 | AY67: KB부동산 | BA67: 1525000000 | BD67: =SUM(AZ67:BC67) -> 1525000000 | BE67: N | BF67: 수원지방법원 성남지원
B68: =ROW()-10 -> 58 | C68: A | D68: R | E68: R-0046 | F68: 안** | G68: =IFERROR(VLOOKUP(E68,Assign!$C$2:$J$142,8,FALSE),) -> 0 | H68: R-0046-1 | I68: 1 | J68: 인천광역시 | K68: 중구 | L68: 운남동 | M68: 348-3외 6필지 영종국제재래시장 제2동 제3층 제나동-301호 | N68: 상가 | O68: 330.31 | P68: 308.1 | R68: R-0046 | S68: 근저당 | T68: 1 | U68: KRW | V68: 730800000 | W68: 730800000 | AV68: =SUM(AP68:AU68) -> 0 | BD68: =SUM(AZ68:BC68) -> 0 | BE68: N | BF68: 인천지방법원
B69: =ROW()-10 -> 59 | C69: A | D69: R | E69: R-0047 | F69: 주식회사 원**** | G69: =IFERROR(VLOOKUP(E69,Assign!$C$2:$J$142,8,FALSE),) -> 문선영 | H69: R-0047-1 | I69: 1 | J69: 경상남도 | K69: 양산시 | L69: 북정동 | M69: 884-2 새롬성원네오파트 제103동 제2층 제201호 | N69: 아파트 | O69: 39.6681 | P69: 84.8633 | R69: 박** | S69: 근저당 | T69: 1 | U69: KRW | V69: 648000000 | W69: 648000000 | AV69: =SUM(AP69:AU69) -> 0 | AW69: KB시세 | AX69: 45765 | AY69: KB부동산 | BA69: 220000000 | BD69: =SUM(AZ69:BC69) -> 220000000 | BE69: N | BF69: 울산지방법원
B70: =ROW()-10 -> 60 | C70: A | D70: R | E70: R-0048 | F70: 장** | G70: =IFERROR(VLOOKUP(E70,Assign!$C$2:$J$142,8,FALSE),) -> 0 | H70: R-0048-1 | I70: 1 | J70: 경기도 | K70: 군포시 | L70: 산본동 | M70: 1240외 6필지 래미안하이어스 제128동 제11층 제1103호 | N70: 아파트 | O70: 57.661 | P70: 126.66 | R70: R-0048 | S70: 근저당 | T70: 1~2 | U70: KRW | V70: 626400000 | W70: 626400000 | AV70: =SUM(AP70:AU70) -> 0 | AW70: KB시세 | AX70: 45765 | AY70: KB부동산 | BA70: 1180000000 | BD70: =SUM(AZ70:BC70) -> 1180000000 | BE70: Y | BF70: 수원지방법원 안양지원 | BG70: 에스비아이저축은행 | BH70: 45675 | BI70: 2025타경100228 | BJ70: 45743 | BK70: 382455993
B71: =ROW()-10 -> 61 | C71: A | D71: R | E71: R-0049 | F71: 주식회사 티**(T**** INC.) | G71: =IFERROR(VLOOKUP(E71,Assign!$C$2:$J$142,8,FALSE),) -> 0 | H71: R-0049-1 | I71: 1 | J71: 서울특별시 | K71: 강남구 | L71: 신사동 | M71: 510(토지, 건물) | N71: 근린시설 | O71: 834.9 | P71: 2038.47 | R71: R-0002 | S71: 근저당 | T71: 5 | U71: KRW | V71: 600000000 | W71: 600000000 | AC71: 1~4 | AD71: KRW | AE71: 14880000000 | AF71: 14880000000 | AV71: =SUM(AP71:AU71) -> 0 | BD71: =SUM(AZ71:BC71) -> 0 | BE71: Y | BF71: 서울중앙지방법원 | BG71: 이** | BH71: 45723 | BI71: 2025타경102253 | BJ71: 45821 | BK71: 405632876 | BL71: 서초중앙새마을금고 | BM71: 45740 | BN71: 2025타경102456 | BP71: 206894060
B72: =ROW()-10 -> 62 | C72: A | D72: R | E72: R-0050 | F72: (주)아******* | G72: =IFERROR(VLOOKUP(E72,Assign!$C$2:$J$142,8,FALSE),) -> 0 | H72: R-0050-1 | I72: 1 | J72: 서울특별시 | K72: 서초구 | L72: 방배동 | M72: 1000-3 제6동 제3층 제632호 | N72: 연립 | O72: 170.26 | P72: 209.64 | R72: R-0030 | S72: 근저당 | T72: 3,5 | U72: KRW | V72: 597600000 | W72: 597600000 | AC72: 1~2,4 | AD72: KRW | AE72: 1270000000 | AF72: 1270000000 | AV72: =SUM(AP72:AU72) -> 0 | BD72: =SUM(AZ72:BC72) -> 0 | BE72: N | BF72: 서울중앙지방법원
B73: =ROW()-10 -> 63 | C73: A | D73: R | E73: R-0051 | F73: Y* ******* | G73: =IFERROR(VLOOKUP(E73,Assign!$C$2:$J$142,8,FALSE),) -> 0 | H73: R-0051-1 | I73: 1 | J73: 서울특별시 | K73: 중구 | L73: 황학동 | M73: 2523외 2필지 황학아크로타워 제11층 제비-1104호 | N73: 주상복합(아파트) | O73: 18.6205 | P73: 109.146 | R73: 우** | S73: 근저당 | T73: 1 | U73: KRW | V73: 600000000 | W73: 600000000 | AV73: =SUM(AP73:AU73) -> 0 | AW73: KB시세 | AX73: 45765 | AY73: KB부동산 | BA73: 1120000000 | BD73: =SUM(AZ73:BC73) -> 1120000000 | BE73: N | BF73: 서울중앙지방법원
B74: =ROW()-10 -> 64 | C74: A | D74: R | E74: R-0052 | F74: C**** S*** J** D**** | G74: =IFERROR(VLOOKUP(E74,Assign!$C$2:$J$142,8,FALSE),) -> 0 | H74: R-0052-1 | I74: 1 | J74: 서울특별시 | K74: 금천구 | L74: 가산동 | M74: 60-26 가산퍼블릭 제비동 제3층 제오비-305호 | N74: 아파트형공장 | O74: 21.7483 | P74: 91.98 | R74: 장** | S74: 근저당 | T74: 1 | U74: KRW | V74: 586800000 | W74: 586800000 | AV74: =SUM(AP74:AU74) -> 0 | BD74: =SUM(AZ74:BC74) -> 0 | BE74: N | BF74: 서울남부지방법원
B75: =ROW()-10 -> 65 | C75: A | D75: R | E75: R-0053 | F75: 송** | G75: =IFERROR(VLOOKUP(E75,Assign!$C$2:$J$142,8,FALSE),) -> 문선영 | H75: R-0053-1 | I75: 1 | J75: 대구광역시 | K75: 서구 | L75: 중리동 | M75: 1166-1 디센터1976지식산업센터 제1층 제102호 | N75: 아파트형공장(상가) | O75: 39.48 | P75: 146.16 | R75: R-0053 | S75: 근저당 | T75: 1 | U75: KRW | V75: 552000000 | W75: 552000000 | AV75: =SUM(AP75:AU75) -> 0 | BD75: =SUM(AZ75:BC75) -> 0 | BE75: N | BF75: 대구지방법원 서부지원
B76: =ROW()-10 -> 66 | C76: A | D76: R | E76: R-0054 | F76: 전** | G76: =IFERROR(VLOOKUP(E76,Assign!$C$2:$J$142,8,FALSE),) -> 문선영 | H76: R-0054-1 | I76: 1 | J76: 인천광역시 | K76: 서구 | L76: 원당동 | M76: 1014 검단신도시예미지트리플에듀 제2712동 제2층 제203호 | N76: 아파트 | O76: 70.9593 | P76: 102.8576 | R76: R-0054 | S76: 근저당 | T76: 1 | U76: KRW | V76: 528000000 | W76: 528000000 | AV76: =SUM(AP76:AU76) -> 0 | AW76: KB시세 | AX76: 45765 | AY76: KB부동산 | BA76: 745000000 | BD76: =SUM(AZ76:BC76) -> 745000000 | BE76: N | BF76: 인천지방법원
B77: =ROW()-10 -> 67 | C77: A | D77: R | E77: R-0055 | F77: 장** | G77: =IFERROR(VLOOKUP(E77,Assign!$C$2:$J$142,8,FALSE),) -> 0 | H77: R-0055-1 | I77: 1 | J77: 경기도 | K77: 화성시 | L77: 반송동 | M77: 123-2(토지, 건물) | N77: 근린주택 | O77: 435.8 | P77: 700.39 | R77: R-0055 | S77: 근저당 | T77: 1 | U77: KRW | V77: 534500000 | W77: 534500000 | AV77: =SUM(AP77:AU77) -> 0 | BD77: =SUM(AZ77:BC77) -> 0 | BE77: N | BF77: 수원지방법원
B78: =ROW()-10 -> 68 | C78: A | D78: R | E78: R-0056 | F78: 김** | G78: =IFERROR(VLOOKUP(E78,Assign!$C$2:$J$142,8,FALSE),) -> 0 | H78: R-0056-1 | I78: 1 | J78: 제주특별자치도 | K78: 제주시 | L78: 아라일동 | M78: 6121 아라아이파크 제101동 제10층 제1004호 | N78: 아파트 | O78: 51.1184 | P78: 84.9813 | R78: R-0056, 김** | S78: 근저당 | T78: 1,3~5 | U78: KRW | V78: 540000000 | W78: 540000000 | AC78: 2 | AD78: KRW | AE78: 60000000 | AF78: 60000000 | AV78: =SUM(AP78:AU78) -> 0 | AW78: KB시세 | AX78: 45765 | AY78: KB부동산 | BA78: 730000000 | BD78: =SUM(AZ78:BC78) -> 730000000 | BE78: N | BF78: 제주지방법원
B79: =ROW()-10 -> 69 | C79: A | D79: R | E79: R-0057 | F79: 최** | G79: =IFERROR(VLOOKUP(E79,Assign!$C$2:$J$142,8,FALSE),) -> 문선영 | H79: R-0057-1 | I79: 1 | J79: 경상남도 | K79: 양산시 | L79: 물금읍 가촌리 | M79: 1292 라피에스타양산 제1층 제1-217호 | N79: 상가 | O79: 17.75 | P79: 31.96 | R79: R-0057 | S79: 근저당 | T79: 1 | U79: KRW | V79: 530400000 | W79: 530400000 | AV79: =SUM(AP79:AU79) -> 0 | BD79: =SUM(AZ79:BC79) -> 0 | BE79: N | BF79: 울산지방법원
B80: =ROW()-10 -> 70 | C80: A | D80: R | E80: R-0058 | F80: 이** | G80: =IFERROR(VLOOKUP(E80,Assign!$C$2:$J$142,8,FALSE),) -> 0 | H80: R-0058-1 | I80: 1 | J80: 서울특별시 | K80: 강남구 | L80: 청담동 | M80: 132-16 엘프론트청담 제지하2층 제비213호 | N80: 상가 | O80: 15.2351 | P80: 40.825 | R80: R-0058 | S80: 근저당 | T80: 1 | U80: KRW | V80: 540000000 | W80: 540000000 | AV80: =SUM(AP80:AU80) -> 0 | BD80: =SUM(AZ80:BC80) -> 0 | BE80: N | BF80: 서울중앙지방법원
B81: =ROW()-10 -> 71 | C81: A | D81: R | E81: R-0059 | F81: (주)아****** | G81: =IFERROR(VLOOKUP(E81,Assign!$C$2:$J$142,8,FALSE),) -> 문선영 | H81: R-0059-1 | I81: 1 | J81: 대전광역시 | K81: 서구 | L81: 둔산동 | M81: 1809 국화아파트 제502동 제5층 제502호 | N81: 아파트 | O81: 74.4254 | P81: 158.37 | R81: 심** | S81: 근저당 | T81: 3~9 | U81: KRW | V81: 516000000 | W81: 516000000 | AC81: 1~2 | AD81: KRW | AE81: 350000000 | AF81: 350000000 | AV81: =SUM(AP81:AU81) -> 0 | AW81: KB시세 | AX81: 45765 | AY81: KB부동산 | BA81: 950000000 | BD81: =SUM(AZ81:BC81) -> 950000000 | BE81: N | BF81: 대전지방법원
B82: =ROW()-10 -> 72 | C82: A | D82: R | E82: R-0060 | F82: (주)동*** | G82: =IFERROR(VLOOKUP(E82,Assign!$C$2:$J$142,8,FALSE),) -> 0 | H82: R-0060-1 | I82: 1 | J82: 경기도 | K82: 안양시 동안구 | L82: 평촌동 | M82: 160-1 평촌역아이에스비즈타워 제지1층 제비109호 | N82: 아파트형공장 | O82: 56.29 | P82: 189.17 | R82: R-0060 | S82: 근저당 | T82: 1 | U82: KRW | V82: 492000000 | W82: 492000000 | AV82: =SUM(AP82:AU82) -> 0 | BD82: =SUM(AZ82:BC82) -> 0 | BE82: N | BF82: 수원지방법원 안양지원
B83: =ROW()-10 -> 73 | C83: A | D83: R | E83: R-0061 | F83: 한** | G83: =IFERROR(VLOOKUP(E83,Assign!$C$2:$J$142,8,FALSE),) -> 0 | H83: R-0061-1 | I83: 1 | J83: 서울특별시 | K83: 강남구 | L83: 도곡동 | M83: 467 타워팰리스 제디동 제18층 제1803호 | N83: 주상복합(아파트) | O83: 17.39 | P83: 110.01 | R83: R-0061 | S83: 근저당 | T83: 1~2 | U83: KRW | V83: 636000000 | W83: 636000000 | AV83: =SUM(AP83:AU83) -> 0 | AW83: KB시세 | AX83: 45765 | AY83: KB부동산 | BA83: 2500000000 | BD83: =SUM(AZ83:BC83) -> 2500000000 | BE83: Y | BF83: 서울중앙지방법원 | BG83: 오에스비저축은행 | BH83: 45525 | BI83: 2024타경116202 | BJ83: 45607 | BK83: 1474784645
B84: =ROW()-10 -> 74 | C84: A | D84: R | E84: R-0062 | F84: 서** | G84: =IFERROR(VLOOKUP(E84,Assign!$C$2:$J$142,8,FALSE),) -> 0 | H84: R-0062-1 | I84: 1 | J84: 서울특별시 | K84: 중랑구 | L84: 면목동 | M84: 1548 쌍용더플래티넘용마산 제104동 제4층 제403호 | N84: 아파트 | O84: 46.8543 | P84: 84.9731 | R84: R-0062, 하** | S84: 근저당 | T84: 1 | U84: KRW | V84: 500400000 | W84: 500400000 | AV84: =SUM(AP84:AU84) -> 0 | AW84: KB시세 | AX84: 45765 | AY84: KB부동산 | BA84: 1040000000 | BD84: =SUM(AZ84:BC84) -> 1040000000 | BE84: N | BF84: 서울북부지방법원
B85: =ROW()-10 -> 75 | C85: A | D85: R | E85: R-0063 | F85: (주)화****** | G85: =IFERROR(VLOOKUP(E85,Assign!$C$2:$J$142,8,FALSE),) -> 문선영 | H85: R-0063-1 | I85: 1 | J85: 경기도 | K85: 화성시 | L85: 정남면 괘랑리 | M85: 339(토지, 건물) | N85: 단독주택 | O85: 655 | P85: 191.82 | R85: 김** | S85: 근저당 | T85: 1 | U85: KRW | V85: 474000000 | W85: 474000000 | AV85: =SUM(AP85:AU85) -> 0 | BD85: =SUM(AZ85:BC85) -> 0 | BE85: N | BF85: 수원지방법원
B86: =ROW()-10 -> 76 | C86: A | D86: R | E86: R-0064 | F86: 전** | G86: =IFERROR(VLOOKUP(E86,Assign!$C$2:$J$142,8,FALSE),) -> 문선영 | H86: R-0064-1 | I86: 1 | J86: 경기도 | K86: 하남시 | L86: 신장동 | M86: 570외 2필지 하남 두산위브파크 제18층 제101-1801호 | N86: 아파트 | O86: 23.88 | P86: 153.67 | R86: R-0064 | S86: 근저당 | T86: 1 | U86: KRW | V86: 571200000 | W86: 571200000 | AV86: =SUM(AP86:AU86) -> 0 | AW86: KB시세 | AX86: 45765 | AY86: KB부동산 | BA86: 1100000000 | BD86: =SUM(AZ86:BC86) -> 1100000000 | BE86: N | BF86: 수원지방법원 성남지원
B87: =ROW()-10 -> 77 | C87: A | D87: R | E87: R-0065 | F87: 전** | G87: =IFERROR(VLOOKUP(E87,Assign!$C$2:$J$142,8,FALSE),) -> 0 | H87: R-0065-1 | I87: 1 | J87: 서울특별시 | K87: 양천구 | L87: 목동 | M87: 506-28(토지, 건물) | N87: 단독주택 | O87: 103.2 | P87: 177.01 | R87: R-0065 | S87: 근저당 | T87: 1~2 | U87: KRW | V87: 456000000 | W87: 456000000 | AV87: =SUM(AP87:AU87) -> 0 | AW87: 법원감정가 | AX87: 45539 | AY87: 좋은감정평가사사무소 | AZ87: 1228080000 | BA87: 222851200 | BC87: 9600000 | BD87: =SUM(AZ87:BC87) -> 1460531200 | BE87: Y | BF87: 서울남부지방법원 | BG87: ㈜오케이대부캐피탈서초 | BH87: 45527 | BI87: 2024타경132514 | BJ87: 45621 | BK87: 316437369 | BQ87: 1460531200 | BR87: 45756 | BS87: 1 | BT87: 유찰 | BU87: 45756 | BV87: 45792 | BX87: 1460531200 | BY87: 1168425000
B88: =ROW()-10 -> 78 | C88: A | D88: R | E88: R-0066 | F88: 이** | G88: =IFERROR(VLOOKUP(E88,Assign!$C$2:$J$142,8,FALSE),) -> 0 | H88: R-0066-1 | I88: 1 | J88: 경기도 | K88: 시흥시 | L88: 배곧동 | M88: 174 호반베르디움센트로하임 제1112동 제1층 제104호 | N88: 아파트 | O88: 48.8179 | P88: 84.8957 | R88: R-0066 | S88: 근저당 | T88: 1 | U88: KRW | V88: 440000000 | W88: 440000000 | AV88: =SUM(AP88:AU88) -> 0 | AW88: KB시세 | AX88: 45765 | AY88: KB부동산 | BA88: 610000000 | BD88: =SUM(AZ88:BC88) -> 610000000 | BE88: N | BF88: 수원지방법원 안산지원
B89: =ROW()-10 -> 79 | C89: A | D89: R | E89: R-0067 | F89: 최** | G89: =IFERROR(VLOOKUP(E89,Assign!$C$2:$J$142,8,FALSE),) -> 0 | H89: R-0067-1 | I89: 1 | J89: 경기도 | K89: 고양시 일산동구 | L89: 식사동 | M89: 1498 위시티일산자이2단지 제206동 제22층 제2204호 | N89: 아파트 | O89: 미분할 | P89: 133.6079 | R89: R-0067, 이** | S89: 근저당 | T89: 1 | U89: KRW | V89: 448600000 | W89: 448600000 | AV89: =SUM(AP89:AU89) -> 0 | AW89: KB시세 | AX89: 45765 | AY89: KB부동산 | BA89: 745000000 | BD89: =SUM(AZ89:BC89) -> 745000000 | BE89: N | BF89: 의정부지방법원 고양지원
B90: =ROW()-10 -> 80 | C90: A | D90: R | E90: R-0068 | F90: (주)엠*** | G90: =IFERROR(VLOOKUP(E90,Assign!$C$2:$J$142,8,FALSE),) -> 0 | H90: R-0068-1 | I90: 1 | J90: 경기도 | K90: 남양주시 | L90: 다산동 | M90: 6107 다산센트럴파크근린생활시설 제1층 제110호 | N90: 상가 | O90: 95.7536 | P90: 44.55 | R90: R-0068 | S90: 근저당 | T90: 1 | U90: KRW | V90: 448800000 | W90: 448800000 | AV90: =SUM(AP90:AU90) -> 0 | BD90: =SUM(AZ90:BC90) -> 0 | BE90: N | BF90: 의정부지방법원 남양주지원
B91: =ROW()-10 -> 81 | C91: A | D91: R | E91: R-0069 | F91: 조** | G91: =IFERROR(VLOOKUP(E91,Assign!$C$2:$J$142,8,FALSE),) -> 0 | H91: R-0069-1 | I91: 1 | J91: 경기도 | K91: 고양시 일산동구 | L91: 장항동 | M91: 751외 1필지 삼성라끄빌 제11층 제24호 | N91: 오피스텔(주거) | O91: 22.26 | P91: 146.43 | R91: R-0069 | S91: 근저당 | T91: 1 | U91: KRW | V91: 456000000 | W91: 456000000 | AV91: =SUM(AP91:AU91) -> 0 | AW91: KB시세 | AX91: 45765 | AY91: KB부동산 | BA91: 650000000 | BD91: =SUM(AZ91:BC91) -> 650000000 | BE91: Y | BF91: 의정부지방법원 고양지원 | BG91: 주식회사 에***** | BH91: 45623 | BI91: 2024타경85402 | BJ91: 45705 | BK91: 142720500
B92: =ROW()-10 -> 82 | C92: A | D92: R | E92: R-0070 | F92: 땅****농업회사법인(유) | G92: =IFERROR(VLOOKUP(E92,Assign!$C$2:$J$142,8,FALSE),) -> 문선영 | H92: R-0070-1 | I92: 1 | J92: 전라남도 | K92: 해남군 | L92: 황산면 한자리 | M92: 706-1(토지, 건물) | N92: 공장 | O92: 1517 | P92: 566.54 | Q92: 2 | R92: R-0070 | S92: 근저당 | T92: 1 | U92: KRW | V92: 336000000 | W92: 336000000 | AV92: =SUM(AP92:AU92) -> 0 | BD92: =SUM(AZ92:BC92) -> 0 | BE92: N | BF92: 광주지방법원 해남지원
B93: =ROW()-10 -> 83 | C93: A | D93: R | E93: R-0071 | F93: 조** | G93: =IFERROR(VLOOKUP(E93,Assign!$C$2:$J$142,8,FALSE),) -> 0 | H93: R-0071-1 | I93: 1 | J93: 경기도 | K93: 부천시 소사구 | L93: 옥길동 | M93: 793-2외 1필지 부천옥길서영아너시티2 제1층 제근생129호 | N93: 상가 | O93: 10.2798 | P93: 31.61 | R93: R-0071 | S93: 근저당 | T93: 1 | U93: KRW | V93: 432000000 | W93: 432000000 | AV93: =SUM(AP93:AU93) -> 0 | BD93: =SUM(AZ93:BC93) -> 0 | BE93: N | BF93: 인천지방법원 부천지원
B94: =ROW()-10 -> 84 | C94: A | D94: R | E94: R-0072 | F94: 최** | G94: =IFERROR(VLOOKUP(E94,Assign!$C$2:$J$142,8,FALSE),) -> 문선영 | H94: R-0072-1 | I94: 1 | J94: 울산광역시 | K94: 북구 | L94: 호계동 | M94: 213-7(토지, 건물) | N94: 근린시설 | O94: 327 | P94: 344.465 | R94: R-0072, 김** | S94: 근저당 | T94: 1,4 | U94: KRW | V94: 432000000 | W94: 432000000 | AC94: 2~3 | AD94: KRW | AE94: 432000000 | AF94: 432000000 | AV94: =SUM(AP94:AU94) -> 0 | BD94: =SUM(AZ94:BC94) -> 0 | BE94: Y | BF94: 울산지방법원 | BG94: 에이치에프에스사삼유동화전문(유) | BH94: 45681 | BI94: 2025타경11190 | BJ94: 45778 | BK94: 412763518
B95: =ROW()-10 -> 85 | C95: A | D95: R | E95: R-0073 | F95: 김** | G95: =IFERROR(VLOOKUP(E95,Assign!$C$2:$J$142,8,FALSE),) -> 문선영 | H95: R-0073-1 | I95: 1 | J95: 경기도 | K95: 용인시 기흥구 | L95: 공세동 | M95: 714 탑실마을대주피오레2단지 제209동 제24층 제2402호 | N95: 아파트 | O95: 180.9 | P95: 205.3273 | R95: R-0073 | S95: 근저당 | T95: 1 | U95: KRW | V95: 504000000 | W95: 504000000 | AV95: =SUM(AP95:AU95) -> 0 | BD95: =SUM(AZ95:BC95) -> 0 | BE95: Y | BF95: 수원지방법원 | BG95: 주식회사 에**** | BH95: 45534 | BI95: 2024타경86460 | BJ95: 45608 | BK95: 257407534
B96: =ROW()-10 -> 86 | C96: A | D96: R | E96: R-0074 | F96: 임** | G96: =IFERROR(VLOOKUP(E96,Assign!$C$2:$J$142,8,FALSE),) -> 0 | H96: R-0074-1 | I96: 1 | J96: 경기도 | K96: 김포시 | L96: 마산동 | M96: 636-1 한강 힐스테이트 제506동 제18층 제1804호 | N96: 아파트 | O96: 52.2856 | P96: 84.9794 | R96: R-0074 | S96: 근저당 | T96: 1 | U96: KRW | V96: 363000000 | W96: 363000000 | AV96: =SUM(AP96:AU96) -> 0 | AW96: KB시세 | AX96: 45765 | AY96: KB부동산 | BA96: 395000000 | BD96: =SUM(AZ96:BC96) -> 395000000 | BE96: N | BF96: 인천지방법원 부천지원
B97: =ROW()-10 -> 87 | C97: A | D97: R | E97: R-0075 | F97: 이** | G97: =IFERROR(VLOOKUP(E97,Assign!$C$2:$J$142,8,FALSE),) -> 0 | H97: R-0075-1 | I97: 1 | J97: 경기도 | K97: 남양주시 | L97: 별내동 | M97: 975-3 별내역파라곤스퀘어 제지식산업센터-2동 제13층 제엠1309호, 제엠1310호(집합건물 2개호) | N97: 아파트형공장 | O97: 33.2932 | P97: 109.2 | R97: R-0075, 이** | S97: 근저당 | T97: 1 | U97: KRW | V97: 300000000 | W97: 300000000 | AV97: =SUM(AP97:AU97) -> 0 | BD97: =SUM(AZ97:BC97) -> 0 | BE97: N | BF97: 의정부지방법원 남양주지원
B98: =ROW()-10 -> 88 | C98: A | D98: R | E98: R-0075 | F98: 이** | G98: =IFERROR(VLOOKUP(E98,Assign!$C$2:$J$142,8,FALSE),) -> 0 | H98: R-0075-2 | I98: 2 | J98: 경기도 | K98: 구리시 | L98: 인창동 | M98: 453 성원아파트 제103동 제8층 제801호 | N98: 아파트 | O98: 49.121 | P98: 134.64 | R98: 이** | S98: 근저당 | T98: 3 | U98: KRW | V98: 80400000 | W98: 80400000 | AC98: 1~2 | AD98: KRW | AE98: 444000000 | AF98: 444000000 | AV98: =SUM(AP98:AU98) -> 0 | AW98: KB시세 | AX98: 45765 | AY98: KB부동산 | BA98: 945000000 | BD98: =SUM(AZ98:BC98) -> 945000000 | BE98: N | BF98: 의정부지방법원 남양주지원
B99: =ROW()-10 -> 89 | C99: A | D99: R | E99: R-0076 | F99: 이** | G99: =IFERROR(VLOOKUP(E99,Assign!$C$2:$J$142,8,FALSE),) -> 0 | H99: R-0076-1 | I99: 1 | J99: 서울특별시 | K99: 강북구 | L99: 미아동 | M99: 317-8 엘림테라스뷰 제5층 제502호 | N99: 다세대 | O99: 33.05 | P99: 55.94 | R99: R-0076 | S99: 근저당 | T99: 1 | U99: KRW | V99: 236400000 | W99: 236400000 | AV99: =SUM(AP99:AU99) -> 0 | BD99: =SUM(AZ99:BC99) -> 0 | BE99: N | BF99: 서울북부지방법원
B100: =ROW()-10 -> 90 | C100: A | D100: R | E100: R-0076 | F100: 이** | G100: =IFERROR(VLOOKUP(E100,Assign!$C$2:$J$142,8,FALSE),) -> 0 | H100: R-0076-2 | I100: 2 | J100: 서울특별시 | K100: 강북구 | L100: 미아동 | M100: 137-22 1층 소재 양도담보 기계기구 11점(SSR112-SV14 10점. SDS-ONE APEX3-4 1점) | N100: 기계기구 | Q100: 11 | R100: R-0076 | S100: 양도담보권 | T100: 1 | U100: KRW | V100: 600000000 | W100: 600000000 | AV100: =SUM(AP100:AU100) -> 0 | BD100: =SUM(AZ100:BC100) -> 0 | BE100: N | BF100: 서울북부지방법원
B101: =ROW()-10 -> 91 | C101: A | D101: R | E101: R-0077 | F101: 김** | G101: =IFERROR(VLOOKUP(E101,Assign!$C$2:$J$142,8,FALSE),) -> 문선영 | H101: R-0077-1 | I101: 1 | J101: 경기도 | K101: 화성시 | L101: 남양읍 남양리 | M101: 1009-1외 2필지 제1동 제2층 제1201호 | N101: 다세대 | O101: 108 | P101: 76.655 | R101: R-0077 | S101: 근저당 | T101: 1 | U101: KRW | V101: 630000000 | W101: 630000000 | X101: 2 | Y101: 1 | Z101: KRW | AA101: 630000000 | AB101: 630000000 | AV101: =SUM(AP101:AU101) -> 0 | BD101: =SUM(AZ101:BC101) -> 0 | BE101: N | BF101: 수원지방법원
B102: =ROW()-10 -> 92 | C102: A | D102: R | E102: R-0077 | F102: 김** | G102: =IFERROR(VLOOKUP(E102,Assign!$C$2:$J$142,8,FALSE),) -> 문선영 | H102: R-0077-2 | I102: 2 | J102: 경기도 | K102: 화성시 | L102: 남양읍 남양리 | M102: 1009-1외 2필지 제2동 제3층 제2302호 | N102: 다세대 | O102: 108 | P102: 76.655 | R102: R-0077 | S102: 근저당 | T102: 1 | U102: KRW | V102: 630000000 | W102: 630000000 | X102: 1 | Y102: 1 | Z102: KRW | AA102: 630000000 | AB102: 630000000 | AV102: =SUM(AP102:AU102) -> 0 | BD102: =SUM(AZ102:BC102) -> 0 | BE102: N | BF102: 수원지방법원
B103: =ROW()-10 -> 93 | C103: A | D103: R | E103: R-0078 | F103: 이** | G103: =IFERROR(VLOOKUP(E103,Assign!$C$2:$J$142,8,FALSE),) -> 문선영 | H103: R-0078-1 | I103: 1 | J103: 경기도 | K103: 안양시 동안구 | L103: 호계동 | M103: 555-37 호계금정역에스케이브이1센터 제8층 제830호 | N103: 아파트형공장 | O103: 11.1551 | P103: 36.426 | R103: R-0078 | S103: 근저당 | T103: 1 | U103: KRW | V103: 157500000 | W103: 157500000 | AV103: =SUM(AP103:AU103) -> 0 | BD103: =SUM(AZ103:BC103) -> 0 | BE103: N | BF103: 수원지방법원 안양지원
B104: =ROW()-10 -> 94 | C104: A | D104: R | E104: R-0078 | F104: 이** | G104: =IFERROR(VLOOKUP(E104,Assign!$C$2:$J$142,8,FALSE),) -> 문선영 | H104: R-0078-2 | I104: 2 | J104: 경기도 | K104: 안양시 동안구 | L104: 호계동 | M104: 555-37 호계금정역에스케이브이1센터 제8층 제831호 | N104: 아파트형공장 | O104: 11.1551 | P104: 36.426 | R104: R-0078 | S104: 근저당 | T104: 1 | U104: KRW | V104: 157500000 | W104: 157500000 | AV104: =SUM(AP104:AU104) -> 0 | BD104: =SUM(AZ104:BC104) -> 0 | BE104: N | BF104: 수원지방법원 안양지원
...

Sheet 3-1.담보지번
A2: =Description!A2 -> SHB 2025-8 Program
A4: Regular / Special Assets
A6: 3-1. 등기부등본 정보(Property Information) | AI6: (단위 : 원)
B8: Borrower Identification Information | H8: Basic Property Information | V8: Mortgage Amount | AA8: Senior Claims | AI8: Description
B9: ="Field "&COLUMN()-1 -> Field 1 | C9: ="Field "&COLUMN()-1 -> Field 2 | D9: ="Field "&COLUMN()-1 -> Field 3 | E9: ="Field "&(COLUMN()-COUNTIF($B$9:D9,"")-1) -> Field 4 | F9: ="Field "&(COLUMN()-COUNTIF($B$9:E9,"")-1) -> Field 5 | H9: ="Field "&(COLUMN()-COUNTIF($B$9:F9,"")-1) -> Field 7 | I9: ="Field "&(COLUMN()-COUNTIF($B$9:H9,"")-1) -> Field 7 | J9: ="Field "&(COLUMN()-COUNTIF($B$9:I9,"")-1) -> Field 8 | K9: ="Field "&(COLUMN()-COUNTIF($B$9:J9,"")-1) -> Field 9 | L9: ="Field "&(COLUMN()-COUNTIF($B$9:K9,"")-1) -> Field 10 | M9: ="Field "&(COLUMN()-COUNTIF($B$9:L9,"")-1) -> Field 11 | N9: ="Field "&(COLUMN()-COUNTIF($B$9:M9,"")-1) -> Field 12 | O9: ="Field "&(COLUMN()-COUNTIF($B$9:N9,"")-1) -> Field 13 | P9: ="Field "&(COLUMN()-COUNTIF($B$9:O9,"")-1) -> Field 14 | ... AI9: ="Field "&(COLUMN()-COUNTIF($B$9:AH9,"")-1) -> Field 33
B10: 일련번호 | C10: Pool | D10: 채권구분 | E10: 차주일련번호 | F10: 차주명 | G10: Assign | H10: 물건번호 | I10: 지번번호 | J10: Property 일련번호 | K10: 등기부등본 일련번호 | L10: 담보소재지1 (특별,광역시/도) | M10: 담보소재지2 (시/군/구) | N10: 담보소재지3 (동/읍/면/리) | O10: 담보소재지4 (나머지상세지번/기타재산내역) | P10: 등기부등본-담보물형태 | Q10: 등기부등본- 대지면적 | R10: 등기부등본- 건물면적 | S10: 지상권설정 (Y/N) | T10: 대지권비율 | U10: 설정비율 | V10: 설정순위 | W10: 통화표시 | X10: 근저당권설정액 | Y10: 환산후 근저당권 설정액 | Z10: Simple/ Complicated | AA10: 선순위 설정순위 | AB10: 통화표시 | AC10: 선순위설정액 | AD10: 환산후 선순위 근저당권 설정액 | AE10: 중순위 설정순위 | AF10: 통화표시 | AG10: 중순위 설정액 | AH10: 환산후 중순위 근저당권 설정액 | AI10: 비 고
B11: =ROW()-10 -> 1 | C11: A | D11: R | E11: R-0001 | F11: (주)초**** | G11: =IFERROR(VLOOKUP(E11,Assign!$C$2:$J$142,8,FALSE),) -> 0 | H11: R-0001-1 | I11: R-0001-1-1 | J11: 1 | K11: 1 | L11: 경기도 | M11: 용인시 처인구 | N11: 남사읍 통삼리 | O11: 636-47 | P11: 임야 | Q11: 10909 | U11: 1 | V11: 공동1순위 | W11: KRW | X11: 12000000000 | Y11: 12000000000 | Z11: S | AA11: 공동1순위 | AB11: KRW | AC11: 1800000000 | AD11: 1800000000
B12: =ROW()-10 -> 2 | C12: A | D12: R | E12: R-0001 | F12: (주)초**** | G12: =IFERROR(VLOOKUP(E12,Assign!$C$2:$J$142,8,FALSE),) -> 0 | H12: R-0001-1 | I12: R-0001-1-2 | J12: 1 | K12: 2 | L12: 경기도 | M12: 용인시 처인구 | N12: 남사읍 통삼리 | O12: 627-10 | P12: 전 | Q12: 474 | U12: 1 | V12: 공동1순위 | W12: KRW | X12: 12000000000 | Y12: 12000000000 | Z12: S | AA12: 공동1순위 | AB12: KRW | AC12: 1800000000 | AD12: 1800000000
B13: =ROW()-10 -> 3 | C13: A | D13: R | E13: R-0002 | F13: 박** | G13: =IFERROR(VLOOKUP(E13,Assign!$C$2:$J$142,8,FALSE),) -> 0 | H13: R-0002-1 | I13: R-0002-1-1 | J13: 1 | K13: 1 | L13: 서울특별시 | M13: 강남구 | N13: 신사동 | O13: 510 | P13: 4층 근린생활시설 | R13: =410.73+420.31+413.97+413.97+379.49 -> 2038.47 | U13: 1 | V13: 1 | W13: KRW | X13: 8100000000 | Y13: 8100000000 | Z13: S
B14: =ROW()-10 -> 4 | C14: A | D14: R | E14: R-0002 | F14: 박** | G14: =IFERROR(VLOOKUP(E14,Assign!$C$2:$J$142,8,FALSE),) -> 0 | H14: R-0002-1 | I14: R-0002-1-2 | J14: 1 | K14: 2 | L14: 서울특별시 | M14: 강남구 | N14: 신사동 | O14: 510 | P14: 대 | Q14: 834.9 | U14: 1 | V14: 1 | W14: KRW | X14: 8100000000 | Y14: 8100000000 | Z14: S
B15: =ROW()-10 -> 5 | C15: A | D15: R | E15: R-0003 | F15: 신** | G15: =IFERROR(VLOOKUP(E15,Assign!$C$2:$J$142,8,FALSE),) -> 0 | H15: R-0003-1 | I15: R-0003-1-1 | J15: 1 | K15: 1 | L15: 경기도 | M15: 양주시 | N15: 옥정동 | O15: 950-2 신승프라자 제1층 제101호 | P15: 4층 제1,2종근린생활시설(소매점,휴게음식점,부동산중개업소,의원,일반음식점,독서실,체력단련장) | Q15: 1049.8 | R15: 55.6 | T15: =29.6962/1049.8 -> 0.028287483 | U15: 1 | V15: 1 | W15: KRW | X15: 6658800000 | Y15: 6658800000 | Z15: S
B16: =ROW()-10 -> 6 | C16: A | D16: R | E16: R-0003 | F16: 신** | G16: =IFERROR(VLOOKUP(E16,Assign!$C$2:$J$142,8,FALSE),) -> 0 | H16: R-0003-1 | I16: R-0003-1-2 | J16: 1 | K16: 2 | L16: 경기도 | M16: 양주시 | N16: 옥정동 | O16: 950-2 신승프라자 제1층 제102호 | P16: 4층 제1,2종근린생활시설(소매점,휴게음식점,부동산중개업소,의원,일반음식점,독서실,체력단련장) | Q16: 1049.8 | R16: 48 | T16: =25.6371/1049.8 -> 0.024420937 | U16: 1 | V16: 1 | W16: KRW | X16: 6658800000 | Y16: 6658800000 | Z16: S
B17: =ROW()-10 -> 7 | C17: A | D17: R | E17: R-0003 | F17: 신** | G17: =IFERROR(VLOOKUP(E17,Assign!$C$2:$J$142,8,FALSE),) -> 0 | H17: R-0003-1 | I17: R-0003-1-3 | J17: 1 | K17: 3 | L17: 경기도 | M17: 양주시 | N17: 옥정동 | O17: 950-2 신승프라자 제1층 제103호 | P17: 4층 제1,2종근린생활시설(소매점,휴게음식점,부동산중개업소,의원,일반음식점,독서실,체력단련장) | Q17: 1049.8 | R17: 48 | T17: =25.6371/1049.8 -> 0.024420937 | U17: 1 | V17: 1 | W17: KRW | X17: 6658800000 | Y17: 6658800000 | Z17: S
B18: =ROW()-10 -> 8 | C18: A | D18: R | E18: R-0003 | F18: 신** | G18: =IFERROR(VLOOKUP(E18,Assign!$C$2:$J$142,8,FALSE),) -> 0 | H18: R-0003-1 | I18: R-0003-1-4 | J18: 1 | K18: 4 | L18: 경기도 | M18: 양주시 | N18: 옥정동 | O18: 950-2 신승프라자 제1층 제104호 | P18: 4층 제1,2종근린생활시설(소매점,휴게음식점,부동산중개업소,의원,일반음식점,독서실,체력단련장) | Q18: 1049.8 | R18: 46.8 | T18: =24.9961/1049.8 -> 0.023810345 | U18: 1 | V18: 1 | W18: KRW | X18: 6658800000 | Y18: 6658800000 | Z18: S
B19: =ROW()-10 -> 9 | C19: A | D19: R | E19: R-0003 | F19: 신** | G19: =IFERROR(VLOOKUP(E19,Assign!$C$2:$J$142,8,FALSE),) -> 0 | H19: R-0003-1 | I19: R-0003-1-5 | J19: 1 | K19: 5 | L19: 경기도 | M19: 양주시 | N19: 옥정동 | O19: 950-2 신승프라자 제1층 제105호 | P19: 4층 제1,2종근린생활시설(소매점,휴게음식점,부동산중개업소,의원,일반음식점,독서실,체력단련장) | Q19: 1049.8 | R19: 46.8 | T19: =24.9961/1049.8 -> 0.023810345 | U19: 1 | V19: 1 | W19: KRW | X19: 6658800000 | Y19: 6658800000 | Z19: S
B20: =ROW()-10 -> 10 | C20: A | D20: R | E20: R-0003 | F20: 신** | G20: =IFERROR(VLOOKUP(E20,Assign!$C$2:$J$142,8,FALSE),) -> 0 | H20: R-0003-1 | I20: R-0003-1-6 | J20: 1 | K20: 6 | L20: 경기도 | M20: 양주시 | N20: 옥정동 | O20: 950-2 신승프라자 제1층 제106호 | P20: 4층 제1,2종근린생활시설(소매점,휴게음식점,부동산중개업소,의원,일반음식점,독서실,체력단련장) | Q20: 1049.8 | R20: 46.8 | T20: =24.9961/1049.8 -> 0.023810345 | U20: 1 | V20: 1 | W20: KRW | X20: 6658800000 | Y20: 6658800000 | Z20: S
B21: =ROW()-10 -> 11 | C21: A | D21: R | E21: R-0003 | F21: 신** | G21: =IFERROR(VLOOKUP(E21,Assign!$C$2:$J$142,8,FALSE),) -> 0 | H21: R-0003-1 | I21: R-0003-1-7 | J21: 1 | K21: 7 | L21: 경기도 | M21: 양주시 | N21: 옥정동 | O21: 950-2 신승프라자 제1층 제107호 | P21: 4층 제1,2종근린생활시설(소매점,휴게음식점,부동산중개업소,의원,일반음식점,독서실,체력단련장) | Q21: 1049.8 | R21: 44.55 | T21: =23.7944/1049.8 -> 0.022665651 | U21: 1 | V21: 1 | W21: KRW | X21: 6658800000 | Y21: 6658800000 | Z21: S
B22: =ROW()-10 -> 12 | C22: A | D22: R | E22: R-0003 | F22: 신** | G22: =IFERROR(VLOOKUP(E22,Assign!$C$2:$J$142,8,FALSE),) -> 0 | H22: R-0003-1 | I22: R-0003-1-8 | J22: 1 | K22: 8 | L22: 경기도 | M22: 양주시 | N22: 옥정동 | O22: 950-2 신승프라자 제1층 제108호 | P22: 4층 제1,2종근린생활시설(소매점,휴게음식점,부동산중개업소,의원,일반음식점,독서실,체력단련장) | Q22: 1049.8 | R22: 45.6 | T22: =24.3552/1049.8 -> 0.023199848 | U22: 1 | V22: 1 | W22: KRW | X22: 6658800000 | Y22: 6658800000 | Z22: S
B23: =ROW()-10 -> 13 | C23: A | D23: R | E23: R-0003 | F23: 신** | G23: =IFERROR(VLOOKUP(E23,Assign!$C$2:$J$142,8,FALSE),) -> 0 | H23: R-0003-1 | I23: R-0003-1-9 | J23: 1 | K23: 9 | L23: 경기도 | M23: 양주시 | N23: 옥정동 | O23: 950-2 신승프라자 제1층 제109호 | P23: 4층 제1,2종근린생활시설(소매점,휴게음식점,부동산중개업소,의원,일반음식점,독서실,체력단련장) | Q23: 1049.8 | R23: 45.6 | T23: =24.3552/1049.8 -> 0.023199848 | U23: 1 | V23: 1 | W23: KRW | X23: 6658800000 | Y23: 6658800000 | Z23: S
B24: =ROW()-10 -> 14 | C24: A | D24: R | E24: R-0003 | F24: 신** | G24: =IFERROR(VLOOKUP(E24,Assign!$C$2:$J$142,8,FALSE),) -> 0 | H24: R-0003-1 | I24: R-0003-1-10 | J24: 1 | K24: 10 | L24: 경기도 | M24: 양주시 | N24: 옥정동 | O24: 950-2 신승프라자 제1층 제110호 | P24: 4층 제1,2종근린생활시설(소매점,휴게음식점,부동산중개업소,의원,일반음식점,독서실,체력단련장) | Q24: 1049.8 | R24: 45.6 | T24: =24.3552/1049.8 -> 0.023199848 | U24: 1 | V24: 1 | W24: KRW | X24: 6658800000 | Y24: 6658800000 | Z24: S
B25: =ROW()-10 -> 15 | C25: A | D25: R | E25: R-0003 | F25: 신** | G25: =IFERROR(VLOOKUP(E25,Assign!$C$2:$J$142,8,FALSE),) -> 0 | H25: R-0003-1 | I25: R-0003-1-11 | J25: 1 | K25: 11 | L25: 경기도 | M25: 양주시 | N25: 옥정동 | O25: 950-2 신승프라자 제2층 제201호 | P25: 4층 제1,2종근린생활시설(소매점,휴게음식점,부동산중개업소,의원,일반음식점,독서실,체력단련장) | Q25: 1049.8 | R25: 172.8 | T25: =92.2934/1049.8 -> 0.087915222 | U25: 1 | V25: 1 | W25: KRW | X25: 6658800000 | Y25: 6658800000 | Z25: S
B26: =ROW()-10 -> 16 | C26: A | D26: R | E26: R-0003 | F26: 신** | G26: =IFERROR(VLOOKUP(E26,Assign!$C$2:$J$142,8,FALSE),) -> 0 | H26: R-0003-1 | I26: R-0003-1-12 | J26: 1 | K26: 12 | L26: 경기도 | M26: 양주시 | N26: 옥정동 | O26: 950-2 신승프라자 제2층 제202호 | P26: 4층 제1,2종근린생활시설(소매점,휴게음식점,부동산중개업소,의원,일반음식점,독서실,체력단련장) | Q26: 1049.8 | R26: 144 | T26: =76.9112/1049.8 -> 0.073262717 | U26: 1 | V26: 1 | W26: KRW | X26: 6658800000 | Y26: 6658800000 | Z26: S
B27: =ROW()-10 -> 17 | C27: A | D27: R | E27: R-0003 | F27: 신** | G27: =IFERROR(VLOOKUP(E27,Assign!$C$2:$J$142,8,FALSE),) -> 0 | H27: R-0003-1 | I27: R-0003-1-13 | J27: 1 | K27: 13 | L27: 경기도 | M27: 양주시 | N27: 옥정동 | O27: 950-2 신승프라자 제2층 제203호 | P27: 4층 제1,2종근린생활시설(소매점,휴게음식점,부동산중개업소,의원,일반음식점,독서실,체력단련장) | Q27: 1049.8 | R27: 91.2 | T27: =48.7104/1049.8 -> 0.046399695 | U27: 1 | V27: 1 | W27: KRW | X27: 6658800000 | Y27: 6658800000 | Z27: S
B28: =ROW()-10 -> 18 | C28: A | D28: R | E28: R-0003 | F28: 신** | G28: =IFERROR(VLOOKUP(E28,Assign!$C$2:$J$142,8,FALSE),) -> 0 | H28: R-0003-1 | I28: R-0003-1-14 | J28: 1 | K28: 14 | L28: 경기도 | M28: 양주시 | N28: 옥정동 | O28: 950-2 신승프라자 제2층 제204호 | P28: 4층 제1,2종근린생활시설(소매점,휴게음식점,부동산중개업소,의원,일반음식점,독서실,체력단련장) | Q28: 1049.8 | R28: 91.2 | T28: =48.7104/1049.8 -> 0.046399695 | U28: 1 | V28: 1 | W28: KRW | X28: 6658800000 | Y28: 6658800000 | Z28: S
B29: =ROW()-10 -> 19 | C29: A | D29: R | E29: R-0003 | F29: 신** | G29: =IFERROR(VLOOKUP(E29,Assign!$C$2:$J$142,8,FALSE),) -> 0 | H29: R-0003-1 | I29: R-0003-1-15 | J29: 1 | K29: 15 | L29: 경기도 | M29: 양주시 | N29: 옥정동 | O29: 950-2 신승프라자 제3층 제301호 | P29: 4층 제1,2종근린생활시설(소매점,휴게음식점,부동산중개업소,의원,일반음식점,독서실,체력단련장) | Q29: 1049.8 | R29: 172.8 | T29: =92.2934/1049.8 -> 0.087915222 | U29: 1 | V29: 1 | W29: KRW | X29: 6658800000 | Y29: 6658800000 | Z29: S
B30: =ROW()-10 -> 20 | C30: A | D30: R | E30: R-0003 | F30: 신** | G30: =IFERROR(VLOOKUP(E30,Assign!$C$2:$J$142,8,FALSE),) -> 0 | H30: R-0003-1 | I30: R-0003-1-16 | J30: 1 | K30: 16 | L30: 경기도 | M30: 양주시 | N30: 옥정동 | O30: 950-2 신승프라자 제3층 제302호 | P30: 4층 제1,2종근린생활시설(소매점,휴게음식점,부동산중개업소,의원,일반음식점,독서실,체력단련장) | Q30: 1049.8 | R30: 144 | T30: =76.9112/1049.8 -> 0.073262717 | U30: 1 | V30: 1 | W30: KRW | X30: 6658800000 | Y30: 6658800000 | Z30: S
B31: =ROW()-10 -> 21 | C31: A | D31: R | E31: R-0003 | F31: 신** | G31: =IFERROR(VLOOKUP(E31,Assign!$C$2:$J$142,8,FALSE),) -> 0 | H31: R-0003-1 | I31: R-0003-1-17 | J31: 1 | K31: 17 | L31: 경기도 | M31: 양주시 | N31: 옥정동 | O31: 950-2 신승프라자 제3층 제303호 | P31: 4층 제1,2종근린생활시설(소매점,휴게음식점,부동산중개업소,의원,일반음식점,독서실,체력단련장) | Q31: 1049.8 | R31: 91.2 | T31: =48.7104/1049.8 -> 0.046399695 | U31: 1 | V31: 1 | W31: KRW | X31: 6658800000 | Y31: 6658800000 | Z31: S
B32: =ROW()-10 -> 22 | C32: A | D32: R | E32: R-0003 | F32: 신** | G32: =IFERROR(VLOOKUP(E32,Assign!$C$2:$J$142,8,FALSE),) -> 0 | H32: R-0003-1 | I32: R-0003-1-18 | J32: 1 | K32: 18 | L32: 경기도 | M32: 양주시 | N32: 옥정동 | O32: 950-2 신승프라자 제3층 제304호 | P32: 4층 제1,2종근린생활시설(소매점,휴게음식점,부동산중개업소,의원,일반음식점,독서실,체력단련장) | Q32: 1049.8 | R32: 91.2 | T32: =48.7104/1049.8 -> 0.046399695 | U32: 1 | V32: 1 | W32: KRW | X32: 6658800000 | Y32: 6658800000 | Z32: S
B33: =ROW()-10 -> 23 | C33: A | D33: R | E33: R-0003 | F33: 신** | G33: =IFERROR(VLOOKUP(E33,Assign!$C$2:$J$142,8,FALSE),) -> 0 | H33: R-0003-2 | I33: R-0003-2-1 | J33: 2 | K33: 1 | L33: 경기도 | M33: 양주시 | N33: 옥정동 | O33: 950-2 신승프라자 제4층 제401호 | P33: 4층 제1,2종근린생활시설(소매점,휴게음식점,부동산중개업소,의원,일반음식점,독서실,체력단련장) | Q33: 1049.8 | R33: 310.59 | T33: =165.8878/1049.8 -> 0.15801848 | U33: 1 | V33: 2 | W33: KRW | X33: 6658800000 | Y33: 6658800000 | Z33: S | AA33: 1 | AB33: KRW | AC33: 324000000 | AD33: 324000000
B34: =ROW()-10 -> 24 | C34: A | D34: R | E34: R-0003 | F34: 신** | G34: =IFERROR(VLOOKUP(E34,Assign!$C$2:$J$142,8,FALSE),) -> 0 | H34: R-0003-2 | I34: R-0003-2-2 | J34: 2 | K34: 2 | L34: 경기도 | M34: 양주시 | N34: 옥정동 | O34: 950-2 신승프라자 제4층 제402호 | P34: 4층 제1,2종근린생활시설(소매점,휴게음식점,부동산중개업소,의원,일반음식점,독서실,체력단련장) | Q34: 1049.8 | R34: 95.22 | T34: =50.8575/1049.8 -> 0.048444942 | U34: 1 | V34: 2 | W34: KRW | X34: 6658800000 | Y34: 6658800000 | Z34: S | AA34: 1 | AB34: KRW | AC34: 324000000 | AD34: 324000000
B35: =ROW()-10 -> 25 | C35: A | D35: R | E35: R-0003 | F35: 신** | G35: =IFERROR(VLOOKUP(E35,Assign!$C$2:$J$142,8,FALSE),) -> 0 | H35: R-0003-2 | I35: R-0003-2-3 | J35: 2 | K35: 3 | L35: 경기도 | M35: 양주시 | N35: 옥정동 | O35: 950-2 신승프라자 제4층 제403호 | P35: 4층 제1,2종근린생활시설(소매점,휴게음식점,부동산중개업소,의원,일반음식점,독서실,체력단련장) | Q35: 1049.8 | R35: 87.97 | T35: =46.9852/1049.8 -> 0.044756335 | U35: 1 | V35: 2 | W35: KRW | X35: 6658800000 | Y35: 6658800000 | Z35: S | AA35: 1 | AB35: KRW | AC35: 324000000 | AD35: 324000000
B36: =ROW()-10 -> 26 | C36: A | D36: R | E36: R-0004 | F36: (주)비**** | G36: =IFERROR(VLOOKUP(E36,Assign!$C$2:$J$142,8,FALSE),) -> 0 | H36: R-0004-1 | I36: R-0004-1-1 | J36: 1 | K36: 1 | L36: 전북특별자치도 | M36: 군산시 | N36: 임피면 축산리 | O36: 601 주건축물제1동 | P36: 단층 공장 | R36: 3847.05 | U36: 1 | V36: 1~2 | W36: KRW | X36: 6240000000 | Y36: 6240000000 | Z36: S
B37: =ROW()-10 -> 27 | C37: A | D37: R | E37: R-0004 | F37: (주)비**** | G37: =IFERROR(VLOOKUP(E37,Assign!$C$2:$J$142,8,FALSE),) -> 0 | H37: R-0004-1 | I37: R-0004-1-2 | J37: 1 | K37: 2 | L37: 전북특별자치도 | M37: 군산시 | N37: 임피면 축산리 | O37: 601 주건축물제2동 | P37: 2층 공장 | R37: =404.28+447.29 -> 851.57 | U37: 1 | V37: 1~2 | W37: KRW | X37: 6240000000 | Y37: 6240000000 | Z37: S
B38: =ROW()-10 -> 28 | C38: A | D38: R | E38: R-0004 | F38: (주)비**** | G38: =IFERROR(VLOOKUP(E38,Assign!$C$2:$J$142,8,FALSE),) -> 0 | H38: R-0004-1 | I38: R-0004-1-3 | J38: 1 | K38: 3 | L38: 전북특별자치도 | M38: 군산시 | N38: 임피면 축산리 | O38: 601 | P38: 공장용지 | Q38: 7766.5 | U38: 1 | V38: 1~2 | W38: KRW | X38: 6240000000 | Y38: 6240000000 | Z38: S
B39: =ROW()-10 -> 29 | C39: A | D39: R | E39: R-0006 | F39: (주)진***** | G39: =IFERROR(VLOOKUP(E39,Assign!$C$2:$J$142,8,FALSE),) -> 0 | H39: R-0006-1 | I39: R-0006-1-1 | J39: 1 | K39: 1 | L39: 충청남도 | M39: 부여군 | N39: 임천면 점리 | O39: 405-6 | P39: 공장용지 | Q39: 1919 | U39: 1 | V39: 1~3 | W39: KRW | X39: 6710400000 | Y39: 6710400000 | Z39: S
B40: =ROW()-10 -> 30 | C40: A | D40: R | E40: R-0006 | F40: (주)진***** | G40: =IFERROR(VLOOKUP(E40,Assign!$C$2:$J$142,8,FALSE),) -> 0 | H40: R-0006-1 | I40: R-0006-1-2 | J40: 1 | K40: 2 | L40: 충청남도 | M40: 부여군 | N40: 임천면 점리 | O40: 411-1 | P40: 대 | Q40: 67 | U40: 1 | V40: 1~3 | W40: KRW | X40: 6710400000 | Y40: 6710400000 | Z40: S
B41: =ROW()-10 -> 31 | C41: A | D41: R | E41: R-0006 | F41: (주)진***** | G41: =IFERROR(VLOOKUP(E41,Assign!$C$2:$J$142,8,FALSE),) -> 0 | H41: R-0006-1 | I41: R-0006-1-3 | J41: 1 | K41: 3 | L41: 충청남도 | M41: 부여군 | N41: 임천면 점리 | O41: 414 | P41: 공장용지 | Q41: 14083 | U41: 1 | V41: 1~3 | W41: KRW | X41: 6710400000 | Y41: 6710400000 | Z41: S
B42: =ROW()-10 -> 32 | C42: A | D42: R | E42: R-0006 | F42: (주)진***** | G42: =IFERROR(VLOOKUP(E42,Assign!$C$2:$J$142,8,FALSE),) -> 0 | H42: R-0006-1 | I42: R-0006-1-4 | J42: 1 | K42: 4 | L42: 충청남도 | M42: 부여군 | N42: 임천면 점리 | O42: 414-2 | P42: 공장용지 | Q42: 1376 | U42: 1 | V42: 1~3 | W42: KRW | X42: 6710400000 | Y42: 6710400000 | Z42: S
B43: =ROW()-10 -> 33 | C43: A | D43: R | E43: R-0006 | F43: (주)진***** | G43: =IFERROR(VLOOKUP(E43,Assign!$C$2:$J$142,8,FALSE),) -> 0 | H43: R-0006-1 | I43: R-0006-1-5 | J43: 1 | K43: 5 | L43: 충청남도 | M43: 부여군 | N43: 임천면 점리 | O43: 415 | P43: 공장용지 | Q43: 31732 | U43: 1 | V43: 1~3 | W43: KRW | X43: 6710400000 | Y43: 6710400000 | Z43: S
B44: =ROW()-10 -> 34 | C44: A | D44: R | E44: R-0006 | F44: (주)진***** | G44: =IFERROR(VLOOKUP(E44,Assign!$C$2:$J$142,8,FALSE),) -> 0 | H44: R-0006-1 | I44: R-0006-1-6 | J44: 1 | K44: 6 | L44: 충청남도 | M44: 부여군 | N44: 임천면 점리 | O44: 433 | P44: 공장용지 | Q44: 1243 | U44: 1 | V44: 1~3 | W44: KRW | X44: 6710400000 | Y44: 6710400000 | Z44: S
B45: =ROW()-10 -> 35 | C45: A | D45: R | E45: R-0006 | F45: (주)진***** | G45: =IFERROR(VLOOKUP(E45,Assign!$C$2:$J$142,8,FALSE),) -> 0 | H45: R-0006-1 | I45: R-0006-1-7 | J45: 1 | K45: 7 | L45: 충청남도 | M45: 부여군 | N45: 임천면 점리 | O45: 산226-1 | P45: 임야 | Q45: 1884 | U45: 1 | V45: 1~3 | W45: KRW | X45: 6710400000 | Y45: 6710400000 | Z45: S
B46: =ROW()-10 -> 36 | C46: A | D46: R | E46: R-0007 | F46: 주식회사더*** | G46: =IFERROR(VLOOKUP(E46,Assign!$C$2:$J$142,8,FALSE),) -> 0 | H46: R-0007-1 | I46: R-0007-1-1 | J46: 1 | K46: 1 | L46: 충청남도 | M46: 천안시 서북구 | N46: 불당동 | O46: 1485 센트애비뉴 제3층 제302호 | P46: 9층 업무시설 근린생활시설 운동시설 문화및집회시설 | Q46: 6629.4 | R46: 529.82 | T46: =148.537/6629.4 -> 0.022405798 | U46: 1 | V46: 1 | W46: KRW | X46: 5400000000 | Y46: 5400000000 | Z46: S
B47: =ROW()-10 -> 37 | C47: A | D47: R | E47: R-0007 | F47: 주식회사더*** | G47: =IFERROR(VLOOKUP(E47,Assign!$C$2:$J$142,8,FALSE),) -> 0 | H47: R-0007-1 | I47: R-0007-1-2 | J47: 1 | K47: 2 | L47: 충청남도 | M47: 천안시 서북구 | N47: 불당동 | O47: 1485 센트애비뉴 제4층 제402호 | P47: 9층 업무시설 근린생활시설 운동시설 문화및집회시설 | Q47: 6629.4 | R47: 574.86 | T47: =143.558/6629.4 -> 0.02165475 | U47: 1 | V47: 1 | W47: KRW | X47: 5400000000 | Y47: 5400000000 | Z47: S
B48: =ROW()-10 -> 38 | C48: A | D48: R | E48: R-0009 | F48: (주)미***** | G48: =IFERROR(VLOOKUP(E48,Assign!$C$2:$J$142,8,FALSE),) -> 0 | H48: R-0009-1 | I48: R-0009-1-1 | J48: 1 | K48: 1 | L48: 강원특별자치도 | M48: 춘천시 | N48: 동산면 군자리 | O48: 1391 주건축물제가동 | P48: 2층 공장 | R48: =893.5+97 -> 990.5 | U48: 1 | V48: 1~3 | W48: KRW | X48: 4695600000 | Y48: 4695600000 | Z48: S
B49: =ROW()-10 -> 39 | C49: A | D49: R | E49: R-0009 | F49: (주)미***** | G49: =IFERROR(VLOOKUP(E49,Assign!$C$2:$J$142,8,FALSE),) -> 0 | H49: R-0009-1 | I49: R-0009-1-2 | J49: 1 | K49: 2 | L49: 강원특별자치도 | M49: 춘천시 | N49: 동산면 군자리 | O49: 1391 주건축물제나동 | P49: 단층 공장 | R49: 995 | U49: 1 | V49: 1~3 | W49: KRW | X49: 4695600000 | Y49: 4695600000 | Z49: S
B50: =ROW()-10 -> 40 | C50: A | D50: R | E50: R-0009 | F50: (주)미***** | G50: =IFERROR(VLOOKUP(E50,Assign!$C$2:$J$142,8,FALSE),) -> 0 | H50: R-0009-1 | I50: R-0009-1-3 | J50: 1 | K50: 3 | L50: 강원특별자치도 | M50: 춘천시 | N50: 동산면 군자리 | O50: 1391 | P50: 공장용지 | Q50: 8265.9 | U50: 1 | V50: 1~3 | W50: KRW | X50: 4695600000 | Y50: 4695600000 | Z50: S
B51: =ROW()-10 -> 41 | C51: A | D51: R | E51: R-0009 | F51: (주)미***** | G51: =IFERROR(VLOOKUP(E51,Assign!$C$2:$J$142,8,FALSE),) -> 0 | H51: R-0009-2 | I51: R-0009-2-1 | J51: 2 | K51: 1 | L51: 강원특별자치도 | M51: 춘천시 | N51: 근화동 | O51: 279-8 신성근화미소지움아파트 제110동 제7층 제702호 | P51: 15층 아파트 | Q51: 40591.9 | R51: 133.97 | T51: =61.073/40591.9 -> 0.0015045613 | U51: 1 | V51: 3 | W51: KRW | X51: 66000000 | Y51: 66000000 | Z51: S | AA51: 1~2 | AB51: KRW | AC51: 367650000 | AD51: 367650000
B52: =ROW()-10 -> 42 | C52: A | D52: R | E52: R-0010 | F52: 농업회사법인 권***** 주식회사 | G52: =IFERROR(VLOOKUP(E52,Assign!$C$2:$J$142,8,FALSE),) -> 0 | H52: R-0010-1 | I52: R-0010-1-1 | J52: 1 | K52: 1 | L52: 강원특별자치도 | M52: 태백시 | N52: 동점동 | O52: 542 농업회사법인권도영알로에에이치에이씨씨피공장 | P52: 2층 공장 | R52: =1483.42+599.1 -> 2082.52 | U52: 1 | V52: 1~2 | W52: KRW | X52: 4344000000 | Y52: 4344000000 | Z52: S
B53: =ROW()-10 -> 43 | C53: A | D53: R | E53: R-0010 | F53: 농업회사법인 권***** 주식회사 | G53: =IFERROR(VLOOKUP(E53,Assign!$C$2:$J$142,8,FALSE),) -> 0 | H53: R-0010-1 | I53: R-0010-1-2 | J53: 1 | K53: 2 | L53: 강원특별자치도 | M53: 태백시 | N53: 동점동 | O53: 542 | P53: 공장용지 | Q53: 7753.8 | U53: 1 | V53: 1~2 | W53: KRW | X53: 4344000000 | Y53: 4344000000 | Z53: S
B54: =ROW()-10 -> 44 | C54: A | D54: R | E54: R-0010 | F54: 농업회사법인 권***** 주식회사 | G54: =IFERROR(VLOOKUP(E54,Assign!$C$2:$J$142,8,FALSE),) -> 0 | H54: R-0010-2 | I54: R-0010-2-1 | J54: 2 | K54: 1 | L54: 울산광역시 | M54: 중구 | N54: 성안동 | O54: 산339-5 | P54: 임야 | Q54: 1653 | U54: 1 | V54: 1~2 | W54: KRW | X54: 4344000000 | Y54: 4344000000 | Z54: S
B55: =ROW()-10 -> 45 | C55: A | D55: R | E55: R-0010 | F55: 농업회사법인 권***** 주식회사 | G55: =IFERROR(VLOOKUP(E55,Assign!$C$2:$J$142,8,FALSE),) -> 0 | H55: R-0010-2 | I55: R-0010-2-2 | J55: 2 | K55: 2 | L55: 울산광역시 | M55: 중구 | N55: 성안동 | O55: 산339-10 | P55: 임야 | Q55: 1653 | U55: 1 | V55: 1~2 | W55: KRW | X55: 4344000000 | Y55: 4344000000 | Z55: S
B56: =ROW()-10 -> 46 | C56: A | D56: R | E56: R-0011 | F56: 심** | G56: =IFERROR(VLOOKUP(E56,Assign!$C$2:$J$142,8,FALSE),) -> 0 | H56: R-0011-1 | I56: R-0011-1-1 | J56: 1 | K56: 1 | L56: 부산광역시 | M56: 사하구 | N56: 장림동 | O56: 989-27 | P56: 5층 공장 | R56: =727.32+727.32+727.32+727.32+727.32 -> 3636.6 | U56: 1 | V56: 1~2 | W56: KRW | X56: 3996000000 | Y56: 3996000000 | Z56: S
B57: =ROW()-10 -> 47 | C57: A | D57: R | E57: R-0011 | F57: 심** | G57: =IFERROR(VLOOKUP(E57,Assign!$C$2:$J$142,8,FALSE),) -> 0 | H57: R-0011-1 | I57: R-0011-1-2 | J57: 1 | K57: 2 | L57: 부산광역시 | M57: 사하구 | N57: 장림동 | O57: 989-27 | P57: 공장용지 | Q57: 1041 | U57: 1 | V57: 1~2 | W57: KRW | X57: 3996000000 | Y57: 3996000000 | Z57: S
B58: =ROW()-10 -> 48 | C58: A | D58: R | E58: R-0011 | F58: 심** | G58: =IFERROR(VLOOKUP(E58,Assign!$C$2:$J$142,8,FALSE),) -> 0 | H58: R-0011-1 | I58: R-0011-1-3 | J58: 1 | K58: 3 | L58: 부산광역시 | M58: 사하구 | N58: 장림동 | O58: 989-17 | P58: 공장용지 | Q58: 1853 | U58: =77/1853 -> 0.041554236 | V58: 1~2 | W58: KRW | X58: 3996000000 | Y58: 3996000000 | Z58: S
B59: =ROW()-10 -> 49 | C59: A | D59: R | E59: R-0012 | F59: 박** | G59: =IFERROR(VLOOKUP(E59,Assign!$C$2:$J$142,8,FALSE),) -> 0 | H59: R-0012-1 | I59: R-0012-1-1 | J59: 1 | K59: 1 | L59: 경기도 | M59: 화성시 | N59: 오산동 | O59: 977-3 동탄역스타디움블루 제2층 제201호 | P59: 12층 업무시설 | Q59: 1254.9 | R59: 83.96 | T59: =20.423/1254.9 -> 0.016274604 | U59: 1 | V59: 1 | W59: KRW | X59: 3960000000 | Y59: 3960000000 | Z59: S
B60: =ROW()-10 -> 50 | C60: A | D60: R | E60: R-0012 | F60: 박** | G60: =IFERROR(VLOOKUP(E60,Assign!$C$2:$J$142,8,FALSE),) -> 0 | H60: R-0012-1 | I60: R-0012-1-2 | J60: 1 | K60: 2 | L60: 경기도 | M60: 화성시 | N60: 오산동 | O60: 977-3 동탄역스타디움블루 제2층 제202호 | P60: 12층 업무시설 | Q60: 1254.9 | R60: 71.6 | T60: =17.404/1254.9 -> 0.013868834 | U60: 1 | V60: 1 | W60: KRW | X60: 3960000000 | Y60: 3960000000 | Z60: S
B61: =ROW()-10 -> 51 | C61: A | D61: R | E61: R-0012 | F61: 박** | G61: =IFERROR(VLOOKUP(E61,Assign!$C$2:$J$142,8,FALSE),) -> 0 | H61: R-0012-1 | I61: R-0012-1-3 | J61: 1 | K61: 3 | L61: 경기도 | M61: 화성시 | N61: 오산동 | O61: 977-3 동탄역스타디움블루 제2층 제203호 | P61: 12층 업무시설 | Q61: 1254.9 | R61: 67.125 | T61: =16.316/1254.9 -> 0.013001833 | U61: 1 | V61: 1 | W61: KRW | X61: 3960000000 | Y61: 3960000000 | Z61: S
B62: =ROW()-10 -> 52 | C62: A | D62: R | E62: R-0012 | F62: 박** | G62: =IFERROR(VLOOKUP(E62,Assign!$C$2:$J$142,8,FALSE),) -> 0 | H62: R-0012-1 | I62: R-0012-1-4 | J62: 1 | K62: 4 | L62: 경기도 | M62: 화성시 | N62: 오산동 | O62: 977-3 동탄역스타디움블루 제2층 제204호 | P62: 12층 업무시설 | Q62: 1254.9 | R62: 70.516 | T62: =17.14/1254.9 -> 0.013658459 | U62: 1 | V62: 1 | W62: KRW | X62: 3960000000 | Y62: 3960000000 | Z62: S
B63: =ROW()-10 -> 53 | C63: A | D63: R | E63: R-0012 | F63: 박** | G63: =IFERROR(VLOOKUP(E63,Assign!$C$2:$J$142,8,FALSE),) -> 0 | H63: R-0012-1 | I63: R-0012-1-5 | J63: 1 | K63: 5 | L63: 경기도 | M63: 화성시 | N63: 오산동 | O63: 977-3 동탄역스타디움블루 제2층 제205호 | P63: 12층 업무시설 | Q63: 1254.9 | R63: 53.13 | T63: =12.914/1254.9 -> 0.01029086 | U63: 1 | V63: 1 | W63: KRW | X63: 3960000000 | Y63: 3960000000 | Z63: S
B64: =ROW()-10 -> 54 | C64: A | D64: R | E64: R-0013 | F64: 오** | G64: =IFERROR(VLOOKUP(E64,Assign!$C$2:$J$142,8,FALSE),) -> 0 | H64: R-0013-1 | I64: R-0013-1-1 | J64: 1 | K64: 1 | L64: 경상남도 | M64: 함안군 | N64: 가야읍 묘사리 | O64: 848외 3필지 제주1동호 | P64: 2층 운동시설 및 일반음식점, 단층 직원숙소 | R64: =767.89+715.94+117.6 -> 1601.43 | U64: 1 | V64: 1 | W64: KRW | X64: 3180000000 | Y64: 3180000000 | Z64: S
B65: =ROW()-10 -> 55 | C65: A | D65: R | E65: R-0013 | F65: 오** | G65: =IFERROR(VLOOKUP(E65,Assign!$C$2:$J$142,8,FALSE),) -> 0 | H65: R-0013-1 | I65: R-0013-1-2 | J65: 1 | K65: 2 | L65: 경상남도 | M65: 함안군 | N65: 가야읍 묘사리 | O65: 848외 3필지 제주2동호 | P65: 단층 창고시설 | R65: 1452.64 | U65: 1 | V65: 1 | W65: KRW | X65: 3180000000 | Y65: 3180000000 | Z65: S
B66: =ROW()-10 -> 56 | C66: A | D66: R | E66: R-0013 | F66: 오** | G66: =IFERROR(VLOOKUP(E66,Assign!$C$2:$J$142,8,FALSE),) -> 0 | H66: R-0013-1 | I66: R-0013-1-3 | J66: 1 | K66: 3 | L66: 경상남도 | M66: 함안군 | N66: 가야읍 묘사리 | O66: 848외 2필지 제주3동호 | P66: 2층 운동시설 | R66: =195.19+75.63 -> 270.82 | U66: 1 | V66: 1 | W66: KRW | X66: 3180000000 | Y66: 3180000000 | Z66: S
B67: =ROW()-10 -> 57 | C67: A | D67: R | E67: R-0013 | F67: 오** | G67: =IFERROR(VLOOKUP(E67,Assign!$C$2:$J$142,8,FALSE),) -> 0 | H67: R-0013-1 | I67: R-0013-1-4 | J67: 1 | K67: 4 | L67: 경상남도 | M67: 함안군 | N67: 가야읍 묘사리 | O67: 848 | P67: 대 | Q67: 4529 | U67: 1 | V67: 1 | W67: KRW | X67: 3180000000 | Y67: 3180000000 | Z67: S
B68: =ROW()-10 -> 58 | C68: A | D68: R | E68: R-0013 | F68: 오** | G68: =IFERROR(VLOOKUP(E68,Assign!$C$2:$J$142,8,FALSE),) -> 0 | H68: R-0013-1 | I68: R-0013-1-5 | J68: 1 | K68: 5 | L68: 경상남도 | M68: 함안군 | N68: 가야읍 묘사리 | O68: 850 | P68: 대 | Q68: 1560 | U68: 1 | V68: 1 | W68: KRW | X68: 3180000000 | Y68: 3180000000 | Z68: S
B69: =ROW()-10 -> 59 | C69: A | D69: R | E69: R-0013 | F69: 오** | G69: =IFERROR(VLOOKUP(E69,Assign!$C$2:$J$142,8,FALSE),) -> 0 | H69: R-0013-1 | I69: R-0013-1-6 | J69: 1 | K69: 6 | L69: 경상남도 | M69: 함안군 | N69: 가야읍 묘사리 | O69: 852 | P69: 대 | Q69: 1088 | U69: 1 | V69: 1 | W69: KRW | X69: 3180000000 | Y69: 3180000000 | Z69: S
B70: =ROW()-10 -> 60 | C70: A | D70: R | E70: R-0013 | F70: 오** | G70: =IFERROR(VLOOKUP(E70,Assign!$C$2:$J$142,8,FALSE),) -> 0 | H70: R-0013-1 | I70: R-0013-1-7 | J70: 1 | K70: 7 | L70: 경상남도 | M70: 함안군 | N70: 가야읍 묘사리 | O70: 874-3 | P70: 대 | Q70: 58 | U70: 1 | V70: 1 | W70: KRW | X70: 3180000000 | Y70: 3180000000 | Z70: S
B71: =ROW()-10 -> 61 | C71: A | D71: R | E71: R-0013 | F71: 오** | G71: =IFERROR(VLOOKUP(E71,Assign!$C$2:$J$142,8,FALSE),) -> 0 | H71: R-0013-1 | I71: R-0013-1-8 | J71: 1 | K71: 8 | L71: 경상남도 | M71: 함안군 | N71: 가야읍 묘사리 | O71: 850-2 | P71: 대 | Q71: 15 | U71: 1 | V71: 1 | W71: KRW | X71: 3180000000 | Y71: 3180000000 | Z71: S
B72: =ROW()-10 -> 62 | C72: A | D72: R | E72: R-0015 | F72: 박** | G72: =IFERROR(VLOOKUP(E72,Assign!$C$2:$J$142,8,FALSE),) -> 0 | H72: R-0015-1 | I72: R-0015-1-1 | J72: 1 | K72: 1 | L72: 서울특별시 | M72: 강동구 | N72: 성내동 | O72: 447-1 | P72: 2층 근린생활시설 및 단독주택(5가구) | R72: =261.35+101.11+99.27 -> 461.73 | U72: 1 | V72: 1 | W72: KRW | X72: 1300000000 | Y72: 1300000000 | Z72: S
B73: =ROW()-10 -> 63 | C73: A | D73: R | E73: R-0015 | F73: 박** | G73: =IFERROR(VLOOKUP(E73,Assign!$C$2:$J$142,8,FALSE),) -> 0 | H73: R-0015-1 | I73: R-0015-1-2 | J73: 1 | K73: 2 | L73: 서울특별시 | M73: 강동구 | N73: 성내동 | O73: 447-1 | P73: 대 | Q73: 538.4 | U73: 1 | V73: 1 | W73: KRW | X73: 1300000000 | Y73: 1300000000 | Z73: S
B74: =ROW()-10 -> 64 | C74: A | D74: R | E74: R-0015 | F74: 박** | G74: =IFERROR(VLOOKUP(E74,Assign!$C$2:$J$142,8,FALSE),) -> 0 | H74: R-0015-2 | I74: R-0015-2-1 | J74: 2 | K74: 1 | L74: 서울특별시 | M74: 강남구 | N74: 삼성동 | O74: 78-1 위레벤646 제6층 제604호 | P74: 19층 공동주택(아파트-도시형생활주택), 업무시설(오피스텔), 근린생활시설 | Q74: 1484.1 | R74: 36.8497 | T74: =11.4325/1484.1 -> 0.0077033219 | U74: 1 | V74: 1 | W74: KRW | X74: 960000000 | Y74: 960000000 | Z74: S
B75: =ROW()-10 -> 65 | C75: A | D75: R | E75: R-0016 | F75: 자******* | G75: =IFERROR(VLOOKUP(E75,Assign!$C$2:$J$142,8,FALSE),) -> 0 | H75: R-0016-1 | I75: R-0016-1-1 | J75: 1 | K75: 1 | L75: 전라남도 | M75: 목포시 | N75: 대양동 | O75: 222-1외 1필지 | P75: 3층 교육연구 및 복지시설 | R75: =344.12+344.12+344.12 -> 1032.36 | U75: 1 | V75: 1 | W75: KRW | X75: 2479200000 | Y75: 2479200000 | Z75: S
B76: =ROW()-10 -> 66 | C76: A | D76: R | E76: R-0016 | F76: 자******* | G76: =IFERROR(VLOOKUP(E76,Assign!$C$2:$J$142,8,FALSE),) -> 0 | H76: R-0016-1 | I76: R-0016-1-2 | J76: 1 | K76: 2 | L76: 전라남도 | M76: 목포시 | N76: 대양동 | O76: 222-1 | P76: 대 | Q76: 1024 | U76: 1 | V76: 1 | W76: KRW | X76: 2479200000 | Y76: 2479200000 | Z76: S
B77: =ROW()-10 -> 67 | C77: A | D77: R | E77: R-0016 | F77: 자******* | G77: =IFERROR(VLOOKUP(E77,Assign!$C$2:$J$142,8,FALSE),) -> 0 | H77: R-0016-1 | I77: R-0016-1-3 | J77: 1 | K77: 3 | L77: 전라남도 | M77: 목포시 | N77: 대양동 | O77: 222-4 | P77: 대 | Q77: 239 | U77: 1 | V77: 1 | W77: KRW | X77: 2479200000 | Y77: 2479200000 | Z77: S
B78: =ROW()-10 -> 68 | C78: A | D78: R | E78: R-0016 | F78: 자******* | G78: =IFERROR(VLOOKUP(E78,Assign!$C$2:$J$142,8,FALSE),) -> 0 | H78: R-0016-1 | I78: R-0016-1-4 | J78: 1 | K78: 4 | L78: 전라남도 | M78: 목포시 | N78: 대양동 | O78: 222-5외 2필지 | P78: 2층 노유자시설 | R78: =215.29+229.05 -> 444.34 | U78: 1 | V78: 1 | W78: KRW | X78: 2479200000 | Y78: 2479200000 | Z78: S
B79: =ROW()-10 -> 69 | C79: A | D79: R | E79: R-0016 | F79: 자******* | G79: =IFERROR(VLOOKUP(E79,Assign!$C$2:$J$142,8,FALSE),) -> 0 | H79: R-0016-1 | I79: R-0016-1-5 | J79: 1 | K79: 5 | L79: 전라남도 | M79: 목포시 | N79: 대양동 | O79: 222-5 | P79: 대 | Q79: 324 | U79: 1 | V79: 1 | W79: KRW | X79: 2479200000 | Y79: 2479200000 | Z79: S
B80: =ROW()-10 -> 70 | C80: A | D80: R | E80: R-0016 | F80: 자******* | G80: =IFERROR(VLOOKUP(E80,Assign!$C$2:$J$142,8,FALSE),) -> 0 | H80: R-0016-1 | I80: R-0016-1-6 | J80: 1 | K80: 6 | L80: 전라남도 | M80: 목포시 | N80: 대양동 | O80: 221-16 | P80: 대 | Q80: 24 | U80: 1 | V80: 1 | W80: KRW | X80: 2479200000 | Y80: 2479200000 | Z80: S
B81: =ROW()-10 -> 71 | C81: A | D81: R | E81: R-0016 | F81: 자******* | G81: =IFERROR(VLOOKUP(E81,Assign!$C$2:$J$142,8,FALSE),) -> 0 | H81: R-0016-1 | I81: R-0016-1-7 | J81: 1 | K81: 7 | L81: 전라남도 | M81: 목포시 | N81: 대양동 | O81: 222-6 | P81: 대 | Q81: 175 | U81: 1 | V81: 1 | W81: KRW | X81: 2479200000 | Y81: 2479200000 | Z81: S
B82: =ROW()-10 -> 72 | C82: A | D82: R | E82: R-0016 | F82: 자******* | G82: =IFERROR(VLOOKUP(E82,Assign!$C$2:$J$142,8,FALSE),) -> 0 | H82: R-0016-1 | I82: R-0016-1-8 | J82: 1 | K82: 8 | L82: 전라남도 | M82: 목포시 | N82: 대양동 | O82: 219 | P82: 전 | Q82: 1356 | U82: 1 | V82: 1 | W82: KRW | X82: 2479200000 | Y82: 2479200000 | Z82: S
B83: =ROW()-10 -> 73 | C83: A | D83: R | E83: R-0016 | F83: 자******* | G83: =IFERROR(VLOOKUP(E83,Assign!$C$2:$J$142,8,FALSE),) -> 0 | H83: R-0016-1 | I83: R-0016-1-9 | J83: 1 | K83: 9 | L83: 전라남도 | M83: 목포시 | N83: 대양동 | O83: 219-4 | P83: 전 | Q83: 129 | U83: 1 | V83: 1 | W83: KRW | X83: 2479200000 | Y83: 2479200000 | Z83: S
B84: =ROW()-10 -> 74 | C84: A | D84: R | E84: R-0016 | F84: 자******* | G84: =IFERROR(VLOOKUP(E84,Assign!$C$2:$J$142,8,FALSE),) -> 0 | H84: R-0016-1 | I84: R-0016-1-10 | J84: 1 | K84: 10 | L84: 전라남도 | M84: 목포시 | N84: 대양동 | O84: 222-2 | P84: 전 | Q84: 331 | U84: 1 | V84: 1 | W84: KRW | X84: 2479200000 | Y84: 2479200000 | Z84: S
B85: =ROW()-10 -> 75 | C85: A | D85: R | E85: R-0016 | F85: 자******* | G85: =IFERROR(VLOOKUP(E85,Assign!$C$2:$J$142,8,FALSE),) -> 0 | H85: R-0016-1 | I85: R-0016-1-11 | J85: 1 | K85: 11 | L85: 전라남도 | M85: 목포시 | N85: 대양동 | O85: 222-9 | P85: 도로 | Q85: 1 | U85: 1 | V85: 1 | W85: KRW | X85: 2479200000 | Y85: 2479200000 | Z85: S
B86: =ROW()-10 -> 76 | C86: A | D86: R | E86: R-0016 | F86: 자******* | G86: =IFERROR(VLOOKUP(E86,Assign!$C$2:$J$142,8,FALSE),) -> 0 | H86: R-0016-1 | I86: R-0016-1-12 | J86: 1 | K86: 12 | L86: 전라남도 | M86: 목포시 | N86: 대양동 | O86: 222-10 | P86: 도로 | Q86: 32 | U86: 1 | V86: 1 | W86: KRW | X86: 2479200000 | Y86: 2479200000 | Z86: S
B87: =ROW()-10 -> 77 | C87: A | D87: R | E87: R-0016 | F87: 자******* | G87: =IFERROR(VLOOKUP(E87,Assign!$C$2:$J$142,8,FALSE),) -> 0 | H87: R-0016-1 | I87: R-0016-1-13 | J87: 1 | K87: 13 | L87: 전라남도 | M87: 목포시 | N87: 대양동 | O87: 222-15 | P87: 전 | Q87: 32 | U87: 1 | V87: 1 | W87: KRW | X87: 2479200000 | Y87: 2479200000 | Z87: S
B88: =ROW()-10 -> 78 | C88: A | D88: R | E88: R-0017 | F88: (주)에**** | G88: =IFERROR(VLOOKUP(E88,Assign!$C$2:$J$142,8,FALSE),) -> 0 | H88: R-0017-1 | I88: R-0017-1-1 | J88: 1 | K88: 1 | L88: 충청북도 | M88: 음성군 | N88: 원남면 하노리 | O88: 644-5외 4필지 제가동호 | P88: 단층 공장 | R88: =493.88+296.52+21.15 -> 811.55 | U88: 1 | V88: 1~5 | W88: KRW | X88: 2124000000 | Y88: 2124000000 | Z88: S
B89: =ROW()-10 -> 79 | C89: A | D89: R | E89: R-0017 | F89: (주)에**** | G89: =IFERROR(VLOOKUP(E89,Assign!$C$2:$J$142,8,FALSE),) -> 0 | H89: R-0017-1 | I89: R-0017-1-2 | J89: 1 | K89: 2 | L89: 충청북도 | M89: 음성군 | N89: 원남면 하노리 | O89: 644-5외 4필지 제나동호 | P89: 단층 공장 | R89: =493.88+11.07 -> 504.95 | U89: 1 | V89: 1~5 | W89: KRW | X89: 2124000000 | Y89: 2124000000 | Z89: S
B90: =ROW()-10 -> 80 | C90: A | D90: R | E90: R-0017 | F90: (주)에**** | G90: =IFERROR(VLOOKUP(E90,Assign!$C$2:$J$142,8,FALSE),) -> 0 | H90: R-0017-1 | I90: R-0017-1-3 | J90: 1 | K90: 3 | L90: 충청북도 | M90: 음성군 | N90: 원남면 하노리 | O90: 644-5외 4필지 제다동호 | P90: 단층공장(사무실,기숙사) | R90: 123.75 | U90: 1 | V90: 1~5 | W90: KRW | X90: 2124000000 | Y90: 2124000000 | Z90: S
B91: =ROW()-10 -> 81 | C91: A | D91: R | E91: R-0017 | F91: (주)에**** | G91: =IFERROR(VLOOKUP(E91,Assign!$C$2:$J$142,8,FALSE),) -> 0 | H91: R-0017-1 | I91: R-0017-1-4 | J91: 1 | K91: 4 | L91: 충청북도 | M91: 음성군 | N91: 원남면 하노리 | O91: 644-5외 4필지 제라동호 | P91: 단층공장(사무실) | R91: 66 | U91: 1 | V91: 1~5 | W91: KRW | X91: 2124000000 | Y91: 2124000000 | Z91: S
B92: =ROW()-10 -> 82 | C92: A | D92: R | E92: R-0017 | F92: (주)에**** | G92: =IFERROR(VLOOKUP(E92,Assign!$C$2:$J$142,8,FALSE),) -> 0 | H92: R-0017-1 | I92: R-0017-1-5 | J92: 1 | K92: 5 | L92: 충청북도 | M92: 음성군 | N92: 원남면 하노리 | O92: 644-5 | P92: 공장용지 | Q92: 1038 | U92: 1 | V92: 1~5 | W92: KRW | X92: 2124000000 | Y92: 2124000000 | Z92: S
B93: =ROW()-10 -> 83 | C93: A | D93: R | E93: R-0017 | F93: (주)에**** | G93: =IFERROR(VLOOKUP(E93,Assign!$C$2:$J$142,8,FALSE),) -> 0 | H93: R-0017-1 | I93: R-0017-1-6 | J93: 1 | K93: 6 | L93: 충청북도 | M93: 음성군 | N93: 원남면 하노리 | O93: 645-2 | P93: 공장용지 | Q93: 715 | U93: 1 | V93: 1~5 | W93: KRW | X93: 2124000000 | Y93: 2124000000 | Z93: S
B94: =ROW()-10 -> 84 | C94: A | D94: R | E94: R-0017 | F94: (주)에**** | G94: =IFERROR(VLOOKUP(E94,Assign!$C$2:$J$142,8,FALSE),) -> 0 | H94: R-0017-1 | I94: R-0017-1-7 | J94: 1 | K94: 7 | L94: 충청북도 | M94: 음성군 | N94: 원남면 하노리 | O94: 782-74 | P94: 공장용지 | Q94: 1461 | U94: 1 | V94: 1~5 | W94: KRW | X94: 2124000000 | Y94: 2124000000 | Z94: S
B95: =ROW()-10 -> 85 | C95: A | D95: R | E95: R-0017 | F95: (주)에**** | G95: =IFERROR(VLOOKUP(E95,Assign!$C$2:$J$142,8,FALSE),) -> 0 | H95: R-0017-1 | I95: R-0017-1-8 | J95: 1 | K95: 8 | L95: 충청북도 | M95: 음성군 | N95: 원남면 하노리 | O95: 782-115 | P95: 공장용지 | Q95: 236 | U95: 1 | V95: 1~5 | W95: KRW | X95: 2124000000 | Y95: 2124000000 | Z95: S
B96: =ROW()-10 -> 86 | C96: A | D96: R | E96: R-0017 | F96: (주)에**** | G96: =IFERROR(VLOOKUP(E96,Assign!$C$2:$J$142,8,FALSE),) -> 0 | H96: R-0017-1 | I96: R-0017-1-9 | J96: 1 | K96: 9 | L96: 충청북도 | M96: 음성군 | N96: 원남면 하당리 | O96: 596-60 | P96: 공장용지 | Q96: 514 | U96: 1 | V96: 1~5 | W96: KRW | X96: 2124000000 | Y96: 2124000000 | Z96: S
B97: =ROW()-10 -> 87 | C97: A | D97: R | E97: R-0017 | F97: (주)에**** | G97: =IFERROR(VLOOKUP(E97,Assign!$C$2:$J$142,8,FALSE),) -> 0 | H97: R-0017-1 | I97: R-0017-1-10 | J97: 1 | K97: 10 | L97: 충청북도 | M97: 음성군 | N97: 원남면 하노리 | O97: 782-75 | P97: 하천 | Q97: 101 | U97: =17/101 -> 0.16831683 | V97: 1~5 | W97: KRW | X97: 2124000000 | Y97: 2124000000 | Z97: S
B98: =ROW()-10 -> 88 | C98: A | D98: R | E98: R-0017 | F98: (주)에**** | G98: =IFERROR(VLOOKUP(E98,Assign!$C$2:$J$142,8,FALSE),) -> 0 | H98: R-0017-1 | I98: R-0017-1-11 | J98: 1 | K98: 11 | L98: 충청북도 | M98: 음성군 | N98: 원남면 하당리 | O98: 596-59 | P98: 하천 | Q98: 999 | U98: =170/1020 -> 0.16666667 | V98: 1~5 | W98: KRW | X98: 2124000000 | Y98: 2124000000 | Z98: S
B99: =ROW()-10 -> 89 | C99: A | D99: R | E99: R-0017 | F99: (주)에**** | G99: =IFERROR(VLOOKUP(E99,Assign!$C$2:$J$142,8,FALSE),) -> 0 | H99: R-0017-2 | I99: R-0017-2-1 | J99: 2 | K99: 1 | L99: 충청북도 | M99: 음성군 | N99: 원남면 하당리 | O99: 596-62 | P99: 하천 | Q99: 168 | U99: 1 | V99: 1~4 | W99: KRW | X99: 1944000000 | Y99: 1944000000 | Z99: S
B100: =ROW()-10 -> 90 | C100: A | D100: R | E100: R-0017 | F100: (주)에**** | G100: =IFERROR(VLOOKUP(E100,Assign!$C$2:$J$142,8,FALSE),) -> 0 | H100: R-0017-3 | I100: R-0017-3-1 | J100: 3 | K100: 1 | L100: 충청북도 | M100: 음성군 | N100: 원남면 하노리 | O100: 782-126 | P100: 하천 | Q100: 90 | U100: 1 | V100: 1~2 | W100: KRW | X100: 1200000000 | Y100: 1200000000 | Z100: S
B101: =ROW()-10 -> 91 | C101: A | D101: R | E101: R-0017 | F101: (주)에**** | G101: =IFERROR(VLOOKUP(E101,Assign!$C$2:$J$142,8,FALSE),) -> 0 | H101: R-0017-4 | I101: R-0017-4-1 | J101: 4 | K101: 1 | L101: 충청북도 | M101: 음성군 | N101: 원남면 하노리 | O101: 644-5외 4필지 제마동호 | P101: 단층 공장(창고) | R101: 60 | U101: 1 | V101: 1~2 | W101: KRW | X101: 420000000 | Y101: 420000000 | Z101: S
B102: =ROW()-10 -> 92 | C102: A | D102: R | E102: R-0018 | F102: 윤** | G102: =IFERROR(VLOOKUP(E102,Assign!$C$2:$J$142,8,FALSE),) -> 문선영 | H102: R-0018-1 | I102: R-0018-1-1 | J102: 1 | K102: 1 | L102: 경기도 | M102: 고양시 덕양구 | N102: 원흥동 | O102: 635 삼송2차원흥역동원로얄듀크비스타 제202동 제1층 제115호 | P102: 3층 판매시설 | Q102: 10886.9 | R102: 42.7798 | T102: =13.5131/10886.9 -> 0.0012412257 | U102: 1 | V102: 1 | W102: KRW | X102: 996000000 | Y102: 996000000 | Z102: S
B103: =ROW()-10 -> 93 | C103: A | D103: R | E103: R-0018 | F103: 윤** | G103: =IFERROR(VLOOKUP(E103,Assign!$C$2:$J$142,8,FALSE),) -> 문선영 | H103: R-0018-2 | I103: R-0018-2-1 | J103: 2 | K103: 1 | L103: 경기도 | M103: 고양시 덕양구 | N103: 원흥동 | O103: 635 삼송2차원흥역동원로얄듀크비스타 제202동 제1층 제116호 | P103: 3층 판매시설 | Q103: 10886.9 | R103: 40.3723 | T103: =12.7526/10886.9 -> 0.0011713711 | U103: 1 | V103: 1 | W103: KRW | X103: 972000000 | Y103: 972000000 | Z103: S
B104: =ROW()-10 -> 94 | C104: A | D104: R | E104: R-0019 | F104: 정** | G104: =IFERROR(VLOOKUP(E104,Assign!$C$2:$J$142,8,FALSE),) -> 0 | H104: R-0019-1 | I104: R-0019-1-1 | J104: 1 | K104: 1 | L104: 경기도 | M104: 파주시 | N104: 광탄면 용미리 | O104: 341 | P104: 지하1층, 지상3층 제1,2종근린생활시설 | R104: =19.62+229.92+156.8+56.22+44.41+270.7+167.4+45.38+152.89+24.45 -> 1167.79 | U104: 1 | V104: 1 | W104: KRW | X104: 1980000000 | Y104: 1980000000 | Z104: S
...

Sheet 3-2.설정순위
A2: =Description!A2 -> SHB 2025-8 Program
A4: Regular / Special Assets
A6: 3-2. 설정 순위 | V6: (단위 : 원)
B8: Borrower Identification Information | H8: Basic Property Information | V8: Description
B9: ="Field "&COLUMN()-1 -> Field 1 | C9: ="Field "&COLUMN()-1 -> Field 2 | D9: ="Field "&COLUMN()-1 -> Field 3 | E9: ="Field "&(COLUMN()-COUNTIF($B$9:D9,"")-1) -> Field 4 | F9: ="Field "&(COLUMN()-COUNTIF($B$9:E9,"")-1) -> Field 5 | H9: ="Field "&(COLUMN()-COUNTIF($B$9:F9,"")-1) -> Field 7 | I9: ="Field "&(COLUMN()-COUNTIF($B$9:H9,"")-1) -> Field 7 | J9: ="Field "&(COLUMN()-COUNTIF($B$9:I9,"")-1) -> Field 8 | K9: ="Field "&(COLUMN()-COUNTIF($B$9:J9,"")-1) -> Field 9 | L9: ="Field "&(COLUMN()-COUNTIF($B$9:K9,"")-1) -> Field 10 | M9: ="Field "&(COLUMN()-COUNTIF($B$9:L9,"")-1) -> Field 11 | N9: ="Field "&(COLUMN()-COUNTIF($B$9:M9,"")-1) -> Field 12 | O9: ="Field "&(COLUMN()-COUNTIF($B$9:N9,"")-1) -> Field 13 | P9: ="Field "&(COLUMN()-COUNTIF($B$9:O9,"")-1) -> Field 14 | ... V9: ="Field "&(COLUMN()-COUNTIF($B$9:U9,"")-1) -> Field 20
B10: 일련번호 | C10: Pool | D10: 채권구분 | E10: 차주일련번호 | F10: 차주명 | G10: Assign | H10: 물건번호 | I10: Property 일련번호 | J10: Property 설정순위 | K10: Property 근저당권자 | L10: Property 설정일 | M10: 통화표시 | N10: Property 근저당권설정액 | O10: 환산된 Property 근저당권설정액 | P10: 공장저당법 목록번호 | Q10: Property 공담번호 | R10: 통화표시 | S10: 근저당 일부이전 기관 | T10: 근저당 일부이전일 | U10: 근저당권 일부이전금액 | V10: 비 고
B11: =ROW()-10 -> 1 | C11: A | D11: R | E11: R-0001 | F11: (주)초**** | G11: =IFERROR(VLOOKUP(E11,Assign!$C$2:$J$142,8,FALSE),) -> 0 | H11: R-0001-1 | I11: 1 | J11: 공동1순위 | K11: SHB | L11: 43812 | M11: KRW | N11: 12000000000 | O11: 12000000000
B12: =ROW()-10 -> 2 | C12: A | D12: R | E12: R-0001 | F12: (주)초**** | G12: =IFERROR(VLOOKUP(E12,Assign!$C$2:$J$142,8,FALSE),) -> 0 | H12: R-0001-1 | I12: 1 | J12: 공동1순위 | K12: 국민은행 | L12: 43812 | M12: KRW | N12: 1800000000 | O12: 1800000000
B13: =ROW()-10 -> 3 | C13: A | D13: R | E13: R-0002 | F13: 박** | G13: =IFERROR(VLOOKUP(E13,Assign!$C$2:$J$142,8,FALSE),) -> 0 | H13: R-0002-1 | I13: 1 | J13: 1 | K13: SHB | L13: 43280 | M13: KRW | N13: 8100000000 | O13: 8100000000
B14: =ROW()-10 -> 4 | C14: A | D14: R | E14: R-0003 | F14: 신** | G14: =IFERROR(VLOOKUP(E14,Assign!$C$2:$J$142,8,FALSE),) -> 0 | H14: R-0003-1 | I14: 1 | J14: 1 | K14: SHB | L14: 44966 | M14: KRW | N14: 6658800000 | O14: 6658800000 | Q14: 2
B15: =ROW()-10 -> 5 | C15: A | D15: R | E15: R-0003 | F15: 신** | G15: =IFERROR(VLOOKUP(E15,Assign!$C$2:$J$142,8,FALSE),) -> 0 | H15: R-0003-2 | I15: 2 | J15: 1 | K15: 양주축산업협동조합 | L15: 44769 | M15: KRW | N15: 324000000 | O15: 324000000
B16: =ROW()-10 -> 6 | C16: A | D16: R | E16: R-0003 | F16: 신** | G16: =IFERROR(VLOOKUP(E16,Assign!$C$2:$J$142,8,FALSE),) -> 0 | H16: R-0003-2 | I16: 2 | J16: 2 | K16: SHB | L16: 44966 | M16: KRW | N16: 6658800000 | O16: 6658800000 | Q16: 1
B17: =ROW()-10 -> 7 | C17: A | D17: R | E17: R-0004 | F17: (주)비**** | G17: =IFERROR(VLOOKUP(E17,Assign!$C$2:$J$142,8,FALSE),) -> 0 | H17: R-0004-1 | I17: 1 | J17: 1 | K17: SHB | L17: 45092 | M17: KRW | N17: 840000000 | O17: 840000000 | P17: 제6조 목록 제2024-204호/제6조 목록 제2024-207호
B18: =ROW()-10 -> 8 | C18: A | D18: R | E18: R-0004 | F18: (주)비**** | G18: =IFERROR(VLOOKUP(E18,Assign!$C$2:$J$142,8,FALSE),) -> 0 | H18: R-0004-1 | I18: 1 | J18: 2 | K18: SHB | L18: 45180 | M18: KRW | N18: 5400000000 | O18: 5400000000 | P18: 제6조 목록 제2024-205호/제6조 목록 제2024-206호
B19: =ROW()-10 -> 9 | C19: A | D19: R | E19: R-0006 | F19: (주)진***** | G19: =IFERROR(VLOOKUP(E19,Assign!$C$2:$J$142,8,FALSE),) -> 0 | H19: R-0006-1 | I19: 1 | J19: 1 | K19: SHB | L19: 45133 | M19: KRW | N19: 2592000000 | O19: 2592000000
B20: =ROW()-10 -> 10 | C20: A | D20: R | E20: R-0006 | F20: (주)진***** | G20: =IFERROR(VLOOKUP(E20,Assign!$C$2:$J$142,8,FALSE),) -> 0 | H20: R-0006-1 | I20: 1 | J20: 2 | K20: SHB | L20: 45134 | M20: KRW | N20: 278400000 | O20: 278400000
B21: =ROW()-10 -> 11 | C21: A | D21: R | E21: R-0006 | F21: (주)진***** | G21: =IFERROR(VLOOKUP(E21,Assign!$C$2:$J$142,8,FALSE),) -> 0 | H21: R-0006-1 | I21: 1 | J21: 3 | K21: SHB | L21: 45134 | M21: KRW | N21: 3840000000 | O21: 3840000000
B22: =ROW()-10 -> 12 | C22: A | D22: R | E22: R-0007 | F22: 주식회사더*** | G22: =IFERROR(VLOOKUP(E22,Assign!$C$2:$J$142,8,FALSE),) -> 0 | H22: R-0007-1 | I22: 1 | J22: 1 | K22: SHB | L22: 45442 | M22: KRW | N22: 5400000000 | O22: 5400000000
B23: =ROW()-10 -> 13 | C23: A | D23: R | E23: R-0009 | F23: (주)미***** | G23: =IFERROR(VLOOKUP(E23,Assign!$C$2:$J$142,8,FALSE),) -> 0 | H23: R-0009-1 | I23: 1 | J23: 1 | K23: SHB | L23: 44841 | M23: KRW | N23: 1700400000 | O23: 1700400000 | P23: 제6조 목록 제2023-22호
B24: =ROW()-10 -> 14 | C24: A | D24: R | E24: R-0009 | F24: (주)미***** | G24: =IFERROR(VLOOKUP(E24,Assign!$C$2:$J$142,8,FALSE),) -> 0 | H24: R-0009-1 | I24: 1 | J24: 2 | K24: SHB | L24: 44841 | M24: KRW | N24: 2352000000 | O24: 2352000000 | P24: 제6조 목록 제2023-22호
B25: =ROW()-10 -> 15 | C25: A | D25: R | E25: R-0009 | F25: (주)미***** | G25: =IFERROR(VLOOKUP(E25,Assign!$C$2:$J$142,8,FALSE),) -> 0 | H25: R-0009-1 | I25: 1 | J25: 3 | K25: SHB | L25: 45163 | M25: KRW | N25: 643200000 | O25: 643200000 | P25: 제6조 목록 제2024-20호
B26: =ROW()-10 -> 16 | C26: A | D26: R | E26: R-0009 | F26: (주)미***** | G26: =IFERROR(VLOOKUP(E26,Assign!$C$2:$J$142,8,FALSE),) -> 0 | H26: R-0009-2 | I26: 2 | J26: 1 | K26: 신한은행 | L26: 43882 | M26: KRW | N26: 199650000 | O26: 199650000
B27: =ROW()-10 -> 17 | C27: A | D27: R | E27: R-0009 | F27: (주)미***** | G27: =IFERROR(VLOOKUP(E27,Assign!$C$2:$J$142,8,FALSE),) -> 0 | H27: R-0009-2 | I27: 2 | J27: 2 | K27: 수협은행 | L27: 44634 | M27: KRW | N27: 168000000 | O27: 168000000
B28: =ROW()-10 -> 18 | C28: A | D28: R | E28: R-0009 | F28: (주)미***** | G28: =IFERROR(VLOOKUP(E28,Assign!$C$2:$J$142,8,FALSE),) -> 0 | H28: R-0009-2 | I28: 2 | J28: 3 | K28: SHB | L28: 45447 | M28: KRW | N28: 66000000 | O28: 66000000
B29: =ROW()-10 -> 19 | C29: A | D29: R | E29: R-0010 | F29: 농업회사법인 권***** 주식회사 | G29: =IFERROR(VLOOKUP(E29,Assign!$C$2:$J$142,8,FALSE),) -> 0 | H29: R-0010-1 | I29: 1 | J29: 1 | K29: SHB | L29: 44662 | M29: KRW | N29: 744000000 | O29: 744000000 | Q29: 2
B30: =ROW()-10 -> 20 | C30: A | D30: R | E30: R-0010 | F30: 농업회사법인 권***** 주식회사 | G30: =IFERROR(VLOOKUP(E30,Assign!$C$2:$J$142,8,FALSE),) -> 0 | H30: R-0010-1 | I30: 1 | J30: 2 | K30: SHB | L30: 45061 | M30: KRW | N30: 3600000000 | O30: 3600000000 | Q30: 2
B31: =ROW()-10 -> 21 | C31: A | D31: R | E31: R-0010 | F31: 농업회사법인 권***** 주식회사 | G31: =IFERROR(VLOOKUP(E31,Assign!$C$2:$J$142,8,FALSE),) -> 0 | H31: R-0010-2 | I31: 2 | J31: 1 | K31: SHB | L31: 45544 | M31: KRW | N31: 744000000 | O31: 744000000 | Q31: 1
B32: =ROW()-10 -> 22 | C32: A | D32: R | E32: R-0010 | F32: 농업회사법인 권***** 주식회사 | G32: =IFERROR(VLOOKUP(E32,Assign!$C$2:$J$142,8,FALSE),) -> 0 | H32: R-0010-2 | I32: 2 | J32: 2 | K32: SHB | L32: 45544 | M32: KRW | N32: 3600000000 | O32: 3600000000 | Q32: 1
B33: =ROW()-10 -> 23 | C33: A | D33: R | E33: R-0011 | F33: 심** | G33: =IFERROR(VLOOKUP(E33,Assign!$C$2:$J$142,8,FALSE),) -> 0 | H33: R-0011-1 | I33: 1 | J33: 1 | K33: SHB | L33: 44715 | M33: KRW | N33: 3876000000 | O33: 3876000000 | P33: 제6조 목록 제2022-447호
B34: =ROW()-10 -> 24 | C34: A | D34: R | E34: R-0011 | F34: 심** | G34: =IFERROR(VLOOKUP(E34,Assign!$C$2:$J$142,8,FALSE),) -> 0 | H34: R-0011-1 | I34: 1 | J34: 2 | K34: SHB | L34: 44734 | M34: KRW | N34: 120000000 | O34: 120000000 | P34: 제6조 목록 제2022-478호
B35: =ROW()-10 -> 25 | C35: A | D35: R | E35: R-0012 | F35: 박** | G35: =IFERROR(VLOOKUP(E35,Assign!$C$2:$J$142,8,FALSE),) -> 0 | H35: R-0012-1 | I35: 1 | J35: 1 | K35: SHB | L35: 45042 | M35: KRW | N35: 3960000000 | O35: 3960000000
B36: =ROW()-10 -> 26 | C36: A | D36: R | E36: R-0013 | F36: 오** | G36: =IFERROR(VLOOKUP(E36,Assign!$C$2:$J$142,8,FALSE),) -> 0 | H36: R-0013-1 | I36: 1 | J36: 1 | K36: SHB | L36: 44368 | M36: KRW | N36: 3180000000 | O36: 3180000000
B37: =ROW()-10 -> 27 | C37: A | D37: R | E37: R-0015 | F37: 박** | G37: =IFERROR(VLOOKUP(E37,Assign!$C$2:$J$142,8,FALSE),) -> 0 | H37: R-0015-1 | I37: 1 | J37: 1 | K37: SHB | L37: 39191 | M37: KRW | N37: 1300000000 | O37: 1300000000
B38: =ROW()-10 -> 28 | C38: A | D38: R | E38: R-0015 | F38: 박** | G38: =IFERROR(VLOOKUP(E38,Assign!$C$2:$J$142,8,FALSE),) -> 0 | H38: R-0015-2 | I38: 2 | J38: 1 | K38: SHB | L38: 44540 | M38: KRW | N38: 960000000 | O38: 960000000
B39: =ROW()-10 -> 29 | C39: A | D39: R | E39: R-0016 | F39: 자******* | G39: =IFERROR(VLOOKUP(E39,Assign!$C$2:$J$142,8,FALSE),) -> 0 | H39: R-0016-1 | I39: 1 | J39: 1 | K39: SHB | L39: 44684 | M39: KRW | N39: 2479200000 | O39: 2479200000
B40: =ROW()-10 -> 30 | C40: A | D40: R | E40: R-0017 | F40: (주)에**** | G40: =IFERROR(VLOOKUP(E40,Assign!$C$2:$J$142,8,FALSE),) -> 0 | H40: R-0017-1 | I40: 1 | J40: 1 | K40: SHB | L40: 45624 | M40: KRW | N40: 960000000 | O40: 960000000 | P40: 제6조 목록 제2014-362호 | Q40: 2,3
B41: =ROW()-10 -> 31 | C41: A | D41: R | E41: R-0017 | F41: (주)에**** | G41: =IFERROR(VLOOKUP(E41,Assign!$C$2:$J$142,8,FALSE),) -> 0 | H41: R-0017-1 | I41: 1 | J41: 2 | K41: SHB | L41: 42010 | M41: KRW | N41: 384000000 | O41: 384000000 | P41: 제6조 목록 제2015-3호 | Q41: 2
B42: =ROW()-10 -> 32 | C42: A | D42: R | E42: R-0017 | F42: (주)에**** | G42: =IFERROR(VLOOKUP(E42,Assign!$C$2:$J$142,8,FALSE),) -> 0 | H42: R-0017-1 | I42: 1 | J42: 3 | K42: SHB | L42: 42271 | M42: KRW | N42: 360000000 | O42: 360000000 | P42: 제6조 목록 제2015-368호 | Q42: 2
B43: =ROW()-10 -> 33 | C43: A | D43: R | E43: R-0017 | F43: (주)에**** | G43: =IFERROR(VLOOKUP(E43,Assign!$C$2:$J$142,8,FALSE),) -> 0 | H43: R-0017-1 | I43: 1 | J43: 4 | K43: SHB | L43: 43762 | M43: KRW | N43: 180000000 | O43: 180000000 | P43: 제6조 목록 제2019-330호 | Q43: 4
B44: =ROW()-10 -> 34 | C44: A | D44: R | E44: R-0017 | F44: (주)에**** | G44: =IFERROR(VLOOKUP(E44,Assign!$C$2:$J$142,8,FALSE),) -> 0 | H44: R-0017-1 | I44: 1 | J44: 5 | K44: SHB | L44: 44645 | M44: KRW | N44: 240000000 | O44: 240000000 | P44: 제6조 목록 제2022-112호 | Q44: 2,3,4
B45: =ROW()-10 -> 35 | C45: A | D45: R | E45: R-0017 | F45: (주)에**** | G45: =IFERROR(VLOOKUP(E45,Assign!$C$2:$J$142,8,FALSE),) -> 0 | H45: R-0017-2 | I45: 2 | J45: 1 | K45: SHB | L45: 41971 | M45: KRW | N45: 960000000 | O45: 960000000 | P45: 제6조 목록 제2014-362호 | Q45: 1,3
B46: =ROW()-10 -> 36 | C46: A | D46: R | E46: R-0017 | F46: (주)에**** | G46: =IFERROR(VLOOKUP(E46,Assign!$C$2:$J$142,8,FALSE),) -> 0 | H46: R-0017-2 | I46: 2 | J46: 2 | K46: SHB | L46: 42010 | M46: KRW | N46: 384000000 | O46: 384000000 | P46: 제6조 목록 제2015-3호 | Q46: 1
B47: =ROW()-10 -> 37 | C47: A | D47: R | E47: R-0017 | F47: (주)에**** | G47: =IFERROR(VLOOKUP(E47,Assign!$C$2:$J$142,8,FALSE),) -> 0 | H47: R-0017-2 | I47: 2 | J47: 3 | K47: SHB | L47: 42271 | M47: KRW | N47: 360000000 | O47: 360000000 | P47: 제6조 목록 제2015-368호 | Q47: 1
B48: =ROW()-10 -> 38 | C48: A | D48: R | E48: R-0017 | F48: (주)에**** | G48: =IFERROR(VLOOKUP(E48,Assign!$C$2:$J$142,8,FALSE),) -> 0 | H48: R-0017-2 | I48: 2 | J48: 4 | K48: SHB | L48: 44645 | M48: KRW | N48: 240000000 | O48: 240000000 | P48: 제6조 목록 제2022-112호 | Q48: 1,3,4
B49: =ROW()-10 -> 39 | C49: A | D49: R | E49: R-0017 | F49: (주)에**** | G49: =IFERROR(VLOOKUP(E49,Assign!$C$2:$J$142,8,FALSE),) -> 0 | H49: R-0017-3 | I49: 3 | J49: 1 | K49: SHB | L49: 41971 | M49: KRW | N49: 960000000 | O49: 960000000 | P49: 제6조 목록 제2014-362호 | Q49: 1,2
B50: =ROW()-10 -> 40 | C50: A | D50: R | E50: R-0017 | F50: (주)에**** | G50: =IFERROR(VLOOKUP(E50,Assign!$C$2:$J$142,8,FALSE),) -> 0 | H50: R-0017-3 | I50: 3 | J50: 2 | K50: SHB | L50: 44645 | M50: KRW | N50: 240000000 | O50: 240000000 | P50: 제6조 목록 제2022-112호 | Q50: 1,2,4
B51: =ROW()-10 -> 41 | C51: A | D51: R | E51: R-0017 | F51: (주)에**** | G51: =IFERROR(VLOOKUP(E51,Assign!$C$2:$J$142,8,FALSE),) -> 0 | H51: R-0017-4 | I51: 4 | J51: 1 | K51: SHB | L51: 43762 | M51: KRW | N51: 180000000 | O51: 180000000 | P51: 제6조 목록 제2019-330호 | Q51: 1
B52: =ROW()-10 -> 42 | C52: A | D52: R | E52: R-0017 | F52: (주)에**** | G52: =IFERROR(VLOOKUP(E52,Assign!$C$2:$J$142,8,FALSE),) -> 0 | H52: R-0017-4 | I52: 4 | J52: 2 | K52: SHB | L52: 44645 | M52: KRW | N52: 240000000 | O52: 240000000 | P52: 제6조 목록 제2022-112호 | Q52: 1,2,3
B53: =ROW()-10 -> 43 | C53: A | D53: R | E53: R-0018 | F53: 윤** | G53: =IFERROR(VLOOKUP(E53,Assign!$C$2:$J$142,8,FALSE),) -> 문선영 | H53: R-0018-1 | I53: 1 | J53: 1 | K53: SHB | L53: 45177 | M53: KRW | N53: 996000000 | O53: 996000000
B54: =ROW()-10 -> 44 | C54: A | D54: R | E54: R-0018 | F54: 윤** | G54: =IFERROR(VLOOKUP(E54,Assign!$C$2:$J$142,8,FALSE),) -> 문선영 | H54: R-0018-2 | I54: 2 | J54: 1 | K54: SHB | L54: 45230 | M54: KRW | N54: 972000000 | O54: 972000000
B55: =ROW()-10 -> 45 | C55: A | D55: R | E55: R-0019 | F55: 정** | G55: =IFERROR(VLOOKUP(E55,Assign!$C$2:$J$142,8,FALSE),) -> 0 | H55: R-0019-1 | I55: 1 | J55: 1 | K55: SHB | L55: 44903 | M55: KRW | N55: 1980000000 | O55: 1980000000
B56: =ROW()-10 -> 46 | C56: A | D56: R | E56: R-0020 | F56: (주)케******* | G56: =IFERROR(VLOOKUP(E56,Assign!$C$2:$J$142,8,FALSE),) -> 문선영 | H56: R-0020-1 | I56: 1 | J56: 1 | K56: SHB | L56: 44482 | M56: KRW | N56: 1824000000 | O56: 1824000000
B57: =ROW()-10 -> 47 | C57: A | D57: R | E57: R-0021 | F57: 백** | G57: =IFERROR(VLOOKUP(E57,Assign!$C$2:$J$142,8,FALSE),) -> 0 | H57: R-0021-1 | I57: 1 | J57: 1 | K57: SHB | L57: 41424 | M57: KRW | N57: 1620000000 | O57: 1620000000
B58: =ROW()-10 -> 48 | C58: A | D58: R | E58: R-0021 | F58: 백** | G58: =IFERROR(VLOOKUP(E58,Assign!$C$2:$J$142,8,FALSE),) -> 0 | H58: R-0021-1 | I58: 1 | J58: 2 | K58: SHB | L58: 42167 | M58: KRW | N58: 240000000 | O58: 240000000
B59: =ROW()-10 -> 49 | C59: A | D59: R | E59: R-0022 | F59: 주식회사 서***** | G59: =IFERROR(VLOOKUP(E59,Assign!$C$2:$J$142,8,FALSE),) -> 0 | H59: R-0022-1 | I59: 1 | J59: 1 | K59: SHB | L59: 45289 | M59: KRW | N59: 1308000000 | O59: 1308000000
B60: =ROW()-10 -> 50 | C60: A | D60: R | E60: R-0023 | F60: 임** | G60: =IFERROR(VLOOKUP(E60,Assign!$C$2:$J$142,8,FALSE),) -> 문선영 | H60: R-0023-1 | I60: 1 | J60: 1 | K60: SHB | L60: 43200 | M60: KRW | N60: 504000000 | O60: 504000000
B61: =ROW()-10 -> 51 | C61: A | D61: R | E61: R-0023 | F61: 임** | G61: =IFERROR(VLOOKUP(E61,Assign!$C$2:$J$142,8,FALSE),) -> 문선영 | H61: R-0023-1 | I61: 1 | J61: 2 | K61: SHB | L61: 43402 | M61: KRW | N61: 120000000 | O61: 120000000
B62: =ROW()-10 -> 52 | C62: A | D62: R | E62: R-0023 | F62: 임** | G62: =IFERROR(VLOOKUP(E62,Assign!$C$2:$J$142,8,FALSE),) -> 문선영 | H62: R-0023-1 | I62: 1 | J62: 3 | K62: SHB | L62: 43738 | M62: KRW | N62: 180000000 | O62: 180000000
B63: =ROW()-10 -> 53 | C63: A | D63: R | E63: R-0023 | F63: 임** | G63: =IFERROR(VLOOKUP(E63,Assign!$C$2:$J$142,8,FALSE),) -> 문선영 | H63: R-0023-1 | I63: 1 | J63: 4 | K63: SHB | L63: 43908 | M63: KRW | N63: 120000000 | O63: 120000000
B64: =ROW()-10 -> 54 | C64: A | D64: R | E64: R-0023 | F64: 임** | G64: =IFERROR(VLOOKUP(E64,Assign!$C$2:$J$142,8,FALSE),) -> 문선영 | H64: R-0023-2 | I64: 2 | J64: 1 | K64: SHB | L64: 43530 | M64: KRW | N64: 704400000 | O64: 704400000
... B73: =ROW()-10 -> 63 | C73: A | D73: R | E73: R-0027 | F73: 이** | G73: =IFERROR(VLOOKUP(E73,Assign!$C$2:$J$142,8,FALSE),) -> 0 | H73: R-0027-1 | I73: 1 | J73: 2 | K73: SHB | L73: 42650 | M73: KRW | N73: 120000000 | O73: 120000000
B74: =ROW()-10 -> 64 | C74: A | D74: R | E74: R-0027 | F74: 이** | G74: =IFERROR(VLOOKUP(E74,Assign!$C$2:$J$142,8,FALSE),) -> 0 | H74: R-0027-1 | I74: 1 | J74: 3 | K74: SHB | L74: 42972 | M74: KRW | N74: 120000000 | O74: 120000000 | Q74: 2
B75: =ROW()-10 -> 65 | C75: A | D75: R | E75: R-0027 | F75: 이** | G75: =IFERROR(VLOOKUP(E75,Assign!$C$2:$J$142,8,FALSE),) -> 0 | H75: R-0027-1 | I75: 1 | J75: 4 | K75: SHB | L75: 43670 | M75: KRW | N75: 120000000 | O75: 120000000 | Q75: 2
B76: =ROW()-10 -> 66 | C76: A | D76: R | E76: R-0027 | F76: 이** | G76: =IFERROR(VLOOKUP(E76,Assign!$C$2:$J$142,8,FALSE),) -> 0 | H76: R-0027-2 | I76: 2 | J76: 1 | K76: SHB | L76: 41050 | M76: KRW | N76: 226200000 | O76: 226200000
B77: =ROW()-10 -> 67 | C77: A | D77: R | E77: R-0027 | F77: 이** | G77: =IFERROR(VLOOKUP(E77,Assign!$C$2:$J$142,8,FALSE),) -> 0 | H77: R-0027-2 | I77: 2 | J77: 2 | K77: SHB | L77: 42972 | M77: KRW | N77: 120000000 | O77: 120000000 | Q77: 1
B78: =ROW()-10 -> 68 | C78: A | D78: R | E78: R-0027 | F78: 이** | G78: =IFERROR(VLOOKUP(E78,Assign!$C$2:$J$142,8,FALSE),) -> 0 | H78: R-0027-2 | I78: 2 | J78: 3 | K78: SHB | L78: 43670 | M78: KRW | N78: 120000000 | O78: 120000000 | Q78: 1
B79: =ROW()-10 -> 69 | C79: A | D79: R | E79: R-0028 | F79: 조** | G79: =IFERROR(VLOOKUP(E79,Assign!$C$2:$J$142,8,FALSE),) -> 문선영 | H79: R-0028-1 | I79: 1 | J79: 1 | K79: SHB | L79: 39962 | M79: KRW | N79: 1200000000 | O79: 1200000000
B80: =ROW()-10 -> 70 | C80: A | D80: R | E80: R-0029 | F80: (주)국***** | G80: =IFERROR(VLOOKUP(E80,Assign!$C$2:$J$142,8,FALSE),) -> 문선영 | H80: R-0029-1 | I80: 1 | J80: 1 | K80: SHB | L80: 40632 | M80: KRW | N80: 455000000 | O80: 455000000
B81: =ROW()-10 -> 71 | C81: A | D81: R | E81: R-0029 | F81: (주)국***** | G81: =IFERROR(VLOOKUP(E81,Assign!$C$2:$J$142,8,FALSE),) -> 문선영 | H81: R-0029-1 | I81: 1 | J81: 2 | K81: SHB | L81: 42179 | M81: KRW | N81: 325000000 | O81: 325000000
B82: =ROW()-10 -> 72 | C82: A | D82: R | E82: R-0030 | F82: 우** | G82: =IFERROR(VLOOKUP(E82,Assign!$C$2:$J$142,8,FALSE),) -> 0 | H82: R-0030-1 | I82: 1 | J82: 1 | K82: SHB | L82: 44774 | M82: KRW | N82: 550000000 | O82: 550000000
B83: =ROW()-10 -> 73 | C83: A | D83: R | E83: R-0030 | F83: 우** | G83: =IFERROR(VLOOKUP(E83,Assign!$C$2:$J$142,8,FALSE),) -> 0 | H83: R-0030-1 | I83: 1 | J83: 2 | K83: SHB | L83: 44805 | M83: KRW | N83: 600000000 | O83: 600000000
B84: =ROW()-10 -> 74 | C84: A | D84: R | E84: R-0031 | F84: (주)올*** | G84: =IFERROR(VLOOKUP(E84,Assign!$C$2:$J$142,8,FALSE),) -> 0 | H84: R-0031-1 | I84: 1 | J84: 1 | K84: SHB | L84: 43462 | M84: KRW | N84: 732000000 | O84: 732000000 | P84: 제6조 목록 제2018-181호
B85: =ROW()-10 -> 75 | C85: A | D85: R | E85: R-0032 | F85: 김** | G85: =IFERROR(VLOOKUP(E85,Assign!$C$2:$J$142,8,FALSE),) -> 0 | H85: R-0032-1 | I85: 1 | J85: 1 | K85: SHB | L85: 44663 | M85: KRW | N85: 851000000 | O85: 851000000
B86: =ROW()-10 -> 76 | C86: A | D86: R | E86: R-0032 | F86: 김** | G86: =IFERROR(VLOOKUP(E86,Assign!$C$2:$J$142,8,FALSE),) -> 0 | H86: R-0032-2 | I86: 2 | J86: 1 | K86: SHB | L86: 44663 | M86: KRW | N86: 229000000 | O86: 229000000
B87: =ROW()-10 -> 77 | C87: A | D87: R | E87: R-0033 | F87: 이** | G87: =IFERROR(VLOOKUP(E87,Assign!$C$2:$J$142,8,FALSE),) -> 0 | H87: R-0033-1 | I87: 1 | J87: 1 | K87: SHB | L87: 44530 | M87: KRW | N87: 420000000 | O87: 420000000
B88: =ROW()-10 -> 78 | C88: A | D88: R | E88: R-0033 | F88: 이** | G88: =IFERROR(VLOOKUP(E88,Assign!$C$2:$J$142,8,FALSE),) -> 0 | H88: R-0033-1 | I88: 1 | J88: 2 | K88: SHB | L88: 44624 | M88: KRW | N88: 180000000 | O88: 180000000 | Q88: 2
B89: =ROW()-10 -> 79 | C89: A | D89: R | E89: R-0033 | F89: 이** | G89: =IFERROR(VLOOKUP(E89,Assign!$C$2:$J$142,8,FALSE),) -> 0 | H89: R-0033-1 | I89: 1 | J89: 3 | K89: SHB | L89: 44965 | M89: KRW | N89: 108000000 | O89: 108000000 | Q89: 2
B90: =ROW()-10 -> 80 | C90: A | D90: R | E90: R-0033 | F90: 이** | G90: =IFERROR(VLOOKUP(E90,Assign!$C$2:$J$142,8,FALSE),) -> 0 | H90: R-0033-2 | I90: 2 | J90: 1 | K90: SHB | L90: 44398 | M90: KRW | N90: 304200000 | O90: 304200000
B91: =ROW()-10 -> 81 | C91: A | D91: R | E91: R-0033 | F91: 이** | G91: =IFERROR(VLOOKUP(E91,Assign!$C$2:$J$142,8,FALSE),) -> 0 | H91: R-0033-2 | I91: 2 | J91: 2 | K91: SHB | L91: 44540 | M91: KRW | N91: 77400000 | O91: 77400000
B92: =ROW()-10 -> 82 | C92: A | D92: R | E92: R-0033 | F92: 이** | G92: =IFERROR(VLOOKUP(E92,Assign!$C$2:$J$142,8,FALSE),) -> 0 | H92: R-0033-2 | I92: 2 | J92: 3 | K92: SHB | L92: 44624 | M92: KRW | N92: 180000000 | O92: 180000000 | Q92: 1
B93: =ROW()-10 -> 83 | C93: A | D93: R | E93: R-0033 | F93: 이** | G93: =IFERROR(VLOOKUP(E93,Assign!$C$2:$J$142,8,FALSE),) -> 0 | H93: R-0033-2 | I93: 2 | J93: 4 | K93: SHB | L93: 44965 | M93: KRW | N93: 108000000 | O93: 108000000 | Q93: 1
B94: =ROW()-10 -> 84 | C94: A | D94: R | E94: R-0034 | F94: 조** | G94: =IFERROR(VLOOKUP(E94,Assign!$C$2:$J$142,8,FALSE),) -> 0 | H94: R-0034-1 | I94: 1 | J94: 1 | K94: SHB | L94: 45393 | M94: KRW | N94: 1056000000 | O94: 1056000000
B95: =ROW()-10 -> 85 | C95: A | D95: R | E95: R-0035 | F95: 박** | G95: =IFERROR(VLOOKUP(E95,Assign!$C$2:$J$142,8,FALSE),) -> 0 | H95: R-0035-1 | I95: 1 | J95: 1 | K95: 서울축산업협동조합 | L95: 42760 | M95: KRW | N95: 1200000000 | O95: 1200000000 | P95: 제6조 목록 제2017-29호
B96: =ROW()-10 -> 86 | C96: A | D96: R | E96: R-0035 | F96: 박** | G96: =IFERROR(VLOOKUP(E96,Assign!$C$2:$J$142,8,FALSE),) -> 0 | H96: R-0035-1 | I96: 1 | J96: 2 | K96: SHB | L96: 42760 | M96: KRW | N96: 120000000 | O96: 120000000
B97: =ROW()-10 -> 87 | C97: A | D97: R | E97: R-0035 | F97: 박** | G97: =IFERROR(VLOOKUP(E97,Assign!$C$2:$J$142,8,FALSE),) -> 0 | H97: R-0035-2 | I97: 2 | J97: 1 | K97: SHB | L97: 41879 | M97: KRW | N97: 913000000 | O97: 913000000
B98: =ROW()-10 -> 88 | C98: A | D98: R | E98: R-0036 | F98: 정** | G98: =IFERROR(VLOOKUP(E98,Assign!$C$2:$J$142,8,FALSE),) -> 0 | H98: R-0036-1 | I98: 1 | J98: 1 | K98: SHB | L98: 42915 | M98: KRW | N98: 480000000 | O98: 480000000
B99: =ROW()-10 -> 89 | C99: A | D99: R | E99: R-0036 | F99: 정** | G99: =IFERROR(VLOOKUP(E99,Assign!$C$2:$J$142,8,FALSE),) -> 0 | H99: R-0036-1 | I99: 1 | J99: 2 | K99: SHB | L99: 42936 | M99: KRW | N99: 576000000 | O99: 576000000
B100: =ROW()-10 -> 90 | C100: A | D100: R | E100: R-0037 | F100: (주)뮤*** | G100: =IFERROR(VLOOKUP(E100,Assign!$C$2:$J$142,8,FALSE),) -> 0 | H100: R-0037-1 | I100: 1 | J100: 1 | K100: 신한은행 | L100: 37580 | M100: KRW | N100: 60000000 | O100: 60000000
B101: =ROW()-10 -> 91 | C101: A | D101: R | E101: R-0037 | F101: (주)뮤*** | G101: =IFERROR(VLOOKUP(E101,Assign!$C$2:$J$142,8,FALSE),) -> 0 | H101: R-0037-1 | I101: 1 | J101: 2 | K101: SHB | L101: 43774 | M101: KRW | N101: 332000000 | O101: 332000000
B102: =ROW()-10 -> 92 | C102: A | D102: R | E102: R-0037 | F102: (주)뮤*** | G102: =IFERROR(VLOOKUP(E102,Assign!$C$2:$J$142,8,FALSE),) -> 0 | H102: R-0037-1 | I102: 1 | J102: 3 | K102: SHB | L102: 44382 | M102: KRW | N102: 148000000 | O102: 148000000
B103: =ROW()-10 -> 93 | C103: A | D103: R | E103: R-0037 | F103: (주)뮤*** | G103: =IFERROR(VLOOKUP(E103,Assign!$C$2:$J$142,8,FALSE),) -> 0 | H103: R-0037-2 | I103: 2 | J103: 1 | K103: SHB | L103: 43774 | M103: KRW | N103: 255000000 | O103: 255000000
B104: =ROW()-10 -> 94 | C104: A | D104: R | E104: R-0037 | F104: (주)뮤*** | G104: =IFERROR(VLOOKUP(E104,Assign!$C$2:$J$142,8,FALSE),) -> 0 | H104: R-0037-2 | I104: 2 | J104: 2 | K104: SHB | L104: 44382 | M104: KRW | N104: 225000000 | O104: 225000000
B105: =ROW()-10 -> 95 | C105: A | D105: R | E105: R-0038 | F105: 김** | G105: =IFERROR(VLOOKUP(E105,Assign!$C$2:$J$142,8,FALSE),) -> 0 | H105: R-0038-1 | I105: 1 | J105: 1 | K105: SHB | L105: 42377 | M105: KRW | N105: 960000000 | O105: 960000000
B106: =ROW()-10 -> 96 | C106: A | D106: R | E106: R-0039 | F106: 최** | G106: =IFERROR(VLOOKUP(E106,Assign!$C$2:$J$142,8,FALSE),) -> 0 | H106: R-0039-1 | I106: 1 | J106: 1 | K106: SHB | L106: 41163 | M106: KRW | N106: 650000000 | O106: 650000000
B107: =ROW()-10 -> 97 | C107: A | D107: R | E107: R-0039 | F107: 최** | G107: =IFERROR(VLOOKUP(E107,Assign!$C$2:$J$142,8,FALSE),) -> 0 | H107: R-0039-1 | I107: 1 | J107: 2 | K107: SHB | L107: 41591 | M107: KRW | N107: 10000000 | O107: 10000000
B108: =ROW()-10 -> 98 | C108: A | D108: R | E108: R-0039 | F108: 최** | G108: =IFERROR(VLOOKUP(E108,Assign!$C$2:$J$142,8,FALSE),) -> 0 | H108: R-0039-1 | I108: 1 | J108: 3 | K108: SHB | L108: 44078 | M108: KRW | N108: 60000000 | O108: 60000000 | R108: KRW | S108: 신용보증기금 | T108: 45628 | U108: 15000000
B109: =ROW()-10 -> 99 | C109: A | D109: R | E109: R-0040 | F109: 강** | G109: =IFERROR(VLOOKUP(E109,Assign!$C$2:$J$142,8,FALSE),) -> 0 | H109: R-0040-1 | I109: 1 | J109: 1 | K109: SHB | L109: 44911 | M109: KRW | N109: 780000000 | O109: 780000000
B110: =ROW()-10 -> 100 | C110: A | D110: R | E110: R-0041 | F110: 우** | G110: =IFERROR(VLOOKUP(E110,Assign!$C$2:$J$142,8,FALSE),) -> 0 | H110: R-0041-1 | I110: 1 | J110: 1 | K110: SHB | L110: 45351 | M110: KRW | N110: 720000000 | O110: 720000000
B111: =ROW()-10 -> 101 | C111: A | D111: R | E111: R-0042 | F111: 임** | G111: =IFERROR(VLOOKUP(E111,Assign!$C$2:$J$142,8,FALSE),) -> 0 | H111: R-0042-1 | I111: 1 | J111: 1 | K111: SHB | L111: 45401 | M111: KRW | N111: 756000000 | O111: 756000000
B112: =ROW()-10 -> 102 | C112: A | D112: R | E112: R-0043 | F112: 주식회사퀴****** | G112: =IFERROR(VLOOKUP(E112,Assign!$C$2:$J$142,8,FALSE),) -> 0 | H112: R-0043-1 | I112: 1 | J112: 1 | K112: SHB | L112: 44414 | M112: KRW | N112: 960000000 | O112: 960000000
...

Sheet 4.회생차주 추가정보
A2: =Description!A2 -> SHB 2025-8 Program
A4: Regular / Special Assets
A6: 4. 회생차주 추가정보 (Special Borrower Additional Information) | AT6: (단위 : 원)
B8: Borrower Identification Information | N8: General Understanding of the Subject Company | T8: Date of Critical Events | Y8: Financial Information of the Subject Company | AG8: Summary of the SHB Loans under Rehabilitation Plan | AT8: Description
B9: ="Field "&COLUMN()-1 -> Field 1 | C9: ="Field "&COLUMN()-1 -> Field 2 | D9: ="Field "&COLUMN()-1 -> Field 3 | E9: ="Field "&(COLUMN()-COUNTIF($B$9:D9,"")-1) -> Field 4 | F9: ="Field "&(COLUMN()-COUNTIF($B$9:E9,"")-1) -> Field 5 | H9: ="Field "&(COLUMN()-COUNTIF($B$9:F9,"")-1) -> Field 7 | I9: ="Field "&(COLUMN()-COUNTIF($B$9:H9,"")-1) -> Field 7 | J9: ="Field "&(COLUMN()-COUNTIF($B$9:H9,"")-1) -> Field 8 | K9: ="Field "&(COLUMN()-COUNTIF($B$9:I9,"")-1) -> Field 9 | L9: ="Field "&(COLUMN()-COUNTIF($B$9:J9,"")-1) -> Field 10 | M9: ="Field "&(COLUMN()-COUNTIF($B$9:L9,"")-1) -> Field 11 | N9: ="Field "&(COLUMN()-COUNTIF($B$9:M9,"")-1) -> Field 12 | O9: ="Field "&(COLUMN()-COUNTIF($B$9:N9,"")-1) -> Field 13 | P9: ="Field "&(COLUMN()-COUNTIF($B$9:O9,"")-1) -> Field 14 | Q9: ="Field "&(COLUMN()-COUNTIF($B$9:P9,"")-1) -> Field 15 | R9: ="Field "&(COLUMN()-COUNTIF($B$9:Q9,"")-1) -> Field 16 | S9: ="Field "&(COLUMN()-COUNTIF($B$9:R9,"")-1) -> Field 17 | T9: ="Field "&(COLUMN()-COUNTIF($B$9:S9,"")-1) -> Field 18 | ... AB9: ="Field "&(COLUMN()-COUNTIF($B$9:AA9,"")-1) -> Field 26 | AC9: ="Field "&(COLUMN()-COUNTIF($B$9:AA9,"")-1) -> Field 27 | AD9: ="Field "&(COLUMN()-COUNTIF($B$9:AB9,"")-1) -> Field 28 | AE9: ="Field "&(COLUMN()-COUNTIF($B$9:AD9,"")-1) -> Field 29 | AF9: ="Field "&(COLUMN()-COUNTIF($B$9:AE9,"")-1) -> Field 30 | AG9: ="Field "&(COLUMN()-COUNTIF($B$9:AF9,"")-1) -> Field 31 | AH9: ="Field "&(COLUMN()-COUNTIF($B$9:AG9,"")-1) -> Field 32 | AI9: ="Field "&(COLUMN()-COUNTIF($B$9:AH9,"")-1) -> Field 33 | AJ9: ="Field "&(COLUMN()-COUNTIF($B$9:AI9,"")-1) -> Field 34 | AK9: ="Field "&(COLUMN()-COUNTIF($B$9:AJ9,"")-1) -> Field 35 | AL9: ="Field "&(COLUMN()-COUNTIF($B$9:AK9,"")-1) -> Field 36 | ... AT9: ="Field "&(COLUMN()-COUNTIF($B$9:AS9,"")-1) -> Field 44
B10: 일련번호 | C10: Pool | D10: 채권구분 | E10: 차주일련번호 | F10: 차주명 | G10: Assign | H10: 도산절차 | I10: 차주형태 | J10: 진행상황 | K10: 관련차주 | L10: 관할법원 | M10: 회생사건번호 | N10: 주소 | O10: 업종 | P10: 주요주주 | Q10: 상장/비상장 | R10: 대표이사 | S10: 종업원 수 | T10: 신청일 | U10: 재산보전처분일 | V10: 개시결정일 | W10: 채권신고일 | X10: 인가일/ 폐지(종결)일 | Y10: 재무제표일 | Z10: 감사여부 | AA10: 매출액 (단위 : 백만원) | AB10: 영업이익 (단위 : 백만원) | AC10: 이자비용 (단위 : 백만원) | AD10: 당기순이익 (단위 : 백만원) | AE10: 자산총계 (단위 : 백만원) | AF10: 부채총계 (단위 : 백만원) | AG10: 회생담보권 -원금 | AH10: 회생담보권 -개시전이자 | AI10: 회생채권 -원금 | AJ10: 회생채권 -개시전이자 | AK10: 면제 및 출자전환 -원금 | AL10: 면제 및 출자전환 -개시전이자 | AM10: 기타 -개시후이자 | AN10: 상환금액 -원금 | AO10: 상환금액 -개시전이자 | AP10: 상환금액 -개시후이자 | AQ10: 변제대상 -원금 | AR10: 변제대상 -개시전이자 | AS10: 변제대상 -개시후이자 | AT10: 비고
B11: =ROW()-10 -> 1 | C11: A | D11: S | E11: S-0001 | F11: 양*****(주) | G11: =IFERROR(VLOOKUP(E11,Assign!$C$2:$J$142,8,FALSE),) -> 0 | H11: 기업회생 | I11: 법인 | J11: 회생신청 | L11: 부산회생법원 | M11: 2025회합1018 | N11: 경남 양산시 동면 양산대로 600 | O11: 중고 자동차 판매업 | P11: 박*홍(50.00%), 정*훈(20.00%), 이*승 (15.00%), 이*승(10.00%), 기타(5.00%) | Q11: 비상장 | R11: 박*홍 | S11: 7명(2023년 12월 31일 현재) | T11: 41716 | U11: 45749 | Y11: 45291 | Z11: 여(적정) | AA11: 13484.279 | AB11: 1037.559 | AC11: 191.784 | AD11: 1003.789 | AE11: 27268.226 | AF11: 21569.655
